<?xml version="1.0" encoding="UTF-8"?>
<gpx xmlns:gpxdata="http://www.cluetrust.com/XML/GPXDATA/1/0" xmlns:xsi="http://www.w3.org/2001/XMLSchema-instance" xmlns="http://www.topografix.com/GPX/1/1" version="1.1" creator="http://ridewithgps.com/" xsi:schemaLocation="http://www.topografix.com/GPX/1/1 http://www.topografix.com/GPX/1/1/gpx.xsd http://www.cluetrust.com/XML/GPXDATA/1/0 http://www.cluetrust.com/Schemas/gpxdata10.xsd">
  <metadata>
    <name>ワンイチ時計回り</name>
    <link href="https://ridewithgps.com/routes/56586666">
      <text>ワンイチ時計回り</text>
    </link>
    <time>2026-08-10T12:59:00Z</time>
  </metadata>
  <trk>
    <name>ワンイチ時計回り</name>
    <trkseg>
      <trkpt lat="35.68178" lon="139.76463">
        <ele>5.0</ele>
      </trkpt>
      <trkpt lat="35.68245" lon="139.76486">
        <ele>15.5</ele>
      </trkpt>
      <trkpt lat="35.68247" lon="139.76479">
        <ele>16.4</ele>
      </trkpt>
      <trkpt lat="35.68248" lon="139.7648">
        <ele>16.6</ele>
      </trkpt>
      <trkpt lat="35.68251" lon="139.7648">
        <ele>17.1</ele>
      </trkpt>
      <trkpt lat="35.68251" lon="139.76479">
        <ele>17.2</ele>
      </trkpt>
      <trkpt lat="35.68273" lon="139.76486">
        <ele>20.7</ele>
      </trkpt>
      <trkpt lat="35.68271" lon="139.765">
        <ele>18.7</ele>
      </trkpt>
      <trkpt lat="35.68348" lon="139.76526">
        <ele>19.2</ele>
      </trkpt>
      <trkpt lat="35.68425" lon="139.76552">
        <ele>30.9</ele>
      </trkpt>
      <trkpt lat="35.68459" lon="139.76564">
        <ele>32.0</ele>
      </trkpt>
      <trkpt lat="35.68492" lon="139.76578">
        <ele>32.4</ele>
      </trkpt>
      <trkpt lat="35.68511" lon="139.76585">
        <ele>32.3</ele>
      </trkpt>
      <trkpt lat="35.68594" lon="139.76606">
        <ele>37.0</ele>
      </trkpt>
      <trkpt lat="35.68662" lon="139.76621">
        <ele>33.5</ele>
      </trkpt>
      <trkpt lat="35.68731" lon="139.76636">
        <ele>27.0</ele>
      </trkpt>
      <trkpt lat="35.688" lon="139.76651">
        <ele>27.3</ele>
      </trkpt>
      <trkpt lat="35.68868" lon="139.76666">
        <ele>23.3</ele>
      </trkpt>
      <trkpt lat="35.68905" lon="139.76675">
        <ele>21.2</ele>
      </trkpt>
      <trkpt lat="35.68973" lon="139.76692">
        <ele>17.3</ele>
      </trkpt>
      <trkpt lat="35.69054" lon="139.7671">
        <ele>17.2</ele>
      </trkpt>
      <trkpt lat="35.69135" lon="139.76728">
        <ele>19.6</ele>
      </trkpt>
      <trkpt lat="35.69218" lon="139.76745">
        <ele>23.0</ele>
      </trkpt>
      <trkpt lat="35.69293" lon="139.76746">
        <ele>21.4</ele>
      </trkpt>
      <trkpt lat="35.69368" lon="139.76746">
        <ele>20.0</ele>
      </trkpt>
      <trkpt lat="35.69444" lon="139.76747">
        <ele>20.5</ele>
      </trkpt>
      <trkpt lat="35.69489" lon="139.76748">
        <ele>19.3</ele>
      </trkpt>
      <trkpt lat="35.69535" lon="139.76749">
        <ele>19.0</ele>
      </trkpt>
      <trkpt lat="35.69548" lon="139.76748">
        <ele>19.0</ele>
      </trkpt>
      <trkpt lat="35.69548" lon="139.76748">
        <ele>19.0</ele>
      </trkpt>
      <trkpt lat="35.69584" lon="139.76843">
        <ele>22.0</ele>
      </trkpt>
      <trkpt lat="35.69589" lon="139.76862">
        <ele>21.7</ele>
      </trkpt>
      <trkpt lat="35.6959" lon="139.76886">
        <ele>21.9</ele>
      </trkpt>
      <trkpt lat="35.69587" lon="139.76984">
        <ele>19.5</ele>
      </trkpt>
      <trkpt lat="35.69583" lon="139.77073">
        <ele>20.7</ele>
      </trkpt>
      <trkpt lat="35.69579" lon="139.77161">
        <ele>19.9</ele>
      </trkpt>
      <trkpt lat="35.69575" lon="139.77249">
        <ele>19.4</ele>
      </trkpt>
      <trkpt lat="35.69571" lon="139.77343">
        <ele>22.9</ele>
      </trkpt>
      <trkpt lat="35.69568" lon="139.77437">
        <ele>21.4</ele>
      </trkpt>
      <trkpt lat="35.69568" lon="139.77437">
        <ele>21.4</ele>
      </trkpt>
      <trkpt lat="35.69563" lon="139.77535">
        <ele>20.1</ele>
      </trkpt>
      <trkpt lat="35.69559" lon="139.77633">
        <ele>16.6</ele>
      </trkpt>
      <trkpt lat="35.69554" lon="139.77731">
        <ele>16.8</ele>
      </trkpt>
      <trkpt lat="35.69551" lon="139.77821">
        <ele>20.3</ele>
      </trkpt>
      <trkpt lat="35.69547" lon="139.77912">
        <ele>24.1</ele>
      </trkpt>
      <trkpt lat="35.69543" lon="139.78001">
        <ele>22.0</ele>
      </trkpt>
      <trkpt lat="35.69537" lon="139.78081">
        <ele>18.0</ele>
      </trkpt>
      <trkpt lat="35.69531" lon="139.78161">
        <ele>14.8</ele>
      </trkpt>
      <trkpt lat="35.69522" lon="139.7826">
        <ele>18.7</ele>
      </trkpt>
      <trkpt lat="35.69509" lon="139.78353">
        <ele>15.4</ele>
      </trkpt>
      <trkpt lat="35.69496" lon="139.78446">
        <ele>17.0</ele>
      </trkpt>
      <trkpt lat="35.69486" lon="139.78522">
        <ele>17.2</ele>
      </trkpt>
      <trkpt lat="35.69476" lon="139.78597">
        <ele>16.6</ele>
      </trkpt>
      <trkpt lat="35.69466" lon="139.78672">
        <ele>15.3</ele>
      </trkpt>
      <trkpt lat="35.69454" lon="139.78768">
        <ele>11.6</ele>
      </trkpt>
      <trkpt lat="35.69449" lon="139.78794">
        <ele>11.3</ele>
      </trkpt>
      <trkpt lat="35.69435" lon="139.78887">
        <ele>10.2</ele>
      </trkpt>
      <trkpt lat="35.6942" lon="139.7898">
        <ele>9.2</ele>
      </trkpt>
      <trkpt lat="35.6942" lon="139.78987">
        <ele>9.1</ele>
      </trkpt>
      <trkpt lat="35.69421" lon="139.79012">
        <ele>8.9</ele>
      </trkpt>
      <trkpt lat="35.69422" lon="139.79023">
        <ele>9.7</ele>
      </trkpt>
      <trkpt lat="35.69425" lon="139.79065">
        <ele>12.7</ele>
      </trkpt>
      <trkpt lat="35.69425" lon="139.79065">
        <ele>12.7</ele>
      </trkpt>
      <trkpt lat="35.69428" lon="139.79138">
        <ele>16.4</ele>
      </trkpt>
      <trkpt lat="35.69432" lon="139.79211">
        <ele>19.3</ele>
      </trkpt>
      <trkpt lat="35.69434" lon="139.79268">
        <ele>20.0</ele>
      </trkpt>
      <trkpt lat="35.69436" lon="139.79326">
        <ele>17.6</ele>
      </trkpt>
      <trkpt lat="35.6944" lon="139.7941">
        <ele>15.2</ele>
      </trkpt>
      <trkpt lat="35.69445" lon="139.79494">
        <ele>11.8</ele>
      </trkpt>
      <trkpt lat="35.69449" lon="139.79563">
        <ele>10.5</ele>
      </trkpt>
      <trkpt lat="35.69454" lon="139.79632">
        <ele>12.7</ele>
      </trkpt>
      <trkpt lat="35.69457" lon="139.79705">
        <ele>12.0</ele>
      </trkpt>
      <trkpt lat="35.6946" lon="139.79761">
        <ele>9.1</ele>
      </trkpt>
      <trkpt lat="35.69464" lon="139.79839">
        <ele>9.7</ele>
      </trkpt>
      <trkpt lat="35.69468" lon="139.79917">
        <ele>12.2</ele>
      </trkpt>
      <trkpt lat="35.69473" lon="139.79995">
        <ele>10.8</ele>
      </trkpt>
      <trkpt lat="35.69473" lon="139.79995">
        <ele>10.8</ele>
      </trkpt>
      <trkpt lat="35.69478" lon="139.80094">
        <ele>11.5</ele>
      </trkpt>
      <trkpt lat="35.69483" lon="139.80193">
        <ele>12.2</ele>
      </trkpt>
      <trkpt lat="35.69489" lon="139.80292">
        <ele>10.1</ele>
      </trkpt>
      <trkpt lat="35.69494" lon="139.80391">
        <ele>7.2</ele>
      </trkpt>
      <trkpt lat="35.69494" lon="139.80391">
        <ele>7.2</ele>
      </trkpt>
      <trkpt lat="35.69499" lon="139.80487">
        <ele>8.5</ele>
      </trkpt>
      <trkpt lat="35.69504" lon="139.80584">
        <ele>9.1</ele>
      </trkpt>
      <trkpt lat="35.69504" lon="139.80584">
        <ele>9.1</ele>
      </trkpt>
      <trkpt lat="35.69509" lon="139.8067">
        <ele>11.7</ele>
      </trkpt>
      <trkpt lat="35.69513" lon="139.80724">
        <ele>11.3</ele>
      </trkpt>
      <trkpt lat="35.69517" lon="139.80785">
        <ele>10.1</ele>
      </trkpt>
      <trkpt lat="35.6952" lon="139.80845">
        <ele>9.0</ele>
      </trkpt>
      <trkpt lat="35.69524" lon="139.8087">
        <ele>9.4</ele>
      </trkpt>
      <trkpt lat="35.69528" lon="139.809">
        <ele>9.9</ele>
      </trkpt>
      <trkpt lat="35.69528" lon="139.809">
        <ele>9.9</ele>
      </trkpt>
      <trkpt lat="35.69532" lon="139.80929">
        <ele>10.5</ele>
      </trkpt>
      <trkpt lat="35.69538" lon="139.81031">
        <ele>11.9</ele>
      </trkpt>
      <trkpt lat="35.69545" lon="139.81133">
        <ele>11.4</ele>
      </trkpt>
      <trkpt lat="35.69551" lon="139.81234">
        <ele>14.5</ele>
      </trkpt>
      <trkpt lat="35.69556" lon="139.81316">
        <ele>19.3</ele>
      </trkpt>
      <trkpt lat="35.69561" lon="139.81397">
        <ele>18.2</ele>
      </trkpt>
      <trkpt lat="35.69566" lon="139.81457">
        <ele>16.7</ele>
      </trkpt>
      <trkpt lat="35.69575" lon="139.81513">
        <ele>15.5</ele>
      </trkpt>
      <trkpt lat="35.69578" lon="139.81543">
        <ele>15.1</ele>
      </trkpt>
      <trkpt lat="35.69578" lon="139.81543">
        <ele>15.1</ele>
      </trkpt>
      <trkpt lat="35.6958" lon="139.81584">
        <ele>14.9</ele>
      </trkpt>
      <trkpt lat="35.69583" lon="139.81641">
        <ele>12.2</ele>
      </trkpt>
      <trkpt lat="35.69586" lon="139.81692">
        <ele>10.9</ele>
      </trkpt>
      <trkpt lat="35.69588" lon="139.81708">
        <ele>10.8</ele>
      </trkpt>
      <trkpt lat="35.69594" lon="139.81736">
        <ele>10.6</ele>
      </trkpt>
      <trkpt lat="35.69601" lon="139.81759">
        <ele>10.5</ele>
      </trkpt>
      <trkpt lat="35.69617" lon="139.81805">
        <ele>10.9</ele>
      </trkpt>
      <trkpt lat="35.69624" lon="139.8183">
        <ele>11.4</ele>
      </trkpt>
      <trkpt lat="35.69627" lon="139.81858">
        <ele>10.9</ele>
      </trkpt>
      <trkpt lat="35.69631" lon="139.81924">
        <ele>9.9</ele>
      </trkpt>
      <trkpt lat="35.69633" lon="139.81968">
        <ele>9.2</ele>
      </trkpt>
      <trkpt lat="35.69633" lon="139.8198">
        <ele>9.0</ele>
      </trkpt>
      <trkpt lat="35.69643" lon="139.81979">
        <ele>8.9</ele>
      </trkpt>
      <trkpt lat="35.69645" lon="139.82016">
        <ele>8.8</ele>
      </trkpt>
      <trkpt lat="35.69645" lon="139.82016">
        <ele>8.8</ele>
      </trkpt>
      <trkpt lat="35.69645" lon="139.82003">
        <ele>8.4</ele>
      </trkpt>
      <trkpt lat="35.69634" lon="139.82003">
        <ele>9.1</ele>
      </trkpt>
      <trkpt lat="35.69639" lon="139.82085">
        <ele>12.0</ele>
      </trkpt>
      <trkpt lat="35.69644" lon="139.82166">
        <ele>15.3</ele>
      </trkpt>
      <trkpt lat="35.69648" lon="139.82218">
        <ele>19.6</ele>
      </trkpt>
      <trkpt lat="35.69654" lon="139.82303">
        <ele>20.7</ele>
      </trkpt>
      <trkpt lat="35.69654" lon="139.82303">
        <ele>20.7</ele>
      </trkpt>
      <trkpt lat="35.69659" lon="139.82377">
        <ele>14.3</ele>
      </trkpt>
      <trkpt lat="35.69664" lon="139.82376">
        <ele>14.7</ele>
      </trkpt>
      <trkpt lat="35.69667" lon="139.82467">
        <ele>9.0</ele>
      </trkpt>
      <trkpt lat="35.69668" lon="139.82562">
        <ele>8.4</ele>
      </trkpt>
      <trkpt lat="35.69672" lon="139.82562">
        <ele>8.7</ele>
      </trkpt>
      <trkpt lat="35.69673" lon="139.82579">
        <ele>8.5</ele>
      </trkpt>
      <trkpt lat="35.69673" lon="139.82589">
        <ele>8.4</ele>
      </trkpt>
      <trkpt lat="35.69669" lon="139.82589">
        <ele>8.1</ele>
      </trkpt>
      <trkpt lat="35.69674" lon="139.82666">
        <ele>7.4</ele>
      </trkpt>
      <trkpt lat="35.69678" lon="139.82743">
        <ele>10.8</ele>
      </trkpt>
      <trkpt lat="35.69682" lon="139.8282">
        <ele>11.3</ele>
      </trkpt>
      <trkpt lat="35.69677" lon="139.82821">
        <ele>11.2</ele>
      </trkpt>
      <trkpt lat="35.69683" lon="139.82884">
        <ele>9.9</ele>
      </trkpt>
      <trkpt lat="35.69683" lon="139.82884">
        <ele>9.9</ele>
      </trkpt>
      <trkpt lat="35.69688" lon="139.82945">
        <ele>9.0</ele>
      </trkpt>
      <trkpt lat="35.69693" lon="139.83006">
        <ele>9.1</ele>
      </trkpt>
      <trkpt lat="35.69698" lon="139.83103">
        <ele>9.9</ele>
      </trkpt>
      <trkpt lat="35.69703" lon="139.832">
        <ele>7.4</ele>
      </trkpt>
      <trkpt lat="35.69708" lon="139.83298">
        <ele>5.8</ele>
      </trkpt>
      <trkpt lat="35.69713" lon="139.83395">
        <ele>6.6</ele>
      </trkpt>
      <trkpt lat="35.69715" lon="139.83476">
        <ele>4.7</ele>
      </trkpt>
      <trkpt lat="35.69719" lon="139.83574">
        <ele>2.5</ele>
      </trkpt>
      <trkpt lat="35.69722" lon="139.83672">
        <ele>1.6</ele>
      </trkpt>
      <trkpt lat="35.69726" lon="139.8377">
        <ele>4.5</ele>
      </trkpt>
      <trkpt lat="35.6973" lon="139.83848">
        <ele>2.2</ele>
      </trkpt>
      <trkpt lat="35.69735" lon="139.83944">
        <ele>1.6</ele>
      </trkpt>
      <trkpt lat="35.69735" lon="139.83944">
        <ele>1.6</ele>
      </trkpt>
      <trkpt lat="35.6974" lon="139.84038">
        <ele>0.4</ele>
      </trkpt>
      <trkpt lat="35.69745" lon="139.84132">
        <ele>1.5</ele>
      </trkpt>
      <trkpt lat="35.69745" lon="139.84132">
        <ele>1.5</ele>
      </trkpt>
      <trkpt lat="35.69749" lon="139.84219">
        <ele>4.3</ele>
      </trkpt>
      <trkpt lat="35.69753" lon="139.84306">
        <ele>4.4</ele>
      </trkpt>
      <trkpt lat="35.69755" lon="139.84336">
        <ele>4.3</ele>
      </trkpt>
      <trkpt lat="35.69756" lon="139.84353">
        <ele>4.6</ele>
      </trkpt>
      <trkpt lat="35.69766" lon="139.84408">
        <ele>5.9</ele>
      </trkpt>
      <trkpt lat="35.69772" lon="139.84431">
        <ele>5.7</ele>
      </trkpt>
      <trkpt lat="35.69801" lon="139.84528">
        <ele>5.3</ele>
      </trkpt>
      <trkpt lat="35.69818" lon="139.84583">
        <ele>5.1</ele>
      </trkpt>
      <trkpt lat="35.69846" lon="139.84678">
        <ele>4.8</ele>
      </trkpt>
      <trkpt lat="35.69846" lon="139.84678">
        <ele>4.8</ele>
      </trkpt>
      <trkpt lat="35.69867" lon="139.84748">
        <ele>1.7</ele>
      </trkpt>
      <trkpt lat="35.69889" lon="139.84818">
        <ele>1.1</ele>
      </trkpt>
      <trkpt lat="35.69911" lon="139.84893">
        <ele>1.1</ele>
      </trkpt>
      <trkpt lat="35.69933" lon="139.84968">
        <ele>2.8</ele>
      </trkpt>
      <trkpt lat="35.69955" lon="139.85043">
        <ele>4.4</ele>
      </trkpt>
      <trkpt lat="35.69978" lon="139.85114">
        <ele>3.8</ele>
      </trkpt>
      <trkpt lat="35.69981" lon="139.85127">
        <ele>3.6</ele>
      </trkpt>
      <trkpt lat="35.69989" lon="139.85135">
        <ele>3.3</ele>
      </trkpt>
      <trkpt lat="35.69994" lon="139.85147">
        <ele>3.1</ele>
      </trkpt>
      <trkpt lat="35.70022" lon="139.85242">
        <ele>1.7</ele>
      </trkpt>
      <trkpt lat="35.7005" lon="139.85336">
        <ele>0.3</ele>
      </trkpt>
      <trkpt lat="35.70057" lon="139.85334">
        <ele>0.4</ele>
      </trkpt>
      <trkpt lat="35.70084" lon="139.85334">
        <ele>1.0</ele>
      </trkpt>
      <trkpt lat="35.70102" lon="139.85331">
        <ele>1.3</ele>
      </trkpt>
      <trkpt lat="35.70147" lon="139.8532">
        <ele>2.0</ele>
      </trkpt>
      <trkpt lat="35.70204" lon="139.85303">
        <ele>2.5</ele>
      </trkpt>
      <trkpt lat="35.70205" lon="139.85306">
        <ele>2.5</ele>
      </trkpt>
      <trkpt lat="35.70207" lon="139.85314">
        <ele>2.3</ele>
      </trkpt>
      <trkpt lat="35.7021" lon="139.85322">
        <ele>2.2</ele>
      </trkpt>
      <trkpt lat="35.70212" lon="139.8533">
        <ele>2.1</ele>
      </trkpt>
      <trkpt lat="35.70206" lon="139.85332">
        <ele>2.0</ele>
      </trkpt>
      <trkpt lat="35.70138" lon="139.85354">
        <ele>1.5</ele>
      </trkpt>
      <trkpt lat="35.70109" lon="139.85365">
        <ele>1.2</ele>
      </trkpt>
      <trkpt lat="35.70083" lon="139.85372">
        <ele>1.1</ele>
      </trkpt>
      <trkpt lat="35.70058" lon="139.85379">
        <ele>1.0</ele>
      </trkpt>
      <trkpt lat="35.70075" lon="139.85484">
        <ele>1.1</ele>
      </trkpt>
      <trkpt lat="35.70075" lon="139.85484">
        <ele>1.1</ele>
      </trkpt>
      <trkpt lat="35.70089" lon="139.85573">
        <ele>1.2</ele>
      </trkpt>
      <trkpt lat="35.70104" lon="139.85662">
        <ele>1.3</ele>
      </trkpt>
      <trkpt lat="35.70118" lon="139.85751">
        <ele>1.3</ele>
      </trkpt>
      <trkpt lat="35.70133" lon="139.85841">
        <ele>1.4</ele>
      </trkpt>
      <trkpt lat="35.70147" lon="139.8593">
        <ele>1.5</ele>
      </trkpt>
      <trkpt lat="35.70148" lon="139.85937">
        <ele>1.5</ele>
      </trkpt>
      <trkpt lat="35.70196" lon="139.85923">
        <ele>1.6</ele>
      </trkpt>
      <trkpt lat="35.70244" lon="139.8591">
        <ele>2.6</ele>
      </trkpt>
      <trkpt lat="35.70191" lon="139.85905">
        <ele>1.4</ele>
      </trkpt>
      <trkpt lat="35.70136" lon="139.85917">
        <ele>-0.1</ele>
      </trkpt>
      <trkpt lat="35.70101" lon="139.85919">
        <ele>-1.3</ele>
      </trkpt>
      <trkpt lat="35.70063" lon="139.85928">
        <ele>-2.4</ele>
      </trkpt>
      <trkpt lat="35.70046" lon="139.85936">
        <ele>-2.6</ele>
      </trkpt>
      <trkpt lat="35.69972" lon="139.8595">
        <ele>-2.4</ele>
      </trkpt>
      <trkpt lat="35.69962" lon="139.85952">
        <ele>-2.1</ele>
      </trkpt>
      <trkpt lat="35.70011" lon="139.85967">
        <ele>-1.8</ele>
      </trkpt>
      <trkpt lat="35.70064" lon="139.85956">
        <ele>-1.4</ele>
      </trkpt>
      <trkpt lat="35.70117" lon="139.85945">
        <ele>-0.5</ele>
      </trkpt>
      <trkpt lat="35.70118" lon="139.85952">
        <ele>-0.5</ele>
      </trkpt>
      <trkpt lat="35.70129" lon="139.86013">
        <ele>0.2</ele>
      </trkpt>
      <trkpt lat="35.70139" lon="139.86073">
        <ele>0.9</ele>
      </trkpt>
      <trkpt lat="35.70149" lon="139.8612">
        <ele>1.5</ele>
      </trkpt>
      <trkpt lat="35.70159" lon="139.86147">
        <ele>1.9</ele>
      </trkpt>
      <trkpt lat="35.7018" lon="139.86234">
        <ele>3.0</ele>
      </trkpt>
      <trkpt lat="35.70201" lon="139.8632">
        <ele>4.1</ele>
      </trkpt>
      <trkpt lat="35.70203" lon="139.86329">
        <ele>4.2</ele>
      </trkpt>
      <trkpt lat="35.702" lon="139.86331">
        <ele>4.2</ele>
      </trkpt>
      <trkpt lat="35.70174" lon="139.86227">
        <ele>5.6</ele>
      </trkpt>
      <trkpt lat="35.70156" lon="139.86149">
        <ele>5.8</ele>
      </trkpt>
      <trkpt lat="35.70152" lon="139.86138">
        <ele>5.9</ele>
      </trkpt>
      <trkpt lat="35.70154" lon="139.86137">
        <ele>5.9</ele>
      </trkpt>
      <trkpt lat="35.7018" lon="139.86118">
        <ele>6.0</ele>
      </trkpt>
      <trkpt lat="35.70181" lon="139.86117">
        <ele>6.0</ele>
      </trkpt>
      <trkpt lat="35.70189" lon="139.86157">
        <ele>6.2</ele>
      </trkpt>
      <trkpt lat="35.70211" lon="139.86256">
        <ele>4.0</ele>
      </trkpt>
      <trkpt lat="35.70233" lon="139.86356">
        <ele>4.2</ele>
      </trkpt>
      <trkpt lat="35.70235" lon="139.86372">
        <ele>4.0</ele>
      </trkpt>
      <trkpt lat="35.70236" lon="139.86394">
        <ele>3.8</ele>
      </trkpt>
      <trkpt lat="35.70241" lon="139.86412">
        <ele>3.8</ele>
      </trkpt>
      <trkpt lat="35.70259" lon="139.86485">
        <ele>3.9</ele>
      </trkpt>
      <trkpt lat="35.70259" lon="139.86485">
        <ele>3.9</ele>
      </trkpt>
      <trkpt lat="35.70281" lon="139.86583">
        <ele>5.0</ele>
      </trkpt>
      <trkpt lat="35.70288" lon="139.8661">
        <ele>5.3</ele>
      </trkpt>
      <trkpt lat="35.70303" lon="139.86677">
        <ele>6.1</ele>
      </trkpt>
      <trkpt lat="35.70318" lon="139.86744">
        <ele>6.9</ele>
      </trkpt>
      <trkpt lat="35.70318" lon="139.86744">
        <ele>6.9</ele>
      </trkpt>
      <trkpt lat="35.70328" lon="139.86788">
        <ele>6.5</ele>
      </trkpt>
      <trkpt lat="35.7033" lon="139.86814">
        <ele>6.2</ele>
      </trkpt>
      <trkpt lat="35.7033" lon="139.86864">
        <ele>5.6</ele>
      </trkpt>
      <trkpt lat="35.70326" lon="139.86952">
        <ele>4.1</ele>
      </trkpt>
      <trkpt lat="35.70323" lon="139.87041">
        <ele>3.9</ele>
      </trkpt>
      <trkpt lat="35.70329" lon="139.87042">
        <ele>4.0</ele>
      </trkpt>
      <trkpt lat="35.70327" lon="139.87117">
        <ele>4.5</ele>
      </trkpt>
      <trkpt lat="35.70327" lon="139.87117">
        <ele>4.5</ele>
      </trkpt>
      <trkpt lat="35.70325" lon="139.87171">
        <ele>4.0</ele>
      </trkpt>
      <trkpt lat="35.70325" lon="139.87175">
        <ele>3.9</ele>
      </trkpt>
      <trkpt lat="35.70319" lon="139.87175">
        <ele>3.9</ele>
      </trkpt>
      <trkpt lat="35.70317" lon="139.87241">
        <ele>3.3</ele>
      </trkpt>
      <trkpt lat="35.70314" lon="139.87307">
        <ele>2.9</ele>
      </trkpt>
      <trkpt lat="35.70314" lon="139.87307">
        <ele>2.9</ele>
      </trkpt>
      <trkpt lat="35.7031" lon="139.8741">
        <ele>2.7</ele>
      </trkpt>
      <trkpt lat="35.70305" lon="139.87512">
        <ele>2.5</ele>
      </trkpt>
      <trkpt lat="35.70301" lon="139.87581">
        <ele>1.8</ele>
      </trkpt>
      <trkpt lat="35.70301" lon="139.87581">
        <ele>1.8</ele>
      </trkpt>
      <trkpt lat="35.70294" lon="139.87654">
        <ele>2.3</ele>
      </trkpt>
      <trkpt lat="35.70291" lon="139.87706">
        <ele>2.8</ele>
      </trkpt>
      <trkpt lat="35.70284" lon="139.87794">
        <ele>3.5</ele>
      </trkpt>
      <trkpt lat="35.70276" lon="139.87881">
        <ele>3.8</ele>
      </trkpt>
      <trkpt lat="35.70276" lon="139.87881">
        <ele>3.8</ele>
      </trkpt>
      <trkpt lat="35.70267" lon="139.87987">
        <ele>5.0</ele>
      </trkpt>
      <trkpt lat="35.70259" lon="139.88093">
        <ele>5.1</ele>
      </trkpt>
      <trkpt lat="35.70252" lon="139.88195">
        <ele>5.0</ele>
      </trkpt>
      <trkpt lat="35.70252" lon="139.88195">
        <ele>5.0</ele>
      </trkpt>
      <trkpt lat="35.70246" lon="139.88302">
        <ele>3.7</ele>
      </trkpt>
      <trkpt lat="35.70239" lon="139.8841">
        <ele>3.0</ele>
      </trkpt>
      <trkpt lat="35.70235" lon="139.88479">
        <ele>2.6</ele>
      </trkpt>
      <trkpt lat="35.70231" lon="139.88547">
        <ele>2.1</ele>
      </trkpt>
      <trkpt lat="35.70227" lon="139.88612">
        <ele>1.8</ele>
      </trkpt>
      <trkpt lat="35.70223" lon="139.88688">
        <ele>1.4</ele>
      </trkpt>
      <trkpt lat="35.70219" lon="139.88765">
        <ele>1.5</ele>
      </trkpt>
      <trkpt lat="35.70214" lon="139.88841">
        <ele>1.3</ele>
      </trkpt>
      <trkpt lat="35.70214" lon="139.88841">
        <ele>1.3</ele>
      </trkpt>
      <trkpt lat="35.7021" lon="139.88917">
        <ele>5.0</ele>
      </trkpt>
      <trkpt lat="35.70206" lon="139.88994">
        <ele>4.9</ele>
      </trkpt>
      <trkpt lat="35.70201" lon="139.8907">
        <ele>2.8</ele>
      </trkpt>
      <trkpt lat="35.70201" lon="139.8907">
        <ele>2.8</ele>
      </trkpt>
      <trkpt lat="35.70196" lon="139.89154">
        <ele>4.6</ele>
      </trkpt>
      <trkpt lat="35.70192" lon="139.89237">
        <ele>5.5</ele>
      </trkpt>
      <trkpt lat="35.70187" lon="139.89321">
        <ele>4.4</ele>
      </trkpt>
      <trkpt lat="35.70187" lon="139.89321">
        <ele>4.4</ele>
      </trkpt>
      <trkpt lat="35.70184" lon="139.89379">
        <ele>5.1</ele>
      </trkpt>
      <trkpt lat="35.70179" lon="139.89451">
        <ele>4.7</ele>
      </trkpt>
      <trkpt lat="35.70176" lon="139.8951">
        <ele>3.2</ele>
      </trkpt>
      <trkpt lat="35.70172" lon="139.8957">
        <ele>4.7</ele>
      </trkpt>
      <trkpt lat="35.70172" lon="139.8957">
        <ele>4.7</ele>
      </trkpt>
      <trkpt lat="35.70169" lon="139.89624">
        <ele>6.4</ele>
      </trkpt>
      <trkpt lat="35.70163" lon="139.89729">
        <ele>5.7</ele>
      </trkpt>
      <trkpt lat="35.70163" lon="139.89765">
        <ele>4.9</ele>
      </trkpt>
      <trkpt lat="35.70165" lon="139.89781">
        <ele>4.7</ele>
      </trkpt>
      <trkpt lat="35.70166" lon="139.8979">
        <ele>4.5</ele>
      </trkpt>
      <trkpt lat="35.70182" lon="139.89854">
        <ele>3.3</ele>
      </trkpt>
      <trkpt lat="35.7019" lon="139.89879">
        <ele>2.9</ele>
      </trkpt>
      <trkpt lat="35.7019" lon="139.89879">
        <ele>2.9</ele>
      </trkpt>
      <trkpt lat="35.70208" lon="139.89935">
        <ele>2.7</ele>
      </trkpt>
      <trkpt lat="35.70232" lon="139.90003">
        <ele>3.8</ele>
      </trkpt>
      <trkpt lat="35.70256" lon="139.90072">
        <ele>4.7</ele>
      </trkpt>
      <trkpt lat="35.7028" lon="139.90141">
        <ele>3.4</ele>
      </trkpt>
      <trkpt lat="35.70304" lon="139.9021">
        <ele>3.3</ele>
      </trkpt>
      <trkpt lat="35.70328" lon="139.9028">
        <ele>3.9</ele>
      </trkpt>
      <trkpt lat="35.70328" lon="139.9028">
        <ele>3.9</ele>
      </trkpt>
      <trkpt lat="35.70354" lon="139.90355">
        <ele>4.9</ele>
      </trkpt>
      <trkpt lat="35.7038" lon="139.90429">
        <ele>8.4</ele>
      </trkpt>
      <trkpt lat="35.70412" lon="139.90527">
        <ele>10.2</ele>
      </trkpt>
      <trkpt lat="35.70436" lon="139.90597">
        <ele>6.1</ele>
      </trkpt>
      <trkpt lat="35.70461" lon="139.90668">
        <ele>4.5</ele>
      </trkpt>
      <trkpt lat="35.70482" lon="139.9073">
        <ele>4.1</ele>
      </trkpt>
      <trkpt lat="35.70503" lon="139.90791">
        <ele>4.4</ele>
      </trkpt>
      <trkpt lat="35.70503" lon="139.90791">
        <ele>4.4</ele>
      </trkpt>
      <trkpt lat="35.70515" lon="139.90826">
        <ele>4.6</ele>
      </trkpt>
      <trkpt lat="35.7053" lon="139.90853">
        <ele>4.5</ele>
      </trkpt>
      <trkpt lat="35.70551" lon="139.90896">
        <ele>4.5</ele>
      </trkpt>
      <trkpt lat="35.70554" lon="139.90894">
        <ele>4.4</ele>
      </trkpt>
      <trkpt lat="35.70564" lon="139.90915">
        <ele>4.4</ele>
      </trkpt>
      <trkpt lat="35.70564" lon="139.90915">
        <ele>4.4</ele>
      </trkpt>
      <trkpt lat="35.70586" lon="139.9096">
        <ele>4.5</ele>
      </trkpt>
      <trkpt lat="35.70618" lon="139.91017">
        <ele>4.6</ele>
      </trkpt>
      <trkpt lat="35.70627" lon="139.91033">
        <ele>4.2</ele>
      </trkpt>
      <trkpt lat="35.70629" lon="139.91034">
        <ele>4.2</ele>
      </trkpt>
      <trkpt lat="35.70632" lon="139.91034">
        <ele>4.2</ele>
      </trkpt>
      <trkpt lat="35.7066" lon="139.90998">
        <ele>4.9</ele>
      </trkpt>
      <trkpt lat="35.70662" lon="139.91003">
        <ele>4.9</ele>
      </trkpt>
      <trkpt lat="35.70703" lon="139.91073">
        <ele>3.2</ele>
      </trkpt>
      <trkpt lat="35.70708" lon="139.91078">
        <ele>3.1</ele>
      </trkpt>
      <trkpt lat="35.7068" lon="139.91126">
        <ele>3.8</ele>
      </trkpt>
      <trkpt lat="35.70677" lon="139.91133">
        <ele>3.9</ele>
      </trkpt>
      <trkpt lat="35.70659" lon="139.9117">
        <ele>4.5</ele>
      </trkpt>
      <trkpt lat="35.70651" lon="139.91193">
        <ele>4.9</ele>
      </trkpt>
      <trkpt lat="35.70642" lon="139.91264">
        <ele>5.0</ele>
      </trkpt>
      <trkpt lat="35.7064" lon="139.91273">
        <ele>4.9</ele>
      </trkpt>
      <trkpt lat="35.70636" lon="139.91282">
        <ele>4.7</ele>
      </trkpt>
      <trkpt lat="35.70628" lon="139.9129">
        <ele>4.7</ele>
      </trkpt>
      <trkpt lat="35.70582" lon="139.91332">
        <ele>5.0</ele>
      </trkpt>
      <trkpt lat="35.70565" lon="139.91346">
        <ele>4.5</ele>
      </trkpt>
      <trkpt lat="35.70542" lon="139.91371">
        <ele>4.0</ele>
      </trkpt>
      <trkpt lat="35.70546" lon="139.91377">
        <ele>3.9</ele>
      </trkpt>
      <trkpt lat="35.70526" lon="139.91403">
        <ele>4.1</ele>
      </trkpt>
      <trkpt lat="35.70517" lon="139.91428">
        <ele>4.5</ele>
      </trkpt>
      <trkpt lat="35.70511" lon="139.91429">
        <ele>4.7</ele>
      </trkpt>
      <trkpt lat="35.7047" lon="139.91469">
        <ele>5.0</ele>
      </trkpt>
      <trkpt lat="35.70428" lon="139.91509">
        <ele>4.5</ele>
      </trkpt>
      <trkpt lat="35.70391" lon="139.91541">
        <ele>5.1</ele>
      </trkpt>
      <trkpt lat="35.70391" lon="139.91541">
        <ele>5.1</ele>
      </trkpt>
      <trkpt lat="35.70362" lon="139.91565">
        <ele>5.7</ele>
      </trkpt>
      <trkpt lat="35.70331" lon="139.91588">
        <ele>6.1</ele>
      </trkpt>
      <trkpt lat="35.70315" lon="139.91598">
        <ele>6.2</ele>
      </trkpt>
      <trkpt lat="35.70278" lon="139.91618">
        <ele>6.7</ele>
      </trkpt>
      <trkpt lat="35.70211" lon="139.91648">
        <ele>8.3</ele>
      </trkpt>
      <trkpt lat="35.70192" lon="139.9166">
        <ele>8.8</ele>
      </trkpt>
      <trkpt lat="35.70189" lon="139.91665">
        <ele>8.7</ele>
      </trkpt>
      <trkpt lat="35.70194" lon="139.91685">
        <ele>8.5</ele>
      </trkpt>
      <trkpt lat="35.70202" lon="139.91713">
        <ele>8.2</ele>
      </trkpt>
      <trkpt lat="35.70217" lon="139.91769">
        <ele>5.8</ele>
      </trkpt>
      <trkpt lat="35.70237" lon="139.91839">
        <ele>2.9</ele>
      </trkpt>
      <trkpt lat="35.70239" lon="139.91845">
        <ele>2.6</ele>
      </trkpt>
      <trkpt lat="35.70245" lon="139.91849">
        <ele>2.3</ele>
      </trkpt>
      <trkpt lat="35.70246" lon="139.91852">
        <ele>2.1</ele>
      </trkpt>
      <trkpt lat="35.70248" lon="139.91861">
        <ele>1.8</ele>
      </trkpt>
      <trkpt lat="35.70248" lon="139.91873">
        <ele>1.7</ele>
      </trkpt>
      <trkpt lat="35.70248" lon="139.91883">
        <ele>1.6</ele>
      </trkpt>
      <trkpt lat="35.70246" lon="139.91897">
        <ele>1.5</ele>
      </trkpt>
      <trkpt lat="35.7024" lon="139.91925">
        <ele>1.9</ele>
      </trkpt>
      <trkpt lat="35.70233" lon="139.91948">
        <ele>2.8</ele>
      </trkpt>
      <trkpt lat="35.70225" lon="139.91972">
        <ele>3.7</ele>
      </trkpt>
      <trkpt lat="35.70205" lon="139.9202">
        <ele>4.4</ele>
      </trkpt>
      <trkpt lat="35.70196" lon="139.92042">
        <ele>3.8</ele>
      </trkpt>
      <trkpt lat="35.70196" lon="139.92042">
        <ele>3.8</ele>
      </trkpt>
      <trkpt lat="35.70188" lon="139.92063">
        <ele>3.0</ele>
      </trkpt>
      <trkpt lat="35.70165" lon="139.92119">
        <ele>2.0</ele>
      </trkpt>
      <trkpt lat="35.70161" lon="139.92134">
        <ele>2.1</ele>
      </trkpt>
      <trkpt lat="35.70161" lon="139.92157">
        <ele>2.1</ele>
      </trkpt>
      <trkpt lat="35.70149" lon="139.92191">
        <ele>3.7</ele>
      </trkpt>
      <trkpt lat="35.70154" lon="139.92194">
        <ele>3.7</ele>
      </trkpt>
      <trkpt lat="35.70152" lon="139.922">
        <ele>3.7</ele>
      </trkpt>
      <trkpt lat="35.70159" lon="139.92203">
        <ele>3.7</ele>
      </trkpt>
      <trkpt lat="35.70224" lon="139.92243">
        <ele>3.9</ele>
      </trkpt>
      <trkpt lat="35.7029" lon="139.92283">
        <ele>4.1</ele>
      </trkpt>
      <trkpt lat="35.70355" lon="139.92323">
        <ele>4.3</ele>
      </trkpt>
      <trkpt lat="35.7042" lon="139.92363">
        <ele>4.5</ele>
      </trkpt>
      <trkpt lat="35.70486" lon="139.92402">
        <ele>4.7</ele>
      </trkpt>
      <trkpt lat="35.70495" lon="139.92408">
        <ele>4.7</ele>
      </trkpt>
      <trkpt lat="35.70496" lon="139.92411">
        <ele>4.7</ele>
      </trkpt>
      <trkpt lat="35.70503" lon="139.92415">
        <ele>4.8</ele>
      </trkpt>
      <trkpt lat="35.70479" lon="139.92464">
        <ele>6.1</ele>
      </trkpt>
      <trkpt lat="35.70456" lon="139.92512">
        <ele>6.6</ele>
      </trkpt>
      <trkpt lat="35.70442" lon="139.92545">
        <ele>5.6</ele>
      </trkpt>
      <trkpt lat="35.70425" lon="139.92603">
        <ele>4.3</ele>
      </trkpt>
      <trkpt lat="35.70409" lon="139.92661">
        <ele>2.9</ele>
      </trkpt>
      <trkpt lat="35.70406" lon="139.92676">
        <ele>2.8</ele>
      </trkpt>
      <trkpt lat="35.70398" lon="139.92681">
        <ele>2.6</ele>
      </trkpt>
      <trkpt lat="35.70394" lon="139.92685">
        <ele>2.5</ele>
      </trkpt>
      <trkpt lat="35.70382" lon="139.92702">
        <ele>2.3</ele>
      </trkpt>
      <trkpt lat="35.70355" lon="139.92746">
        <ele>2.2</ele>
      </trkpt>
      <trkpt lat="35.70348" lon="139.92756">
        <ele>2.3</ele>
      </trkpt>
      <trkpt lat="35.70342" lon="139.92759">
        <ele>2.3</ele>
      </trkpt>
      <trkpt lat="35.70326" lon="139.92791">
        <ele>2.7</ele>
      </trkpt>
      <trkpt lat="35.70295" lon="139.92848">
        <ele>2.0</ele>
      </trkpt>
      <trkpt lat="35.7026" lon="139.92907">
        <ele>0.3</ele>
      </trkpt>
      <trkpt lat="35.7026" lon="139.92907">
        <ele>0.3</ele>
      </trkpt>
      <trkpt lat="35.70232" lon="139.92957">
        <ele>0.2</ele>
      </trkpt>
      <trkpt lat="35.70223" lon="139.9298">
        <ele>0.5</ele>
      </trkpt>
      <trkpt lat="35.70204" lon="139.93002">
        <ele>1.1</ele>
      </trkpt>
      <trkpt lat="35.70171" lon="139.93054">
        <ele>0.7</ele>
      </trkpt>
      <trkpt lat="35.70138" lon="139.93107">
        <ele>1.2</ele>
      </trkpt>
      <trkpt lat="35.70093" lon="139.93172">
        <ele>0.1</ele>
      </trkpt>
      <trkpt lat="35.70057" lon="139.9322">
        <ele>0.4</ele>
      </trkpt>
      <trkpt lat="35.70027" lon="139.93257">
        <ele>0.4</ele>
      </trkpt>
      <trkpt lat="35.69972" lon="139.93321">
        <ele>0.6</ele>
      </trkpt>
      <trkpt lat="35.69913" lon="139.93381">
        <ele>0.0</ele>
      </trkpt>
      <trkpt lat="35.69873" lon="139.93417">
        <ele>0.0</ele>
      </trkpt>
      <trkpt lat="35.69832" lon="139.93454">
        <ele>2.2</ele>
      </trkpt>
      <trkpt lat="35.69815" lon="139.93459">
        <ele>2.1</ele>
      </trkpt>
      <trkpt lat="35.69801" lon="139.93471">
        <ele>2.4</ele>
      </trkpt>
      <trkpt lat="35.69791" lon="139.93489">
        <ele>3.0</ele>
      </trkpt>
      <trkpt lat="35.69741" lon="139.9353">
        <ele>3.0</ele>
      </trkpt>
      <trkpt lat="35.6969" lon="139.9357">
        <ele>6.1</ele>
      </trkpt>
      <trkpt lat="35.6964" lon="139.93609">
        <ele>4.5</ele>
      </trkpt>
      <trkpt lat="35.69576" lon="139.93658">
        <ele>1.2</ele>
      </trkpt>
      <trkpt lat="35.69541" lon="139.93678">
        <ele>0.6</ele>
      </trkpt>
      <trkpt lat="35.69501" lon="139.93707">
        <ele>1.4</ele>
      </trkpt>
      <trkpt lat="35.69461" lon="139.93736">
        <ele>1.3</ele>
      </trkpt>
      <trkpt lat="35.69443" lon="139.93756">
        <ele>0.8</ele>
      </trkpt>
      <trkpt lat="35.69411" lon="139.93788">
        <ele>-0.9</ele>
      </trkpt>
      <trkpt lat="35.6935" lon="139.93844">
        <ele>-0.2</ele>
      </trkpt>
      <trkpt lat="35.69302" lon="139.93879">
        <ele>0.3</ele>
      </trkpt>
      <trkpt lat="35.69255" lon="139.93909">
        <ele>0.1</ele>
      </trkpt>
      <trkpt lat="35.69244" lon="139.93918">
        <ele>0.0</ele>
      </trkpt>
      <trkpt lat="35.69248" lon="139.93929">
        <ele>0.2</ele>
      </trkpt>
      <trkpt lat="35.69205" lon="139.9396">
        <ele>0.8</ele>
      </trkpt>
      <trkpt lat="35.692" lon="139.93967">
        <ele>1.0</ele>
      </trkpt>
      <trkpt lat="35.69164" lon="139.94041">
        <ele>2.5</ele>
      </trkpt>
      <trkpt lat="35.69129" lon="139.94115">
        <ele>3.0</ele>
      </trkpt>
      <trkpt lat="35.69093" lon="139.94189">
        <ele>2.2</ele>
      </trkpt>
      <trkpt lat="35.69085" lon="139.94219">
        <ele>1.1</ele>
      </trkpt>
      <trkpt lat="35.69077" lon="139.94236">
        <ele>0.9</ele>
      </trkpt>
      <trkpt lat="35.69057" lon="139.94276">
        <ele>2.0</ele>
      </trkpt>
      <trkpt lat="35.69052" lon="139.94284">
        <ele>2.3</ele>
      </trkpt>
      <trkpt lat="35.69046" lon="139.94291">
        <ele>2.6</ele>
      </trkpt>
      <trkpt lat="35.69033" lon="139.94303">
        <ele>3.0</ele>
      </trkpt>
      <trkpt lat="35.68982" lon="139.94345">
        <ele>4.3</ele>
      </trkpt>
      <trkpt lat="35.68945" lon="139.94375">
        <ele>5.8</ele>
      </trkpt>
      <trkpt lat="35.68919" lon="139.94394">
        <ele>6.0</ele>
      </trkpt>
      <trkpt lat="35.68887" lon="139.94412">
        <ele>7.1</ele>
      </trkpt>
      <trkpt lat="35.68861" lon="139.94424">
        <ele>8.1</ele>
      </trkpt>
      <trkpt lat="35.6883" lon="139.94435">
        <ele>8.5</ele>
      </trkpt>
      <trkpt lat="35.68808" lon="139.94441">
        <ele>7.3</ele>
      </trkpt>
      <trkpt lat="35.68781" lon="139.94446">
        <ele>6.1</ele>
      </trkpt>
      <trkpt lat="35.68763" lon="139.94449">
        <ele>5.4</ele>
      </trkpt>
      <trkpt lat="35.68746" lon="139.94449">
        <ele>5.1</ele>
      </trkpt>
      <trkpt lat="35.68725" lon="139.94449">
        <ele>5.5</ele>
      </trkpt>
      <trkpt lat="35.68699" lon="139.94444">
        <ele>5.8</ele>
      </trkpt>
      <trkpt lat="35.68665" lon="139.94435">
        <ele>5.9</ele>
      </trkpt>
      <trkpt lat="35.68659" lon="139.94436">
        <ele>6.1</ele>
      </trkpt>
      <trkpt lat="35.68655" lon="139.94438">
        <ele>6.2</ele>
      </trkpt>
      <trkpt lat="35.68633" lon="139.94459">
        <ele>7.0</ele>
      </trkpt>
      <trkpt lat="35.68631" lon="139.94464">
        <ele>7.1</ele>
      </trkpt>
      <trkpt lat="35.68629" lon="139.94469">
        <ele>7.2</ele>
      </trkpt>
      <trkpt lat="35.68629" lon="139.94476">
        <ele>7.3</ele>
      </trkpt>
      <trkpt lat="35.68631" lon="139.94482">
        <ele>7.4</ele>
      </trkpt>
      <trkpt lat="35.68648" lon="139.9451">
        <ele>8.1</ele>
      </trkpt>
      <trkpt lat="35.68651" lon="139.94507">
        <ele>8.3</ele>
      </trkpt>
      <trkpt lat="35.68652" lon="139.94508">
        <ele>8.3</ele>
      </trkpt>
      <trkpt lat="35.6866" lon="139.94508">
        <ele>8.6</ele>
      </trkpt>
      <trkpt lat="35.6867" lon="139.94524">
        <ele>8.2</ele>
      </trkpt>
      <trkpt lat="35.68673" lon="139.94539">
        <ele>8.0</ele>
      </trkpt>
      <trkpt lat="35.68683" lon="139.94555">
        <ele>7.9</ele>
      </trkpt>
      <trkpt lat="35.68717" lon="139.94613">
        <ele>7.3</ele>
      </trkpt>
      <trkpt lat="35.68752" lon="139.94671">
        <ele>6.7</ele>
      </trkpt>
      <trkpt lat="35.6877" lon="139.94705">
        <ele>6.4</ele>
      </trkpt>
      <trkpt lat="35.68776" lon="139.947">
        <ele>6.3</ele>
      </trkpt>
      <trkpt lat="35.68809" lon="139.9474">
        <ele>5.8</ele>
      </trkpt>
      <trkpt lat="35.68816" lon="139.9475">
        <ele>5.7</ele>
      </trkpt>
      <trkpt lat="35.68819" lon="139.9476">
        <ele>5.7</ele>
      </trkpt>
      <trkpt lat="35.68822" lon="139.94773">
        <ele>5.6</ele>
      </trkpt>
      <trkpt lat="35.68823" lon="139.94786">
        <ele>5.4</ele>
      </trkpt>
      <trkpt lat="35.68842" lon="139.94816">
        <ele>5.0</ele>
      </trkpt>
      <trkpt lat="35.68847" lon="139.94823">
        <ele>4.7</ele>
      </trkpt>
      <trkpt lat="35.68853" lon="139.94828">
        <ele>4.4</ele>
      </trkpt>
      <trkpt lat="35.68867" lon="139.94853">
        <ele>3.9</ele>
      </trkpt>
      <trkpt lat="35.68866" lon="139.94857">
        <ele>3.9</ele>
      </trkpt>
      <trkpt lat="35.68866" lon="139.94866">
        <ele>4.0</ele>
      </trkpt>
      <trkpt lat="35.68867" lon="139.9487">
        <ele>4.0</ele>
      </trkpt>
      <trkpt lat="35.68881" lon="139.94899">
        <ele>3.7</ele>
      </trkpt>
      <trkpt lat="35.68895" lon="139.94922">
        <ele>3.7</ele>
      </trkpt>
      <trkpt lat="35.68941" lon="139.94995">
        <ele>3.9</ele>
      </trkpt>
      <trkpt lat="35.68941" lon="139.94995">
        <ele>3.9</ele>
      </trkpt>
      <trkpt lat="35.68987" lon="139.95071">
        <ele>4.1</ele>
      </trkpt>
      <trkpt lat="35.69001" lon="139.95095">
        <ele>3.7</ele>
      </trkpt>
      <trkpt lat="35.69016" lon="139.95127">
        <ele>3.1</ele>
      </trkpt>
      <trkpt lat="35.69058" lon="139.95201">
        <ele>5.7</ele>
      </trkpt>
      <trkpt lat="35.69076" lon="139.95231">
        <ele>6.8</ele>
      </trkpt>
      <trkpt lat="35.69113" lon="139.95295">
        <ele>9.1</ele>
      </trkpt>
      <trkpt lat="35.6915" lon="139.95358">
        <ele>11.4</ele>
      </trkpt>
      <trkpt lat="35.69161" lon="139.95377">
        <ele>12.1</ele>
      </trkpt>
      <trkpt lat="35.6917" lon="139.95396">
        <ele>12.0</ele>
      </trkpt>
      <trkpt lat="35.69179" lon="139.95408">
        <ele>11.3</ele>
      </trkpt>
      <trkpt lat="35.69188" lon="139.95425">
        <ele>10.7</ele>
      </trkpt>
      <trkpt lat="35.6919" lon="139.95429">
        <ele>10.6</ele>
      </trkpt>
      <trkpt lat="35.69195" lon="139.95432">
        <ele>10.3</ele>
      </trkpt>
      <trkpt lat="35.69199" lon="139.9544">
        <ele>10.1</ele>
      </trkpt>
      <trkpt lat="35.69207" lon="139.95459">
        <ele>9.8</ele>
      </trkpt>
      <trkpt lat="35.69209" lon="139.9547">
        <ele>9.8</ele>
      </trkpt>
      <trkpt lat="35.69216" lon="139.9549">
        <ele>9.7</ele>
      </trkpt>
      <trkpt lat="35.6922" lon="139.95507">
        <ele>9.8</ele>
      </trkpt>
      <trkpt lat="35.6923" lon="139.95534">
        <ele>10.0</ele>
      </trkpt>
      <trkpt lat="35.69243" lon="139.95574">
        <ele>10.1</ele>
      </trkpt>
      <trkpt lat="35.69259" lon="139.95633">
        <ele>9.4</ele>
      </trkpt>
      <trkpt lat="35.69261" lon="139.95637">
        <ele>9.3</ele>
      </trkpt>
      <trkpt lat="35.69263" lon="139.95639">
        <ele>9.3</ele>
      </trkpt>
      <trkpt lat="35.6927" lon="139.95642">
        <ele>9.3</ele>
      </trkpt>
      <trkpt lat="35.69273" lon="139.95642">
        <ele>9.3</ele>
      </trkpt>
      <trkpt lat="35.69276" lon="139.95661">
        <ele>9.3</ele>
      </trkpt>
      <trkpt lat="35.69272" lon="139.95668">
        <ele>9.3</ele>
      </trkpt>
      <trkpt lat="35.69272" lon="139.95675">
        <ele>9.5</ele>
      </trkpt>
      <trkpt lat="35.69287" lon="139.95744">
        <ele>11.1</ele>
      </trkpt>
      <trkpt lat="35.69292" lon="139.95788">
        <ele>9.4</ele>
      </trkpt>
      <trkpt lat="35.69293" lon="139.95839">
        <ele>7.4</ele>
      </trkpt>
      <trkpt lat="35.69293" lon="139.95915">
        <ele>6.9</ele>
      </trkpt>
      <trkpt lat="35.69292" lon="139.96006">
        <ele>2.0</ele>
      </trkpt>
      <trkpt lat="35.6929" lon="139.96028">
        <ele>3.8</ele>
      </trkpt>
      <trkpt lat="35.69287" lon="139.96047">
        <ele>5.5</ele>
      </trkpt>
      <trkpt lat="35.69285" lon="139.96069">
        <ele>7.6</ele>
      </trkpt>
      <trkpt lat="35.6927" lon="139.96145">
        <ele>10.5</ele>
      </trkpt>
      <trkpt lat="35.69263" lon="139.9619">
        <ele>11.6</ele>
      </trkpt>
      <trkpt lat="35.69268" lon="139.96196">
        <ele>11.4</ele>
      </trkpt>
      <trkpt lat="35.6927" lon="139.96197">
        <ele>11.3</ele>
      </trkpt>
      <trkpt lat="35.69258" lon="139.9622">
        <ele>10.2</ele>
      </trkpt>
      <trkpt lat="35.69255" lon="139.96228">
        <ele>9.9</ele>
      </trkpt>
      <trkpt lat="35.69241" lon="139.96285">
        <ele>7.7</ele>
      </trkpt>
      <trkpt lat="35.69233" lon="139.96313">
        <ele>6.7</ele>
      </trkpt>
      <trkpt lat="35.69233" lon="139.96333">
        <ele>5.0</ele>
      </trkpt>
      <trkpt lat="35.69209" lon="139.96419">
        <ele>4.6</ele>
      </trkpt>
      <trkpt lat="35.69185" lon="139.96505">
        <ele>7.5</ele>
      </trkpt>
      <trkpt lat="35.69166" lon="139.96588">
        <ele>6.1</ele>
      </trkpt>
      <trkpt lat="35.69166" lon="139.96594">
        <ele>6.4</ele>
      </trkpt>
      <trkpt lat="35.69169" lon="139.966">
        <ele>6.6</ele>
      </trkpt>
      <trkpt lat="35.69164" lon="139.96621">
        <ele>7.2</ele>
      </trkpt>
      <trkpt lat="35.6916" lon="139.96625">
        <ele>7.2</ele>
      </trkpt>
      <trkpt lat="35.69157" lon="139.96629">
        <ele>7.2</ele>
      </trkpt>
      <trkpt lat="35.6914" lon="139.96695">
        <ele>7.7</ele>
      </trkpt>
      <trkpt lat="35.69123" lon="139.9676">
        <ele>7.7</ele>
      </trkpt>
      <trkpt lat="35.69106" lon="139.96823">
        <ele>5.8</ele>
      </trkpt>
      <trkpt lat="35.69106" lon="139.96823">
        <ele>5.8</ele>
      </trkpt>
      <trkpt lat="35.69091" lon="139.96876">
        <ele>3.7</ele>
      </trkpt>
      <trkpt lat="35.69071" lon="139.96943">
        <ele>2.8</ele>
      </trkpt>
      <trkpt lat="35.69051" lon="139.97003">
        <ele>4.3</ele>
      </trkpt>
      <trkpt lat="35.6904" lon="139.97045">
        <ele>5.4</ele>
      </trkpt>
      <trkpt lat="35.69037" lon="139.97059">
        <ele>5.8</ele>
      </trkpt>
      <trkpt lat="35.69017" lon="139.97136">
        <ele>7.8</ele>
      </trkpt>
      <trkpt lat="35.68996" lon="139.97213">
        <ele>7.4</ele>
      </trkpt>
      <trkpt lat="35.68976" lon="139.9729">
        <ele>6.5</ele>
      </trkpt>
      <trkpt lat="35.68971" lon="139.97309">
        <ele>6.4</ele>
      </trkpt>
      <trkpt lat="35.68966" lon="139.97308">
        <ele>6.5</ele>
      </trkpt>
      <trkpt lat="35.68944" lon="139.9739">
        <ele>6.7</ele>
      </trkpt>
      <trkpt lat="35.68923" lon="139.97472">
        <ele>5.5</ele>
      </trkpt>
      <trkpt lat="35.68913" lon="139.97512">
        <ele>5.5</ele>
      </trkpt>
      <trkpt lat="35.68885" lon="139.97616">
        <ele>5.5</ele>
      </trkpt>
      <trkpt lat="35.68858" lon="139.9772">
        <ele>5.5</ele>
      </trkpt>
      <trkpt lat="35.6883" lon="139.97823">
        <ele>5.5</ele>
      </trkpt>
      <trkpt lat="35.68814" lon="139.97886">
        <ele>5.5</ele>
      </trkpt>
      <trkpt lat="35.68798" lon="139.9795">
        <ele>5.5</ele>
      </trkpt>
      <trkpt lat="35.68774" lon="139.98035">
        <ele>5.6</ele>
      </trkpt>
      <trkpt lat="35.68752" lon="139.98118">
        <ele>6.1</ele>
      </trkpt>
      <trkpt lat="35.6873" lon="139.98202">
        <ele>6.5</ele>
      </trkpt>
      <trkpt lat="35.68704" lon="139.98302">
        <ele>7.1</ele>
      </trkpt>
      <trkpt lat="35.68678" lon="139.98402">
        <ele>7.7</ele>
      </trkpt>
      <trkpt lat="35.68652" lon="139.98502">
        <ele>8.3</ele>
      </trkpt>
      <trkpt lat="35.68652" lon="139.98502">
        <ele>8.3</ele>
      </trkpt>
      <trkpt lat="35.68629" lon="139.98588">
        <ele>8.8</ele>
      </trkpt>
      <trkpt lat="35.68606" lon="139.98675">
        <ele>9.3</ele>
      </trkpt>
      <trkpt lat="35.68583" lon="139.98761">
        <ele>9.8</ele>
      </trkpt>
      <trkpt lat="35.6856" lon="139.98848">
        <ele>10.4</ele>
      </trkpt>
      <trkpt lat="35.68538" lon="139.98934">
        <ele>10.9</ele>
      </trkpt>
      <trkpt lat="35.68527" lon="139.98969">
        <ele>11.1</ele>
      </trkpt>
      <trkpt lat="35.68503" lon="139.99041">
        <ele>11.5</ele>
      </trkpt>
      <trkpt lat="35.68475" lon="139.99113">
        <ele>12.0</ele>
      </trkpt>
      <trkpt lat="35.68467" lon="139.9913">
        <ele>13.3</ele>
      </trkpt>
      <trkpt lat="35.68467" lon="139.9913">
        <ele>13.3</ele>
      </trkpt>
      <trkpt lat="35.68439" lon="139.99194">
        <ele>15.1</ele>
      </trkpt>
      <trkpt lat="35.68397" lon="139.99282">
        <ele>12.2</ele>
      </trkpt>
      <trkpt lat="35.68355" lon="139.9937">
        <ele>9.3</ele>
      </trkpt>
      <trkpt lat="35.68313" lon="139.99457">
        <ele>7.6</ele>
      </trkpt>
      <trkpt lat="35.68275" lon="139.9954">
        <ele>7.2</ele>
      </trkpt>
      <trkpt lat="35.68236" lon="139.99622">
        <ele>6.5</ele>
      </trkpt>
      <trkpt lat="35.68197" lon="139.99705">
        <ele>5.8</ele>
      </trkpt>
      <trkpt lat="35.68159" lon="139.99787">
        <ele>4.3</ele>
      </trkpt>
      <trkpt lat="35.68153" lon="139.99792">
        <ele>4.3</ele>
      </trkpt>
      <trkpt lat="35.68148" lon="139.998">
        <ele>4.3</ele>
      </trkpt>
      <trkpt lat="35.68137" lon="139.99819">
        <ele>4.5</ele>
      </trkpt>
      <trkpt lat="35.68133" lon="139.99823">
        <ele>4.7</ele>
      </trkpt>
      <trkpt lat="35.68122" lon="139.99829">
        <ele>5.1</ele>
      </trkpt>
      <trkpt lat="35.68118" lon="139.99832">
        <ele>5.3</ele>
      </trkpt>
      <trkpt lat="35.68115" lon="139.99837">
        <ele>5.4</ele>
      </trkpt>
      <trkpt lat="35.68105" lon="139.99859">
        <ele>5.5</ele>
      </trkpt>
      <trkpt lat="35.68101" lon="139.99864">
        <ele>5.6</ele>
      </trkpt>
      <trkpt lat="35.6809" lon="139.99872">
        <ele>5.8</ele>
      </trkpt>
      <trkpt lat="35.68084" lon="139.99875">
        <ele>6.0</ele>
      </trkpt>
      <trkpt lat="35.68076" lon="139.99877">
        <ele>5.7</ele>
      </trkpt>
      <trkpt lat="35.68032" lon="139.99853">
        <ele>4.8</ele>
      </trkpt>
      <trkpt lat="35.68019" lon="139.99846">
        <ele>4.5</ele>
      </trkpt>
      <trkpt lat="35.68003" lon="139.9984">
        <ele>4.0</ele>
      </trkpt>
      <trkpt lat="35.68003" lon="139.9984">
        <ele>4.0</ele>
      </trkpt>
      <trkpt lat="35.67979" lon="139.99833">
        <ele>3.5</ele>
      </trkpt>
      <trkpt lat="35.6796" lon="139.9983">
        <ele>3.0</ele>
      </trkpt>
      <trkpt lat="35.67945" lon="139.99828">
        <ele>2.7</ele>
      </trkpt>
      <trkpt lat="35.67931" lon="139.99827">
        <ele>2.5</ele>
      </trkpt>
      <trkpt lat="35.67912" lon="139.99828">
        <ele>3.4</ele>
      </trkpt>
      <trkpt lat="35.67896" lon="139.9983">
        <ele>4.2</ele>
      </trkpt>
      <trkpt lat="35.67882" lon="139.99833">
        <ele>4.8</ele>
      </trkpt>
      <trkpt lat="35.67856" lon="139.99842">
        <ele>6.2</ele>
      </trkpt>
      <trkpt lat="35.67845" lon="139.99846">
        <ele>6.9</ele>
      </trkpt>
      <trkpt lat="35.67812" lon="139.99864">
        <ele>6.7</ele>
      </trkpt>
      <trkpt lat="35.6776" lon="139.99888">
        <ele>5.2</ele>
      </trkpt>
      <trkpt lat="35.67681" lon="139.99926">
        <ele>5.0</ele>
      </trkpt>
      <trkpt lat="35.67602" lon="139.99965">
        <ele>6.0</ele>
      </trkpt>
      <trkpt lat="35.67523" lon="140.00003">
        <ele>5.9</ele>
      </trkpt>
      <trkpt lat="35.67442" lon="140.00044">
        <ele>7.6</ele>
      </trkpt>
      <trkpt lat="35.67378" lon="140.00074">
        <ele>7.4</ele>
      </trkpt>
      <trkpt lat="35.6734" lon="140.0009">
        <ele>3.8</ele>
      </trkpt>
      <trkpt lat="35.67272" lon="140.00125">
        <ele>3.1</ele>
      </trkpt>
      <trkpt lat="35.67204" lon="140.0016">
        <ele>3.6</ele>
      </trkpt>
      <trkpt lat="35.67204" lon="140.0016">
        <ele>3.6</ele>
      </trkpt>
      <trkpt lat="35.67126" lon="140.00202">
        <ele>4.7</ele>
      </trkpt>
      <trkpt lat="35.6711" lon="140.00214">
        <ele>4.9</ele>
      </trkpt>
      <trkpt lat="35.67081" lon="140.0024">
        <ele>5.0</ele>
      </trkpt>
      <trkpt lat="35.67037" lon="140.00285">
        <ele>4.5</ele>
      </trkpt>
      <trkpt lat="35.6698" lon="140.00345">
        <ele>5.9</ele>
      </trkpt>
      <trkpt lat="35.66923" lon="140.00405">
        <ele>5.9</ele>
      </trkpt>
      <trkpt lat="35.66867" lon="140.00465">
        <ele>6.1</ele>
      </trkpt>
      <trkpt lat="35.66858" lon="140.00475">
        <ele>6.2</ele>
      </trkpt>
      <trkpt lat="35.66793" lon="140.00542">
        <ele>6.5</ele>
      </trkpt>
      <trkpt lat="35.66729" lon="140.00609">
        <ele>7.2</ele>
      </trkpt>
      <trkpt lat="35.66665" lon="140.00677">
        <ele>7.0</ele>
      </trkpt>
      <trkpt lat="35.66601" lon="140.00744">
        <ele>5.5</ele>
      </trkpt>
      <trkpt lat="35.66537" lon="140.00812">
        <ele>8.3</ele>
      </trkpt>
      <trkpt lat="35.66473" lon="140.00879">
        <ele>8.9</ele>
      </trkpt>
      <trkpt lat="35.66409" lon="140.00947">
        <ele>7.9</ele>
      </trkpt>
      <trkpt lat="35.66345" lon="140.01014">
        <ele>3.5</ele>
      </trkpt>
      <trkpt lat="35.66281" lon="140.01081">
        <ele>2.6</ele>
      </trkpt>
      <trkpt lat="35.66217" lon="140.01149">
        <ele>3.8</ele>
      </trkpt>
      <trkpt lat="35.66197" lon="140.0117">
        <ele>4.2</ele>
      </trkpt>
      <trkpt lat="35.66164" lon="140.01211">
        <ele>5.0</ele>
      </trkpt>
      <trkpt lat="35.6613" lon="140.01251">
        <ele>5.1</ele>
      </trkpt>
      <trkpt lat="35.66095" lon="140.01296">
        <ele>6.9</ele>
      </trkpt>
      <trkpt lat="35.66087" lon="140.01307">
        <ele>7.1</ele>
      </trkpt>
      <trkpt lat="35.66087" lon="140.01307">
        <ele>7.1</ele>
      </trkpt>
      <trkpt lat="35.66053" lon="140.01355">
        <ele>7.5</ele>
      </trkpt>
      <trkpt lat="35.6602" lon="140.01402">
        <ele>6.9</ele>
      </trkpt>
      <trkpt lat="35.65992" lon="140.01445">
        <ele>9.2</ele>
      </trkpt>
      <trkpt lat="35.6594" lon="140.01527">
        <ele>10.0</ele>
      </trkpt>
      <trkpt lat="35.65889" lon="140.0161">
        <ele>7.9</ele>
      </trkpt>
      <trkpt lat="35.65837" lon="140.01692">
        <ele>8.4</ele>
      </trkpt>
      <trkpt lat="35.65786" lon="140.01774">
        <ele>5.9</ele>
      </trkpt>
      <trkpt lat="35.65795" lon="140.01782">
        <ele>6.0</ele>
      </trkpt>
      <trkpt lat="35.65786" lon="140.01796">
        <ele>5.9</ele>
      </trkpt>
      <trkpt lat="35.65784" lon="140.01799">
        <ele>5.9</ele>
      </trkpt>
      <trkpt lat="35.65778" lon="140.01803">
        <ele>5.9</ele>
      </trkpt>
      <trkpt lat="35.65731" lon="140.01877">
        <ele>7.3</ele>
      </trkpt>
      <trkpt lat="35.65684" lon="140.01952">
        <ele>6.4</ele>
      </trkpt>
      <trkpt lat="35.65638" lon="140.02026">
        <ele>6.3</ele>
      </trkpt>
      <trkpt lat="35.65591" lon="140.021">
        <ele>5.4</ele>
      </trkpt>
      <trkpt lat="35.65592" lon="140.02106">
        <ele>5.5</ele>
      </trkpt>
      <trkpt lat="35.65587" lon="140.02113">
        <ele>5.4</ele>
      </trkpt>
      <trkpt lat="35.65582" lon="140.02121">
        <ele>5.5</ele>
      </trkpt>
      <trkpt lat="35.65578" lon="140.02127">
        <ele>5.7</ele>
      </trkpt>
      <trkpt lat="35.65573" lon="140.0213">
        <ele>5.8</ele>
      </trkpt>
      <trkpt lat="35.65532" lon="140.02193">
        <ele>7.1</ele>
      </trkpt>
      <trkpt lat="35.65528" lon="140.02201">
        <ele>7.1</ele>
      </trkpt>
      <trkpt lat="35.65524" lon="140.02208">
        <ele>7.0</ele>
      </trkpt>
      <trkpt lat="35.65513" lon="140.02224">
        <ele>6.7</ele>
      </trkpt>
      <trkpt lat="35.6551" lon="140.02228">
        <ele>6.6</ele>
      </trkpt>
      <trkpt lat="35.65507" lon="140.02238">
        <ele>6.4</ele>
      </trkpt>
      <trkpt lat="35.65473" lon="140.02286">
        <ele>5.3</ele>
      </trkpt>
      <trkpt lat="35.65449" lon="140.02317">
        <ele>4.9</ele>
      </trkpt>
      <trkpt lat="35.65401" lon="140.02376">
        <ele>4.7</ele>
      </trkpt>
      <trkpt lat="35.65353" lon="140.02435">
        <ele>4.3</ele>
      </trkpt>
      <trkpt lat="35.65344" lon="140.02448">
        <ele>4.2</ele>
      </trkpt>
      <trkpt lat="35.65342" lon="140.02451">
        <ele>4.2</ele>
      </trkpt>
      <trkpt lat="35.65338" lon="140.02456">
        <ele>4.1</ele>
      </trkpt>
      <trkpt lat="35.6532" lon="140.02484">
        <ele>4.1</ele>
      </trkpt>
      <trkpt lat="35.65315" lon="140.02491">
        <ele>4.1</ele>
      </trkpt>
      <trkpt lat="35.65301" lon="140.025">
        <ele>4.0</ele>
      </trkpt>
      <trkpt lat="35.6524" lon="140.02574">
        <ele>2.5</ele>
      </trkpt>
      <trkpt lat="35.65179" lon="140.02649">
        <ele>2.6</ele>
      </trkpt>
      <trkpt lat="35.65118" lon="140.02724">
        <ele>4.9</ele>
      </trkpt>
      <trkpt lat="35.65057" lon="140.02799">
        <ele>4.9</ele>
      </trkpt>
      <trkpt lat="35.65052" lon="140.02793">
        <ele>5.0</ele>
      </trkpt>
      <trkpt lat="35.65049" lon="140.02789">
        <ele>5.1</ele>
      </trkpt>
      <trkpt lat="35.64994" lon="140.02859">
        <ele>3.3</ele>
      </trkpt>
      <trkpt lat="35.6494" lon="140.02928">
        <ele>6.2</ele>
      </trkpt>
      <trkpt lat="35.64903" lon="140.02973">
        <ele>5.3</ele>
      </trkpt>
      <trkpt lat="35.64867" lon="140.0302">
        <ele>4.8</ele>
      </trkpt>
      <trkpt lat="35.6486" lon="140.0303">
        <ele>4.9</ele>
      </trkpt>
      <trkpt lat="35.64836" lon="140.03055">
        <ele>6.3</ele>
      </trkpt>
      <trkpt lat="35.64785" lon="140.03118">
        <ele>9.7</ele>
      </trkpt>
      <trkpt lat="35.64739" lon="140.03174">
        <ele>12.7</ele>
      </trkpt>
      <trkpt lat="35.64694" lon="140.03229">
        <ele>11.4</ele>
      </trkpt>
      <trkpt lat="35.64648" lon="140.03285">
        <ele>10.8</ele>
      </trkpt>
      <trkpt lat="35.64648" lon="140.03285">
        <ele>10.8</ele>
      </trkpt>
      <trkpt lat="35.64592" lon="140.03354">
        <ele>8.5</ele>
      </trkpt>
      <trkpt lat="35.64537" lon="140.03422">
        <ele>8.2</ele>
      </trkpt>
      <trkpt lat="35.64481" lon="140.0349">
        <ele>8.6</ele>
      </trkpt>
      <trkpt lat="35.64425" lon="140.03559">
        <ele>5.1</ele>
      </trkpt>
      <trkpt lat="35.64417" lon="140.03568">
        <ele>4.7</ele>
      </trkpt>
      <trkpt lat="35.64359" lon="140.0364">
        <ele>1.2</ele>
      </trkpt>
      <trkpt lat="35.64301" lon="140.03712">
        <ele>4.5</ele>
      </trkpt>
      <trkpt lat="35.64242" lon="140.03784">
        <ele>7.7</ele>
      </trkpt>
      <trkpt lat="35.64202" lon="140.03829">
        <ele>6.9</ele>
      </trkpt>
      <trkpt lat="35.64193" lon="140.03839">
        <ele>6.4</ele>
      </trkpt>
      <trkpt lat="35.64182" lon="140.03848">
        <ele>6.1</ele>
      </trkpt>
      <trkpt lat="35.64148" lon="140.03878">
        <ele>7.5</ele>
      </trkpt>
      <trkpt lat="35.64134" lon="140.03889">
        <ele>8.3</ele>
      </trkpt>
      <trkpt lat="35.64104" lon="140.03908">
        <ele>9.0</ele>
      </trkpt>
      <trkpt lat="35.64091" lon="140.03915">
        <ele>9.1</ele>
      </trkpt>
      <trkpt lat="35.64051" lon="140.03934">
        <ele>5.8</ele>
      </trkpt>
      <trkpt lat="35.64035" lon="140.0394">
        <ele>4.5</ele>
      </trkpt>
      <trkpt lat="35.63998" lon="140.03952">
        <ele>2.1</ele>
      </trkpt>
      <trkpt lat="35.63914" lon="140.03971">
        <ele>4.4</ele>
      </trkpt>
      <trkpt lat="35.6383" lon="140.03989">
        <ele>4.8</ele>
      </trkpt>
      <trkpt lat="35.63746" lon="140.04008">
        <ele>2.9</ele>
      </trkpt>
      <trkpt lat="35.63715" lon="140.04016">
        <ele>2.4</ele>
      </trkpt>
      <trkpt lat="35.63661" lon="140.04035">
        <ele>1.4</ele>
      </trkpt>
      <trkpt lat="35.63631" lon="140.04048">
        <ele>0.5</ele>
      </trkpt>
      <trkpt lat="35.63612" lon="140.04058">
        <ele>0.3</ele>
      </trkpt>
      <trkpt lat="35.63578" lon="140.04077">
        <ele>0.8</ele>
      </trkpt>
      <trkpt lat="35.6353" lon="140.04111">
        <ele>2.3</ele>
      </trkpt>
      <trkpt lat="35.63512" lon="140.04126">
        <ele>3.2</ele>
      </trkpt>
      <trkpt lat="35.63475" lon="140.04159">
        <ele>4.1</ele>
      </trkpt>
      <trkpt lat="35.63457" lon="140.04176">
        <ele>3.9</ele>
      </trkpt>
      <trkpt lat="35.63424" lon="140.04214">
        <ele>3.5</ele>
      </trkpt>
      <trkpt lat="35.63378" lon="140.0427">
        <ele>2.3</ele>
      </trkpt>
      <trkpt lat="35.63332" lon="140.04325">
        <ele>2.7</ele>
      </trkpt>
      <trkpt lat="35.63287" lon="140.0438">
        <ele>3.7</ele>
      </trkpt>
      <trkpt lat="35.63243" lon="140.04433">
        <ele>4.7</ele>
      </trkpt>
      <trkpt lat="35.63199" lon="140.04487">
        <ele>5.8</ele>
      </trkpt>
      <trkpt lat="35.63156" lon="140.0454">
        <ele>6.8</ele>
      </trkpt>
      <trkpt lat="35.63097" lon="140.04612">
        <ele>8.2</ele>
      </trkpt>
      <trkpt lat="35.63039" lon="140.04683">
        <ele>5.5</ele>
      </trkpt>
      <trkpt lat="35.6298" lon="140.04755">
        <ele>5.3</ele>
      </trkpt>
      <trkpt lat="35.62922" lon="140.04827">
        <ele>5.1</ele>
      </trkpt>
      <trkpt lat="35.62922" lon="140.04827">
        <ele>5.1</ele>
      </trkpt>
      <trkpt lat="35.6286" lon="140.04903">
        <ele>3.3</ele>
      </trkpt>
      <trkpt lat="35.62797" lon="140.04979">
        <ele>2.9</ele>
      </trkpt>
      <trkpt lat="35.62787" lon="140.0499">
        <ele>2.9</ele>
      </trkpt>
      <trkpt lat="35.62742" lon="140.05052">
        <ele>5.3</ele>
      </trkpt>
      <trkpt lat="35.62701" lon="140.05112">
        <ele>5.7</ele>
      </trkpt>
      <trkpt lat="35.6266" lon="140.05187">
        <ele>5.0</ele>
      </trkpt>
      <trkpt lat="35.62627" lon="140.05252">
        <ele>6.9</ele>
      </trkpt>
      <trkpt lat="35.626" lon="140.05315">
        <ele>6.4</ele>
      </trkpt>
      <trkpt lat="35.62578" lon="140.05376">
        <ele>6.1</ele>
      </trkpt>
      <trkpt lat="35.62555" lon="140.05452">
        <ele>6.3</ele>
      </trkpt>
      <trkpt lat="35.6254" lon="140.05514">
        <ele>6.3</ele>
      </trkpt>
      <trkpt lat="35.62524" lon="140.05576">
        <ele>5.2</ele>
      </trkpt>
      <trkpt lat="35.6252" lon="140.05587">
        <ele>5.0</ele>
      </trkpt>
      <trkpt lat="35.62515" lon="140.05606">
        <ele>5.0</ele>
      </trkpt>
      <trkpt lat="35.62495" lon="140.05683">
        <ele>4.9</ele>
      </trkpt>
      <trkpt lat="35.62475" lon="140.05759">
        <ele>3.9</ele>
      </trkpt>
      <trkpt lat="35.62462" lon="140.05799">
        <ele>3.9</ele>
      </trkpt>
      <trkpt lat="35.62452" lon="140.05823">
        <ele>4.3</ele>
      </trkpt>
      <trkpt lat="35.62437" lon="140.05856">
        <ele>4.9</ele>
      </trkpt>
      <trkpt lat="35.62418" lon="140.05892">
        <ele>5.7</ele>
      </trkpt>
      <trkpt lat="35.62381" lon="140.05947">
        <ele>5.7</ele>
      </trkpt>
      <trkpt lat="35.62358" lon="140.05976">
        <ele>5.7</ele>
      </trkpt>
      <trkpt lat="35.62351" lon="140.05986">
        <ele>5.7</ele>
      </trkpt>
      <trkpt lat="35.6229" lon="140.06057">
        <ele>5.7</ele>
      </trkpt>
      <trkpt lat="35.6223" lon="140.06128">
        <ele>5.8</ele>
      </trkpt>
      <trkpt lat="35.62169" lon="140.06199">
        <ele>5.4</ele>
      </trkpt>
      <trkpt lat="35.62109" lon="140.0627">
        <ele>5.4</ele>
      </trkpt>
      <trkpt lat="35.62049" lon="140.06341">
        <ele>5.7</ele>
      </trkpt>
      <trkpt lat="35.61988" lon="140.06412">
        <ele>3.7</ele>
      </trkpt>
      <trkpt lat="35.61928" lon="140.06483">
        <ele>4.4</ele>
      </trkpt>
      <trkpt lat="35.61867" lon="140.06554">
        <ele>0.3</ele>
      </trkpt>
      <trkpt lat="35.61867" lon="140.06554">
        <ele>0.3</ele>
      </trkpt>
      <trkpt lat="35.61808" lon="140.06624">
        <ele>0.4</ele>
      </trkpt>
      <trkpt lat="35.61748" lon="140.06694">
        <ele>3.6</ele>
      </trkpt>
      <trkpt lat="35.61689" lon="140.06764">
        <ele>3.0</ele>
      </trkpt>
      <trkpt lat="35.6163" lon="140.06834">
        <ele>4.4</ele>
      </trkpt>
      <trkpt lat="35.6159" lon="140.06878">
        <ele>3.4</ele>
      </trkpt>
      <trkpt lat="35.61551" lon="140.06923">
        <ele>2.0</ele>
      </trkpt>
      <trkpt lat="35.61529" lon="140.06944">
        <ele>2.0</ele>
      </trkpt>
      <trkpt lat="35.61495" lon="140.06973">
        <ele>2.0</ele>
      </trkpt>
      <trkpt lat="35.61463" lon="140.06995">
        <ele>1.6</ele>
      </trkpt>
      <trkpt lat="35.61425" lon="140.07016">
        <ele>0.8</ele>
      </trkpt>
      <trkpt lat="35.61407" lon="140.07024">
        <ele>0.4</ele>
      </trkpt>
      <trkpt lat="35.61373" lon="140.07037">
        <ele>-0.1</ele>
      </trkpt>
      <trkpt lat="35.61337" lon="140.07047">
        <ele>-0.8</ele>
      </trkpt>
      <trkpt lat="35.61316" lon="140.0705">
        <ele>-0.9</ele>
      </trkpt>
      <trkpt lat="35.61256" lon="140.07058">
        <ele>-0.8</ele>
      </trkpt>
      <trkpt lat="35.61196" lon="140.07066">
        <ele>-0.2</ele>
      </trkpt>
      <trkpt lat="35.6119" lon="140.0707">
        <ele>0.0</ele>
      </trkpt>
      <trkpt lat="35.61186" lon="140.07071">
        <ele>0.1</ele>
      </trkpt>
      <trkpt lat="35.61183" lon="140.07073">
        <ele>0.2</ele>
      </trkpt>
      <trkpt lat="35.61181" lon="140.0708">
        <ele>0.5</ele>
      </trkpt>
      <trkpt lat="35.61181" lon="140.07085">
        <ele>0.7</ele>
      </trkpt>
      <trkpt lat="35.61182" lon="140.07089">
        <ele>0.7</ele>
      </trkpt>
      <trkpt lat="35.61194" lon="140.071">
        <ele>0.7</ele>
      </trkpt>
      <trkpt lat="35.61197" lon="140.07107">
        <ele>0.8</ele>
      </trkpt>
      <trkpt lat="35.61208" lon="140.07115">
        <ele>0.8</ele>
      </trkpt>
      <trkpt lat="35.61262" lon="140.07172">
        <ele>1.9</ele>
      </trkpt>
      <trkpt lat="35.61317" lon="140.07229">
        <ele>1.9</ele>
      </trkpt>
      <trkpt lat="35.61371" lon="140.07285">
        <ele>2.5</ele>
      </trkpt>
      <trkpt lat="35.61371" lon="140.07285">
        <ele>2.5</ele>
      </trkpt>
      <trkpt lat="35.61433" lon="140.0735">
        <ele>2.7</ele>
      </trkpt>
      <trkpt lat="35.61496" lon="140.07416">
        <ele>3.1</ele>
      </trkpt>
      <trkpt lat="35.61558" lon="140.07482">
        <ele>3.7</ele>
      </trkpt>
      <trkpt lat="35.61627" lon="140.07552">
        <ele>2.8</ele>
      </trkpt>
      <trkpt lat="35.61696" lon="140.07623">
        <ele>2.6</ele>
      </trkpt>
      <trkpt lat="35.61742" lon="140.0767">
        <ele>2.3</ele>
      </trkpt>
      <trkpt lat="35.61788" lon="140.07718">
        <ele>3.5</ele>
      </trkpt>
      <trkpt lat="35.6183" lon="140.07763">
        <ele>3.2</ele>
      </trkpt>
      <trkpt lat="35.61873" lon="140.07807">
        <ele>3.8</ele>
      </trkpt>
      <trkpt lat="35.61933" lon="140.0787">
        <ele>1.9</ele>
      </trkpt>
      <trkpt lat="35.61994" lon="140.07933">
        <ele>0.8</ele>
      </trkpt>
      <trkpt lat="35.62054" lon="140.07996">
        <ele>0.9</ele>
      </trkpt>
      <trkpt lat="35.62115" lon="140.08059">
        <ele>0.8</ele>
      </trkpt>
      <trkpt lat="35.62175" lon="140.08122">
        <ele>-0.2</ele>
      </trkpt>
      <trkpt lat="35.62235" lon="140.08185">
        <ele>1.1</ele>
      </trkpt>
      <trkpt lat="35.62296" lon="140.08248">
        <ele>2.9</ele>
      </trkpt>
      <trkpt lat="35.62356" lon="140.08311">
        <ele>2.6</ele>
      </trkpt>
      <trkpt lat="35.62356" lon="140.08311">
        <ele>2.6</ele>
      </trkpt>
      <trkpt lat="35.62405" lon="140.08361">
        <ele>2.7</ele>
      </trkpt>
      <trkpt lat="35.62454" lon="140.08412">
        <ele>4.1</ele>
      </trkpt>
      <trkpt lat="35.62503" lon="140.08462">
        <ele>3.4</ele>
      </trkpt>
      <trkpt lat="35.62442" lon="140.08524">
        <ele>5.4</ele>
      </trkpt>
      <trkpt lat="35.62442" lon="140.08524">
        <ele>5.4</ele>
      </trkpt>
      <trkpt lat="35.62376" lon="140.08591">
        <ele>6.0</ele>
      </trkpt>
      <trkpt lat="35.6231" lon="140.08658">
        <ele>6.1</ele>
      </trkpt>
      <trkpt lat="35.62244" lon="140.08725">
        <ele>6.2</ele>
      </trkpt>
      <trkpt lat="35.62179" lon="140.08793">
        <ele>6.0</ele>
      </trkpt>
      <trkpt lat="35.62113" lon="140.0886">
        <ele>4.7</ele>
      </trkpt>
      <trkpt lat="35.62047" lon="140.08927">
        <ele>4.1</ele>
      </trkpt>
      <trkpt lat="35.61981" lon="140.08995">
        <ele>4.4</ele>
      </trkpt>
      <trkpt lat="35.61916" lon="140.09062">
        <ele>7.5</ele>
      </trkpt>
      <trkpt lat="35.61859" lon="140.0912">
        <ele>9.3</ele>
      </trkpt>
      <trkpt lat="35.61802" lon="140.09177">
        <ele>10.4</ele>
      </trkpt>
      <trkpt lat="35.61746" lon="140.09235">
        <ele>7.5</ele>
      </trkpt>
      <trkpt lat="35.6169" lon="140.09292">
        <ele>3.8</ele>
      </trkpt>
      <trkpt lat="35.61633" lon="140.0935">
        <ele>3.4</ele>
      </trkpt>
      <trkpt lat="35.61633" lon="140.0935">
        <ele>3.4</ele>
      </trkpt>
      <trkpt lat="35.61575" lon="140.09409">
        <ele>7.7</ele>
      </trkpt>
      <trkpt lat="35.61517" lon="140.09468">
        <ele>2.9</ele>
      </trkpt>
      <trkpt lat="35.61459" lon="140.09527">
        <ele>3.8</ele>
      </trkpt>
      <trkpt lat="35.61408" lon="140.0958">
        <ele>6.6</ele>
      </trkpt>
      <trkpt lat="35.61358" lon="140.09632">
        <ele>6.2</ele>
      </trkpt>
      <trkpt lat="35.61307" lon="140.09685">
        <ele>4.7</ele>
      </trkpt>
      <trkpt lat="35.61255" lon="140.09738">
        <ele>3.8</ele>
      </trkpt>
      <trkpt lat="35.61202" lon="140.09791">
        <ele>5.4</ele>
      </trkpt>
      <trkpt lat="35.6115" lon="140.09844">
        <ele>5.5</ele>
      </trkpt>
      <trkpt lat="35.61097" lon="140.09897">
        <ele>5.5</ele>
      </trkpt>
      <trkpt lat="35.61036" lon="140.09959">
        <ele>4.0</ele>
      </trkpt>
      <trkpt lat="35.60976" lon="140.10021">
        <ele>4.6</ele>
      </trkpt>
      <trkpt lat="35.60915" lon="140.10083">
        <ele>5.0</ele>
      </trkpt>
      <trkpt lat="35.60915" lon="140.10083">
        <ele>5.0</ele>
      </trkpt>
      <trkpt lat="35.60851" lon="140.10146">
        <ele>5.9</ele>
      </trkpt>
      <trkpt lat="35.6081" lon="140.10189">
        <ele>8.3</ele>
      </trkpt>
      <trkpt lat="35.60769" lon="140.10232">
        <ele>13.5</ele>
      </trkpt>
      <trkpt lat="35.6071" lon="140.10293">
        <ele>12.7</ele>
      </trkpt>
      <trkpt lat="35.6065" lon="140.10353">
        <ele>9.0</ele>
      </trkpt>
      <trkpt lat="35.6059" lon="140.10414">
        <ele>9.1</ele>
      </trkpt>
      <trkpt lat="35.6053" lon="140.10475">
        <ele>7.0</ele>
      </trkpt>
      <trkpt lat="35.60524" lon="140.10483">
        <ele>6.8</ele>
      </trkpt>
      <trkpt lat="35.60482" lon="140.10525">
        <ele>5.1</ele>
      </trkpt>
      <trkpt lat="35.60441" lon="140.10567">
        <ele>4.6</ele>
      </trkpt>
      <trkpt lat="35.60382" lon="140.10627">
        <ele>3.9</ele>
      </trkpt>
      <trkpt lat="35.60324" lon="140.10688">
        <ele>4.3</ele>
      </trkpt>
      <trkpt lat="35.60319" lon="140.10692">
        <ele>4.4</ele>
      </trkpt>
      <trkpt lat="35.60262" lon="140.1075">
        <ele>4.9</ele>
      </trkpt>
      <trkpt lat="35.60206" lon="140.10807">
        <ele>3.7</ele>
      </trkpt>
      <trkpt lat="35.60149" lon="140.10864">
        <ele>3.5</ele>
      </trkpt>
      <trkpt lat="35.60093" lon="140.10922">
        <ele>6.4</ele>
      </trkpt>
      <trkpt lat="35.60093" lon="140.10922">
        <ele>6.4</ele>
      </trkpt>
      <trkpt lat="35.60032" lon="140.10984">
        <ele>6.1</ele>
      </trkpt>
      <trkpt lat="35.59971" lon="140.11047">
        <ele>5.4</ele>
      </trkpt>
      <trkpt lat="35.59919" lon="140.11099">
        <ele>3.9</ele>
      </trkpt>
      <trkpt lat="35.59867" lon="140.11151">
        <ele>4.6</ele>
      </trkpt>
      <trkpt lat="35.59836" lon="140.11186">
        <ele>4.9</ele>
      </trkpt>
      <trkpt lat="35.59814" lon="140.11217">
        <ele>4.9</ele>
      </trkpt>
      <trkpt lat="35.59858" lon="140.11268">
        <ele>4.0</ele>
      </trkpt>
      <trkpt lat="35.59903" lon="140.11319">
        <ele>2.4</ele>
      </trkpt>
      <trkpt lat="35.59953" lon="140.11378">
        <ele>3.8</ele>
      </trkpt>
      <trkpt lat="35.60004" lon="140.11437">
        <ele>4.0</ele>
      </trkpt>
      <trkpt lat="35.60055" lon="140.11496">
        <ele>3.3</ele>
      </trkpt>
      <trkpt lat="35.60076" lon="140.11509">
        <ele>3.2</ele>
      </trkpt>
      <trkpt lat="35.60113" lon="140.11547">
        <ele>3.5</ele>
      </trkpt>
      <trkpt lat="35.60151" lon="140.11585">
        <ele>3.2</ele>
      </trkpt>
      <trkpt lat="35.60105" lon="140.11627">
        <ele>4.1</ele>
      </trkpt>
      <trkpt lat="35.60102" lon="140.11631">
        <ele>4.2</ele>
      </trkpt>
      <trkpt lat="35.601" lon="140.11638">
        <ele>4.3</ele>
      </trkpt>
      <trkpt lat="35.60106" lon="140.11706">
        <ele>4.3</ele>
      </trkpt>
      <trkpt lat="35.60111" lon="140.11774">
        <ele>3.6</ele>
      </trkpt>
      <trkpt lat="35.60113" lon="140.11817">
        <ele>3.1</ele>
      </trkpt>
      <trkpt lat="35.60111" lon="140.11854">
        <ele>2.8</ele>
      </trkpt>
      <trkpt lat="35.60108" lon="140.11867">
        <ele>2.6</ele>
      </trkpt>
      <trkpt lat="35.60104" lon="140.11877">
        <ele>2.5</ele>
      </trkpt>
      <trkpt lat="35.60097" lon="140.11886">
        <ele>2.4</ele>
      </trkpt>
      <trkpt lat="35.60091" lon="140.11891">
        <ele>2.3</ele>
      </trkpt>
      <trkpt lat="35.60024" lon="140.11917">
        <ele>1.3</ele>
      </trkpt>
      <trkpt lat="35.59977" lon="140.11936">
        <ele>1.4</ele>
      </trkpt>
      <trkpt lat="35.59931" lon="140.11955">
        <ele>2.6</ele>
      </trkpt>
      <trkpt lat="35.5991" lon="140.11963">
        <ele>3.0</ele>
      </trkpt>
      <trkpt lat="35.59887" lon="140.11969">
        <ele>2.8</ele>
      </trkpt>
      <trkpt lat="35.59861" lon="140.11974">
        <ele>2.5</ele>
      </trkpt>
      <trkpt lat="35.59847" lon="140.11975">
        <ele>2.4</ele>
      </trkpt>
      <trkpt lat="35.59773" lon="140.11969">
        <ele>1.5</ele>
      </trkpt>
      <trkpt lat="35.59751" lon="140.11968">
        <ele>1.2</ele>
      </trkpt>
      <trkpt lat="35.59742" lon="140.11969">
        <ele>1.3</ele>
      </trkpt>
      <trkpt lat="35.59711" lon="140.11978">
        <ele>1.9</ele>
      </trkpt>
      <trkpt lat="35.59676" lon="140.11991">
        <ele>2.8</ele>
      </trkpt>
      <trkpt lat="35.59651" lon="140.12002">
        <ele>3.2</ele>
      </trkpt>
      <trkpt lat="35.59584" lon="140.1204">
        <ele>3.5</ele>
      </trkpt>
      <trkpt lat="35.5955" lon="140.12063">
        <ele>3.3</ele>
      </trkpt>
      <trkpt lat="35.59514" lon="140.11965">
        <ele>3.4</ele>
      </trkpt>
      <trkpt lat="35.59452" lon="140.12009">
        <ele>3.8</ele>
      </trkpt>
      <trkpt lat="35.59389" lon="140.12052">
        <ele>4.1</ele>
      </trkpt>
      <trkpt lat="35.59377" lon="140.12038">
        <ele>4.2</ele>
      </trkpt>
      <trkpt lat="35.59353" lon="140.1198">
        <ele>4.3</ele>
      </trkpt>
      <trkpt lat="35.59346" lon="140.11964">
        <ele>4.3</ele>
      </trkpt>
      <trkpt lat="35.59339" lon="140.11955">
        <ele>4.3</ele>
      </trkpt>
      <trkpt lat="35.59328" lon="140.11943">
        <ele>4.4</ele>
      </trkpt>
      <trkpt lat="35.59314" lon="140.1193">
        <ele>4.4</ele>
      </trkpt>
      <trkpt lat="35.593" lon="140.11922">
        <ele>4.5</ele>
      </trkpt>
      <trkpt lat="35.59291" lon="140.11919">
        <ele>4.6</ele>
      </trkpt>
      <trkpt lat="35.59282" lon="140.11918">
        <ele>4.6</ele>
      </trkpt>
      <trkpt lat="35.59266" lon="140.11918">
        <ele>4.8</ele>
      </trkpt>
      <trkpt lat="35.59247" lon="140.11921">
        <ele>5.1</ele>
      </trkpt>
      <trkpt lat="35.59233" lon="140.11926">
        <ele>5.0</ele>
      </trkpt>
      <trkpt lat="35.59183" lon="140.11956">
        <ele>4.8</ele>
      </trkpt>
      <trkpt lat="35.59175" lon="140.11963">
        <ele>4.7</ele>
      </trkpt>
      <trkpt lat="35.59148" lon="140.11991">
        <ele>4.3</ele>
      </trkpt>
      <trkpt lat="35.59082" lon="140.12065">
        <ele>-0.3</ele>
      </trkpt>
      <trkpt lat="35.59061" lon="140.12085">
        <ele>0.6</ele>
      </trkpt>
      <trkpt lat="35.59046" lon="140.12096">
        <ele>1.7</ele>
      </trkpt>
      <trkpt lat="35.5903" lon="140.12106">
        <ele>2.7</ele>
      </trkpt>
      <trkpt lat="35.59011" lon="140.12114">
        <ele>3.7</ele>
      </trkpt>
      <trkpt lat="35.59002" lon="140.12116">
        <ele>4.1</ele>
      </trkpt>
      <trkpt lat="35.5898" lon="140.12121">
        <ele>4.7</ele>
      </trkpt>
      <trkpt lat="35.58936" lon="140.12124">
        <ele>5.9</ele>
      </trkpt>
      <trkpt lat="35.58936" lon="140.12124">
        <ele>5.9</ele>
      </trkpt>
      <trkpt lat="35.58874" lon="140.12128">
        <ele>6.5</ele>
      </trkpt>
      <trkpt lat="35.58816" lon="140.12137">
        <ele>7.2</ele>
      </trkpt>
      <trkpt lat="35.58751" lon="140.12141">
        <ele>9.4</ele>
      </trkpt>
      <trkpt lat="35.58687" lon="140.12145">
        <ele>5.8</ele>
      </trkpt>
      <trkpt lat="35.58641" lon="140.12151">
        <ele>4.2</ele>
      </trkpt>
      <trkpt lat="35.58602" lon="140.12161">
        <ele>3.5</ele>
      </trkpt>
      <trkpt lat="35.58562" lon="140.12177">
        <ele>2.5</ele>
      </trkpt>
      <trkpt lat="35.58515" lon="140.122">
        <ele>1.7</ele>
      </trkpt>
      <trkpt lat="35.58471" lon="140.12225">
        <ele>2.3</ele>
      </trkpt>
      <trkpt lat="35.58434" lon="140.1225">
        <ele>2.8</ele>
      </trkpt>
      <trkpt lat="35.58415" lon="140.12259">
        <ele>3.3</ele>
      </trkpt>
      <trkpt lat="35.58402" lon="140.12264">
        <ele>3.7</ele>
      </trkpt>
      <trkpt lat="35.58372" lon="140.12273">
        <ele>4.8</ele>
      </trkpt>
      <trkpt lat="35.58357" lon="140.12276">
        <ele>5.3</ele>
      </trkpt>
      <trkpt lat="35.58313" lon="140.1228">
        <ele>6.5</ele>
      </trkpt>
      <trkpt lat="35.5825" lon="140.12291">
        <ele>8.0</ele>
      </trkpt>
      <trkpt lat="35.58187" lon="140.12302">
        <ele>7.2</ele>
      </trkpt>
      <trkpt lat="35.58166" lon="140.12305">
        <ele>7.0</ele>
      </trkpt>
      <trkpt lat="35.58114" lon="140.12317">
        <ele>5.5</ele>
      </trkpt>
      <trkpt lat="35.58041" lon="140.12341">
        <ele>4.2</ele>
      </trkpt>
      <trkpt lat="35.57968" lon="140.12365">
        <ele>7.2</ele>
      </trkpt>
      <trkpt lat="35.57961" lon="140.12366">
        <ele>7.6</ele>
      </trkpt>
      <trkpt lat="35.57903" lon="140.12384">
        <ele>9.5</ele>
      </trkpt>
      <trkpt lat="35.57851" lon="140.12399">
        <ele>8.4</ele>
      </trkpt>
      <trkpt lat="35.57798" lon="140.12414">
        <ele>11.3</ele>
      </trkpt>
      <trkpt lat="35.57751" lon="140.12426">
        <ele>16.0</ele>
      </trkpt>
      <trkpt lat="35.57703" lon="140.12438">
        <ele>14.4</ele>
      </trkpt>
      <trkpt lat="35.57703" lon="140.12438">
        <ele>14.4</ele>
      </trkpt>
      <trkpt lat="35.57676" lon="140.12446">
        <ele>13.3</ele>
      </trkpt>
      <trkpt lat="35.57642" lon="140.12457">
        <ele>12.0</ele>
      </trkpt>
      <trkpt lat="35.57558" lon="140.12478">
        <ele>10.1</ele>
      </trkpt>
      <trkpt lat="35.57515" lon="140.12485">
        <ele>10.3</ele>
      </trkpt>
      <trkpt lat="35.57455" lon="140.125">
        <ele>12.2</ele>
      </trkpt>
      <trkpt lat="35.57395" lon="140.12515">
        <ele>13.9</ele>
      </trkpt>
      <trkpt lat="35.57382" lon="140.12519">
        <ele>14.1</ele>
      </trkpt>
      <trkpt lat="35.57369" lon="140.12524">
        <ele>14.2</ele>
      </trkpt>
      <trkpt lat="35.5735" lon="140.12534">
        <ele>14.3</ele>
      </trkpt>
      <trkpt lat="35.57344" lon="140.12538">
        <ele>14.4</ele>
      </trkpt>
      <trkpt lat="35.57328" lon="140.12552">
        <ele>14.2</ele>
      </trkpt>
      <trkpt lat="35.57312" lon="140.12569">
        <ele>13.4</ele>
      </trkpt>
      <trkpt lat="35.57303" lon="140.12581">
        <ele>12.9</ele>
      </trkpt>
      <trkpt lat="35.57295" lon="140.12593">
        <ele>11.8</ele>
      </trkpt>
      <trkpt lat="35.57287" lon="140.12608">
        <ele>10.3</ele>
      </trkpt>
      <trkpt lat="35.57275" lon="140.12637">
        <ele>7.9</ele>
      </trkpt>
      <trkpt lat="35.57271" lon="140.12653">
        <ele>6.7</ele>
      </trkpt>
      <trkpt lat="35.57268" lon="140.12669">
        <ele>5.7</ele>
      </trkpt>
      <trkpt lat="35.57266" lon="140.12701">
        <ele>4.4</ele>
      </trkpt>
      <trkpt lat="35.57267" lon="140.12732">
        <ele>3.1</ele>
      </trkpt>
      <trkpt lat="35.57276" lon="140.12792">
        <ele>2.5</ele>
      </trkpt>
      <trkpt lat="35.57285" lon="140.12852">
        <ele>2.3</ele>
      </trkpt>
      <trkpt lat="35.57282" lon="140.12864">
        <ele>2.2</ele>
      </trkpt>
      <trkpt lat="35.57291" lon="140.12937">
        <ele>2.4</ele>
      </trkpt>
      <trkpt lat="35.57221" lon="140.12951">
        <ele>1.9</ele>
      </trkpt>
      <trkpt lat="35.57189" lon="140.12959">
        <ele>2.0</ele>
      </trkpt>
      <trkpt lat="35.57119" lon="140.12975">
        <ele>1.8</ele>
      </trkpt>
      <trkpt lat="35.57045" lon="140.12981">
        <ele>1.2</ele>
      </trkpt>
      <trkpt lat="35.57021" lon="140.12985">
        <ele>1.0</ele>
      </trkpt>
      <trkpt lat="35.57" lon="140.12997">
        <ele>1.0</ele>
      </trkpt>
      <trkpt lat="35.56994" lon="140.12988">
        <ele>1.0</ele>
      </trkpt>
      <trkpt lat="35.56991" lon="140.12986">
        <ele>1.1</ele>
      </trkpt>
      <trkpt lat="35.56988" lon="140.12984">
        <ele>1.2</ele>
      </trkpt>
      <trkpt lat="35.56937" lon="140.12979">
        <ele>2.4</ele>
      </trkpt>
      <trkpt lat="35.56854" lon="140.12972">
        <ele>1.9</ele>
      </trkpt>
      <trkpt lat="35.56847" lon="140.12981">
        <ele>1.7</ele>
      </trkpt>
      <trkpt lat="35.56835" lon="140.12987">
        <ele>1.4</ele>
      </trkpt>
      <trkpt lat="35.56821" lon="140.12992">
        <ele>1.3</ele>
      </trkpt>
      <trkpt lat="35.56809" lon="140.12994">
        <ele>1.4</ele>
      </trkpt>
      <trkpt lat="35.56777" lon="140.12992">
        <ele>1.7</ele>
      </trkpt>
      <trkpt lat="35.56725" lon="140.12986">
        <ele>2.0</ele>
      </trkpt>
      <trkpt lat="35.56692" lon="140.12984">
        <ele>2.2</ele>
      </trkpt>
      <trkpt lat="35.56645" lon="140.12982">
        <ele>2.9</ele>
      </trkpt>
      <trkpt lat="35.56594" lon="140.12977">
        <ele>4.5</ele>
      </trkpt>
      <trkpt lat="35.56516" lon="140.12967">
        <ele>2.9</ele>
      </trkpt>
      <trkpt lat="35.56438" lon="140.12957">
        <ele>2.7</ele>
      </trkpt>
      <trkpt lat="35.56423" lon="140.12952">
        <ele>2.6</ele>
      </trkpt>
      <trkpt lat="35.56392" lon="140.12939">
        <ele>2.5</ele>
      </trkpt>
      <trkpt lat="35.5636" lon="140.12926">
        <ele>2.5</ele>
      </trkpt>
      <trkpt lat="35.56348" lon="140.12922">
        <ele>2.3</ele>
      </trkpt>
      <trkpt lat="35.56334" lon="140.1292">
        <ele>2.1</ele>
      </trkpt>
      <trkpt lat="35.56265" lon="140.12914">
        <ele>2.0</ele>
      </trkpt>
      <trkpt lat="35.56195" lon="140.12908">
        <ele>2.7</ele>
      </trkpt>
      <trkpt lat="35.56153" lon="140.12902">
        <ele>2.9</ele>
      </trkpt>
      <trkpt lat="35.56113" lon="140.12893">
        <ele>2.7</ele>
      </trkpt>
      <trkpt lat="35.56074" lon="140.12883">
        <ele>2.5</ele>
      </trkpt>
      <trkpt lat="35.56037" lon="140.1287">
        <ele>1.7</ele>
      </trkpt>
      <trkpt lat="35.56037" lon="140.1287">
        <ele>1.7</ele>
      </trkpt>
      <trkpt lat="35.56037" lon="140.1287">
        <ele>1.7</ele>
      </trkpt>
      <trkpt lat="35.55987" lon="140.12849">
        <ele>1.3</ele>
      </trkpt>
      <trkpt lat="35.55965" lon="140.12841">
        <ele>1.1</ele>
      </trkpt>
      <trkpt lat="35.55938" lon="140.1283">
        <ele>1.0</ele>
      </trkpt>
      <trkpt lat="35.55876" lon="140.12804">
        <ele>2.5</ele>
      </trkpt>
      <trkpt lat="35.55813" lon="140.12781">
        <ele>3.3</ele>
      </trkpt>
      <trkpt lat="35.55799" lon="140.12778">
        <ele>3.3</ele>
      </trkpt>
      <trkpt lat="35.55779" lon="140.12775">
        <ele>3.4</ele>
      </trkpt>
      <trkpt lat="35.55721" lon="140.12773">
        <ele>3.3</ele>
      </trkpt>
      <trkpt lat="35.55715" lon="140.12772">
        <ele>3.3</ele>
      </trkpt>
      <trkpt lat="35.55658" lon="140.12761">
        <ele>2.9</ele>
      </trkpt>
      <trkpt lat="35.55601" lon="140.12749">
        <ele>2.2</ele>
      </trkpt>
      <trkpt lat="35.55582" lon="140.12747">
        <ele>2.1</ele>
      </trkpt>
      <trkpt lat="35.55531" lon="140.12748">
        <ele>2.1</ele>
      </trkpt>
      <trkpt lat="35.55504" lon="140.12747">
        <ele>2.2</ele>
      </trkpt>
      <trkpt lat="35.55493" lon="140.12746">
        <ele>2.4</ele>
      </trkpt>
      <trkpt lat="35.55418" lon="140.12728">
        <ele>4.3</ele>
      </trkpt>
      <trkpt lat="35.55381" lon="140.12723">
        <ele>3.8</ele>
      </trkpt>
      <trkpt lat="35.55342" lon="140.12721">
        <ele>3.1</ele>
      </trkpt>
      <trkpt lat="35.5529" lon="140.12719">
        <ele>3.3</ele>
      </trkpt>
      <trkpt lat="35.55235" lon="140.1272">
        <ele>3.4</ele>
      </trkpt>
      <trkpt lat="35.55181" lon="140.12724">
        <ele>2.6</ele>
      </trkpt>
      <trkpt lat="35.55126" lon="140.12729">
        <ele>1.9</ele>
      </trkpt>
      <trkpt lat="35.55108" lon="140.1273">
        <ele>1.6</ele>
      </trkpt>
      <trkpt lat="35.55086" lon="140.12729">
        <ele>1.3</ele>
      </trkpt>
      <trkpt lat="35.55077" lon="140.12728">
        <ele>1.5</ele>
      </trkpt>
      <trkpt lat="35.55056" lon="140.12723">
        <ele>2.3</ele>
      </trkpt>
      <trkpt lat="35.5504" lon="140.12718">
        <ele>2.9</ele>
      </trkpt>
      <trkpt lat="35.5503" lon="140.12713">
        <ele>3.3</ele>
      </trkpt>
      <trkpt lat="35.5503" lon="140.12713">
        <ele>3.3</ele>
      </trkpt>
      <trkpt lat="35.54996" lon="140.12697">
        <ele>4.5</ele>
      </trkpt>
      <trkpt lat="35.54918" lon="140.12667">
        <ele>8.9</ele>
      </trkpt>
      <trkpt lat="35.54904" lon="140.12663">
        <ele>8.1</ele>
      </trkpt>
      <trkpt lat="35.54864" lon="140.12656">
        <ele>5.9</ele>
      </trkpt>
      <trkpt lat="35.5482" lon="140.12651">
        <ele>4.6</ele>
      </trkpt>
      <trkpt lat="35.54777" lon="140.12652">
        <ele>4.5</ele>
      </trkpt>
      <trkpt lat="35.54767" lon="140.12651">
        <ele>4.6</ele>
      </trkpt>
      <trkpt lat="35.54748" lon="140.12644">
        <ele>4.7</ele>
      </trkpt>
      <trkpt lat="35.54695" lon="140.12618">
        <ele>4.5</ele>
      </trkpt>
      <trkpt lat="35.54655" lon="140.12595">
        <ele>4.4</ele>
      </trkpt>
      <trkpt lat="35.54592" lon="140.12558">
        <ele>4.3</ele>
      </trkpt>
      <trkpt lat="35.54546" lon="140.1253">
        <ele>4.1</ele>
      </trkpt>
      <trkpt lat="35.5447" lon="140.12472">
        <ele>4.5</ele>
      </trkpt>
      <trkpt lat="35.5442" lon="140.12431">
        <ele>4.8</ele>
      </trkpt>
      <trkpt lat="35.5437" lon="140.12391">
        <ele>3.2</ele>
      </trkpt>
      <trkpt lat="35.54343" lon="140.12372">
        <ele>2.7</ele>
      </trkpt>
      <trkpt lat="35.54333" lon="140.12366">
        <ele>2.6</ele>
      </trkpt>
      <trkpt lat="35.54267" lon="140.12343">
        <ele>2.9</ele>
      </trkpt>
      <trkpt lat="35.54252" lon="140.12337">
        <ele>2.9</ele>
      </trkpt>
      <trkpt lat="35.54243" lon="140.12333">
        <ele>2.9</ele>
      </trkpt>
      <trkpt lat="35.54238" lon="140.1233">
        <ele>2.9</ele>
      </trkpt>
      <trkpt lat="35.5416" lon="140.12282">
        <ele>3.2</ele>
      </trkpt>
      <trkpt lat="35.54122" lon="140.12267">
        <ele>3.4</ele>
      </trkpt>
      <trkpt lat="35.54114" lon="140.12262">
        <ele>3.4</ele>
      </trkpt>
      <trkpt lat="35.5408" lon="140.12228">
        <ele>3.2</ele>
      </trkpt>
      <trkpt lat="35.54034" lon="140.12178">
        <ele>2.8</ele>
      </trkpt>
      <trkpt lat="35.53988" lon="140.12127">
        <ele>2.7</ele>
      </trkpt>
      <trkpt lat="35.53988" lon="140.12127">
        <ele>2.7</ele>
      </trkpt>
      <trkpt lat="35.5395" lon="140.12086">
        <ele>3.6</ele>
      </trkpt>
      <trkpt lat="35.53943" lon="140.12076">
        <ele>3.8</ele>
      </trkpt>
      <trkpt lat="35.53889" lon="140.12016">
        <ele>5.3</ele>
      </trkpt>
      <trkpt lat="35.53838" lon="140.11961">
        <ele>5.6</ele>
      </trkpt>
      <trkpt lat="35.53812" lon="140.11935">
        <ele>5.1</ele>
      </trkpt>
      <trkpt lat="35.53789" lon="140.11915">
        <ele>5.1</ele>
      </trkpt>
      <trkpt lat="35.53755" lon="140.11886">
        <ele>5.5</ele>
      </trkpt>
      <trkpt lat="35.53692" lon="140.11837">
        <ele>5.7</ele>
      </trkpt>
      <trkpt lat="35.53656" lon="140.11799">
        <ele>5.3</ele>
      </trkpt>
      <trkpt lat="35.53627" lon="140.11767">
        <ele>4.3</ele>
      </trkpt>
      <trkpt lat="35.53605" lon="140.11741">
        <ele>3.7</ele>
      </trkpt>
      <trkpt lat="35.53559" lon="140.11683">
        <ele>4.4</ele>
      </trkpt>
      <trkpt lat="35.53554" lon="140.11676">
        <ele>4.5</ele>
      </trkpt>
      <trkpt lat="35.53548" lon="140.11662">
        <ele>4.5</ele>
      </trkpt>
      <trkpt lat="35.53527" lon="140.11603">
        <ele>3.6</ele>
      </trkpt>
      <trkpt lat="35.53506" lon="140.11545">
        <ele>3.9</ele>
      </trkpt>
      <trkpt lat="35.53502" lon="140.11539">
        <ele>4.1</ele>
      </trkpt>
      <trkpt lat="35.53457" lon="140.11492">
        <ele>3.5</ele>
      </trkpt>
      <trkpt lat="35.53411" lon="140.11445">
        <ele>2.6</ele>
      </trkpt>
      <trkpt lat="35.53405" lon="140.11439">
        <ele>2.7</ele>
      </trkpt>
      <trkpt lat="35.53395" lon="140.11433">
        <ele>2.8</ele>
      </trkpt>
      <trkpt lat="35.53373" lon="140.11424">
        <ele>2.8</ele>
      </trkpt>
      <trkpt lat="35.53366" lon="140.1142">
        <ele>2.8</ele>
      </trkpt>
      <trkpt lat="35.53354" lon="140.11412">
        <ele>2.8</ele>
      </trkpt>
      <trkpt lat="35.53297" lon="140.11367">
        <ele>3.0</ele>
      </trkpt>
      <trkpt lat="35.5324" lon="140.11322">
        <ele>3.2</ele>
      </trkpt>
      <trkpt lat="35.53216" lon="140.11303">
        <ele>3.5</ele>
      </trkpt>
      <trkpt lat="35.53185" lon="140.11263">
        <ele>3.3</ele>
      </trkpt>
      <trkpt lat="35.53179" lon="140.11257">
        <ele>3.2</ele>
      </trkpt>
      <trkpt lat="35.53145" lon="140.11212">
        <ele>3.1</ele>
      </trkpt>
      <trkpt lat="35.53083" lon="140.11136">
        <ele>1.0</ele>
      </trkpt>
      <trkpt lat="35.53033" lon="140.11073">
        <ele>1.2</ele>
      </trkpt>
      <trkpt lat="35.53005" lon="140.11039">
        <ele>2.0</ele>
      </trkpt>
      <trkpt lat="35.52985" lon="140.11012">
        <ele>2.8</ele>
      </trkpt>
      <trkpt lat="35.52985" lon="140.11012">
        <ele>2.8</ele>
      </trkpt>
      <trkpt lat="35.52973" lon="140.10996">
        <ele>3.0</ele>
      </trkpt>
      <trkpt lat="35.52929" lon="140.10945">
        <ele>3.6</ele>
      </trkpt>
      <trkpt lat="35.52889" lon="140.10894">
        <ele>2.6</ele>
      </trkpt>
      <trkpt lat="35.52873" lon="140.10872">
        <ele>1.9</ele>
      </trkpt>
      <trkpt lat="35.5285" lon="140.10834">
        <ele>1.2</ele>
      </trkpt>
      <trkpt lat="35.52827" lon="140.10794">
        <ele>1.4</ele>
      </trkpt>
      <trkpt lat="35.52824" lon="140.10788">
        <ele>1.4</ele>
      </trkpt>
      <trkpt lat="35.52781" lon="140.10707">
        <ele>2.0</ele>
      </trkpt>
      <trkpt lat="35.52738" lon="140.10627">
        <ele>1.5</ele>
      </trkpt>
      <trkpt lat="35.52691" lon="140.10538">
        <ele>2.8</ele>
      </trkpt>
      <trkpt lat="35.52644" lon="140.1045">
        <ele>3.8</ele>
      </trkpt>
      <trkpt lat="35.52598" lon="140.10369">
        <ele>2.8</ele>
      </trkpt>
      <trkpt lat="35.52572" lon="140.10327">
        <ele>3.0</ele>
      </trkpt>
      <trkpt lat="35.52572" lon="140.10327">
        <ele>3.0</ele>
      </trkpt>
      <trkpt lat="35.52537" lon="140.10278">
        <ele>3.0</ele>
      </trkpt>
      <trkpt lat="35.52506" lon="140.10235">
        <ele>2.8</ele>
      </trkpt>
      <trkpt lat="35.52489" lon="140.1021">
        <ele>2.5</ele>
      </trkpt>
      <trkpt lat="35.52463" lon="140.1016">
        <ele>1.9</ele>
      </trkpt>
      <trkpt lat="35.52454" lon="140.1014">
        <ele>1.7</ele>
      </trkpt>
      <trkpt lat="35.52454" lon="140.1014">
        <ele>1.7</ele>
      </trkpt>
      <trkpt lat="35.52442" lon="140.10112">
        <ele>1.6</ele>
      </trkpt>
      <trkpt lat="35.52427" lon="140.10085">
        <ele>1.8</ele>
      </trkpt>
      <trkpt lat="35.52419" lon="140.10073">
        <ele>2.1</ele>
      </trkpt>
      <trkpt lat="35.52388" lon="140.10033">
        <ele>2.3</ele>
      </trkpt>
      <trkpt lat="35.5235" lon="140.09991">
        <ele>2.2</ele>
      </trkpt>
      <trkpt lat="35.52332" lon="140.09973">
        <ele>2.1</ele>
      </trkpt>
      <trkpt lat="35.52323" lon="140.0996">
        <ele>2.1</ele>
      </trkpt>
      <trkpt lat="35.52311" lon="140.09942">
        <ele>2.1</ele>
      </trkpt>
      <trkpt lat="35.52281" lon="140.09891">
        <ele>2.1</ele>
      </trkpt>
      <trkpt lat="35.52252" lon="140.0984">
        <ele>2.0</ele>
      </trkpt>
      <trkpt lat="35.52215" lon="140.09782">
        <ele>2.5</ele>
      </trkpt>
      <trkpt lat="35.52215" lon="140.09782">
        <ele>2.5</ele>
      </trkpt>
      <trkpt lat="35.52191" lon="140.09741">
        <ele>2.4</ele>
      </trkpt>
      <trkpt lat="35.52159" lon="140.09665">
        <ele>2.8</ele>
      </trkpt>
      <trkpt lat="35.52144" lon="140.09635">
        <ele>2.4</ele>
      </trkpt>
      <trkpt lat="35.52096" lon="140.09555">
        <ele>0.4</ele>
      </trkpt>
      <trkpt lat="35.52062" lon="140.09485">
        <ele>1.7</ele>
      </trkpt>
      <trkpt lat="35.52054" lon="140.09467">
        <ele>2.0</ele>
      </trkpt>
      <trkpt lat="35.52041" lon="140.09438">
        <ele>2.6</ele>
      </trkpt>
      <trkpt lat="35.52034" lon="140.09423">
        <ele>2.9</ele>
      </trkpt>
      <trkpt lat="35.52021" lon="140.09395">
        <ele>3.1</ele>
      </trkpt>
      <trkpt lat="35.51992" lon="140.09342">
        <ele>2.8</ele>
      </trkpt>
      <trkpt lat="35.51947" lon="140.09265">
        <ele>1.4</ele>
      </trkpt>
      <trkpt lat="35.51923" lon="140.0921">
        <ele>1.6</ele>
      </trkpt>
      <trkpt lat="35.51904" lon="140.09179">
        <ele>1.9</ele>
      </trkpt>
      <trkpt lat="35.51904" lon="140.09179">
        <ele>1.9</ele>
      </trkpt>
      <trkpt lat="35.519" lon="140.09172">
        <ele>1.9</ele>
      </trkpt>
      <trkpt lat="35.51867" lon="140.09126">
        <ele>2.3</ele>
      </trkpt>
      <trkpt lat="35.51855" lon="140.09116">
        <ele>2.4</ele>
      </trkpt>
      <trkpt lat="35.51841" lon="140.09119">
        <ele>2.5</ele>
      </trkpt>
      <trkpt lat="35.51812" lon="140.09133">
        <ele>2.3</ele>
      </trkpt>
      <trkpt lat="35.51779" lon="140.09154">
        <ele>2.1</ele>
      </trkpt>
      <trkpt lat="35.51766" lon="140.09155">
        <ele>2.0</ele>
      </trkpt>
      <trkpt lat="35.5176" lon="140.09153">
        <ele>2.0</ele>
      </trkpt>
      <trkpt lat="35.5175" lon="140.09147">
        <ele>2.0</ele>
      </trkpt>
      <trkpt lat="35.51741" lon="140.09137">
        <ele>2.2</ele>
      </trkpt>
      <trkpt lat="35.51735" lon="140.09127">
        <ele>2.3</ele>
      </trkpt>
      <trkpt lat="35.51735" lon="140.09127">
        <ele>2.3</ele>
      </trkpt>
      <trkpt lat="35.51682" lon="140.09047">
        <ele>2.8</ele>
      </trkpt>
      <trkpt lat="35.5163" lon="140.08968">
        <ele>2.7</ele>
      </trkpt>
      <trkpt lat="35.51583" lon="140.08897">
        <ele>3.5</ele>
      </trkpt>
      <trkpt lat="35.51535" lon="140.08827">
        <ele>5.6</ele>
      </trkpt>
      <trkpt lat="35.51535" lon="140.08827">
        <ele>5.6</ele>
      </trkpt>
      <trkpt lat="35.51481" lon="140.08745">
        <ele>5.1</ele>
      </trkpt>
      <trkpt lat="35.51474" lon="140.08732">
        <ele>4.8</ele>
      </trkpt>
      <trkpt lat="35.51514" lon="140.08695">
        <ele>3.8</ele>
      </trkpt>
      <trkpt lat="35.51554" lon="140.08659">
        <ele>3.7</ele>
      </trkpt>
      <trkpt lat="35.51554" lon="140.08659">
        <ele>3.7</ele>
      </trkpt>
      <trkpt lat="35.51565" lon="140.08649">
        <ele>3.7</ele>
      </trkpt>
      <trkpt lat="35.5153" lon="140.08593">
        <ele>4.2</ele>
      </trkpt>
      <trkpt lat="35.51586" lon="140.08543">
        <ele>3.0</ele>
      </trkpt>
      <trkpt lat="35.51633" lon="140.08503">
        <ele>3.0</ele>
      </trkpt>
      <trkpt lat="35.51596" lon="140.08443">
        <ele>3.4</ele>
      </trkpt>
      <trkpt lat="35.51596" lon="140.08443">
        <ele>3.4</ele>
      </trkpt>
      <trkpt lat="35.51574" lon="140.08408">
        <ele>3.6</ele>
      </trkpt>
      <trkpt lat="35.51533" lon="140.08348">
        <ele>1.6</ele>
      </trkpt>
      <trkpt lat="35.51512" lon="140.08322">
        <ele>1.0</ele>
      </trkpt>
      <trkpt lat="35.51469" lon="140.08271">
        <ele>1.1</ele>
      </trkpt>
      <trkpt lat="35.51426" lon="140.0822">
        <ele>2.0</ele>
      </trkpt>
      <trkpt lat="35.51368" lon="140.08152">
        <ele>1.6</ele>
      </trkpt>
      <trkpt lat="35.51335" lon="140.08111">
        <ele>2.0</ele>
      </trkpt>
      <trkpt lat="35.51304" lon="140.0807">
        <ele>1.1</ele>
      </trkpt>
      <trkpt lat="35.51273" lon="140.08029">
        <ele>0.7</ele>
      </trkpt>
      <trkpt lat="35.51265" lon="140.08018">
        <ele>0.7</ele>
      </trkpt>
      <trkpt lat="35.51229" lon="140.0797">
        <ele>1.5</ele>
      </trkpt>
      <trkpt lat="35.51195" lon="140.07924">
        <ele>2.0</ele>
      </trkpt>
      <trkpt lat="35.51162" lon="140.07878">
        <ele>2.0</ele>
      </trkpt>
      <trkpt lat="35.51162" lon="140.07878">
        <ele>2.0</ele>
      </trkpt>
      <trkpt lat="35.51153" lon="140.07866">
        <ele>2.1</ele>
      </trkpt>
      <trkpt lat="35.51121" lon="140.07827">
        <ele>2.0</ele>
      </trkpt>
      <trkpt lat="35.51111" lon="140.07815">
        <ele>1.9</ele>
      </trkpt>
      <trkpt lat="35.51091" lon="140.07788">
        <ele>1.9</ele>
      </trkpt>
      <trkpt lat="35.51085" lon="140.0778">
        <ele>2.0</ele>
      </trkpt>
      <trkpt lat="35.51107" lon="140.07742">
        <ele>2.1</ele>
      </trkpt>
      <trkpt lat="35.51147" lon="140.07672">
        <ele>2.3</ele>
      </trkpt>
      <trkpt lat="35.51188" lon="140.07602">
        <ele>2.5</ele>
      </trkpt>
      <trkpt lat="35.51226" lon="140.0754">
        <ele>2.8</ele>
      </trkpt>
      <trkpt lat="35.51151" lon="140.07506">
        <ele>2.9</ele>
      </trkpt>
      <trkpt lat="35.51098" lon="140.0748">
        <ele>0.8</ele>
      </trkpt>
      <trkpt lat="35.51098" lon="140.0748">
        <ele>0.8</ele>
      </trkpt>
      <trkpt lat="35.51055" lon="140.07463">
        <ele>-0.7</ele>
      </trkpt>
      <trkpt lat="35.50992" lon="140.0743">
        <ele>0.5</ele>
      </trkpt>
      <trkpt lat="35.50943" lon="140.07409">
        <ele>1.2</ele>
      </trkpt>
      <trkpt lat="35.50913" lon="140.07399">
        <ele>0.8</ele>
      </trkpt>
      <trkpt lat="35.50882" lon="140.07392">
        <ele>2.1</ele>
      </trkpt>
      <trkpt lat="35.50834" lon="140.07385">
        <ele>4.2</ele>
      </trkpt>
      <trkpt lat="35.5079" lon="140.07377">
        <ele>2.5</ele>
      </trkpt>
      <trkpt lat="35.50735" lon="140.07361">
        <ele>0.5</ele>
      </trkpt>
      <trkpt lat="35.50698" lon="140.07348">
        <ele>1.5</ele>
      </trkpt>
      <trkpt lat="35.50661" lon="140.07333">
        <ele>3.1</ele>
      </trkpt>
      <trkpt lat="35.50644" lon="140.07323">
        <ele>3.4</ele>
      </trkpt>
      <trkpt lat="35.50628" lon="140.07311">
        <ele>3.6</ele>
      </trkpt>
      <trkpt lat="35.50591" lon="140.0728">
        <ele>4.0</ele>
      </trkpt>
      <trkpt lat="35.50554" lon="140.07248">
        <ele>2.9</ele>
      </trkpt>
      <trkpt lat="35.50554" lon="140.07248">
        <ele>2.9</ele>
      </trkpt>
      <trkpt lat="35.50534" lon="140.07231">
        <ele>2.2</ele>
      </trkpt>
      <trkpt lat="35.50502" lon="140.07201">
        <ele>1.6</ele>
      </trkpt>
      <trkpt lat="35.50475" lon="140.07168">
        <ele>2.3</ele>
      </trkpt>
      <trkpt lat="35.50453" lon="140.07136">
        <ele>2.9</ele>
      </trkpt>
      <trkpt lat="35.50409" lon="140.07064">
        <ele>3.6</ele>
      </trkpt>
      <trkpt lat="35.50381" lon="140.07008">
        <ele>2.6</ele>
      </trkpt>
      <trkpt lat="35.5035" lon="140.0694">
        <ele>2.3</ele>
      </trkpt>
      <trkpt lat="35.50319" lon="140.06873">
        <ele>1.4</ele>
      </trkpt>
      <trkpt lat="35.50288" lon="140.06805">
        <ele>0.2</ele>
      </trkpt>
      <trkpt lat="35.50239" lon="140.06743">
        <ele>0.9</ele>
      </trkpt>
      <trkpt lat="35.5019" lon="140.06681">
        <ele>0.3</ele>
      </trkpt>
      <trkpt lat="35.50165" lon="140.06657">
        <ele>-0.1</ele>
      </trkpt>
      <trkpt lat="35.50137" lon="140.06636">
        <ele>0.6</ele>
      </trkpt>
      <trkpt lat="35.50137" lon="140.06636">
        <ele>0.6</ele>
      </trkpt>
      <trkpt lat="35.50097" lon="140.06607">
        <ele>1.2</ele>
      </trkpt>
      <trkpt lat="35.5004" lon="140.06568">
        <ele>1.6</ele>
      </trkpt>
      <trkpt lat="35.50027" lon="140.0656">
        <ele>1.7</ele>
      </trkpt>
      <trkpt lat="35.50006" lon="140.0655">
        <ele>1.6</ele>
      </trkpt>
      <trkpt lat="35.49981" lon="140.06543">
        <ele>1.5</ele>
      </trkpt>
      <trkpt lat="35.49956" lon="140.06538">
        <ele>1.4</ele>
      </trkpt>
      <trkpt lat="35.49909" lon="140.06534">
        <ele>1.3</ele>
      </trkpt>
      <trkpt lat="35.49888" lon="140.06533">
        <ele>1.6</ele>
      </trkpt>
      <trkpt lat="35.49861" lon="140.06533">
        <ele>2.0</ele>
      </trkpt>
      <trkpt lat="35.49838" lon="140.06538">
        <ele>2.4</ele>
      </trkpt>
      <trkpt lat="35.4977" lon="140.06562">
        <ele>5.0</ele>
      </trkpt>
      <trkpt lat="35.49759" lon="140.06568">
        <ele>5.5</ele>
      </trkpt>
      <trkpt lat="35.49744" lon="140.06567">
        <ele>5.5</ele>
      </trkpt>
      <trkpt lat="35.49736" lon="140.06564">
        <ele>5.1</ele>
      </trkpt>
      <trkpt lat="35.49731" lon="140.06561">
        <ele>4.8</ele>
      </trkpt>
      <trkpt lat="35.4972" lon="140.0655">
        <ele>4.1</ele>
      </trkpt>
      <trkpt lat="35.49701" lon="140.06532">
        <ele>3.0</ele>
      </trkpt>
      <trkpt lat="35.49692" lon="140.06522">
        <ele>2.4</ele>
      </trkpt>
      <trkpt lat="35.49643" lon="140.06473">
        <ele>-0.5</ele>
      </trkpt>
      <trkpt lat="35.49594" lon="140.06425">
        <ele>-0.3</ele>
      </trkpt>
      <trkpt lat="35.49545" lon="140.06376">
        <ele>1.0</ele>
      </trkpt>
      <trkpt lat="35.4953" lon="140.06361">
        <ele>1.1</ele>
      </trkpt>
      <trkpt lat="35.49524" lon="140.0635">
        <ele>1.1</ele>
      </trkpt>
      <trkpt lat="35.49481" lon="140.06308">
        <ele>1.1</ele>
      </trkpt>
      <trkpt lat="35.49439" lon="140.06266">
        <ele>1.1</ele>
      </trkpt>
      <trkpt lat="35.49413" lon="140.06245">
        <ele>1.0</ele>
      </trkpt>
      <trkpt lat="35.49364" lon="140.06215">
        <ele>0.4</ele>
      </trkpt>
      <trkpt lat="35.49327" lon="140.0619">
        <ele>0.6</ele>
      </trkpt>
      <trkpt lat="35.49288" lon="140.06166">
        <ele>2.6</ele>
      </trkpt>
      <trkpt lat="35.49288" lon="140.06166">
        <ele>2.6</ele>
      </trkpt>
      <trkpt lat="35.49222" lon="140.06125">
        <ele>3.8</ele>
      </trkpt>
      <trkpt lat="35.49155" lon="140.06083">
        <ele>4.6</ele>
      </trkpt>
      <trkpt lat="35.49123" lon="140.06058">
        <ele>3.7</ele>
      </trkpt>
      <trkpt lat="35.49088" lon="140.06021">
        <ele>2.9</ele>
      </trkpt>
      <trkpt lat="35.49054" lon="140.05969">
        <ele>2.8</ele>
      </trkpt>
      <trkpt lat="35.49028" lon="140.05924">
        <ele>2.7</ele>
      </trkpt>
      <trkpt lat="35.49008" lon="140.05894">
        <ele>2.4</ele>
      </trkpt>
      <trkpt lat="35.4899" lon="140.05876">
        <ele>2.2</ele>
      </trkpt>
      <trkpt lat="35.48981" lon="140.05869">
        <ele>2.2</ele>
      </trkpt>
      <trkpt lat="35.48969" lon="140.05862">
        <ele>2.3</ele>
      </trkpt>
      <trkpt lat="35.48949" lon="140.05854">
        <ele>2.6</ele>
      </trkpt>
      <trkpt lat="35.48929" lon="140.05851">
        <ele>2.9</ele>
      </trkpt>
      <trkpt lat="35.48918" lon="140.05851">
        <ele>3.2</ele>
      </trkpt>
      <trkpt lat="35.48905" lon="140.05852">
        <ele>3.3</ele>
      </trkpt>
      <trkpt lat="35.48891" lon="140.05855">
        <ele>3.5</ele>
      </trkpt>
      <trkpt lat="35.48846" lon="140.05866">
        <ele>4.0</ele>
      </trkpt>
      <trkpt lat="35.48831" lon="140.05869">
        <ele>4.2</ele>
      </trkpt>
      <trkpt lat="35.48818" lon="140.05869">
        <ele>4.4</ele>
      </trkpt>
      <trkpt lat="35.48805" lon="140.05867">
        <ele>4.2</ele>
      </trkpt>
      <trkpt lat="35.48793" lon="140.05863">
        <ele>4.0</ele>
      </trkpt>
      <trkpt lat="35.48785" lon="140.05859">
        <ele>3.9</ele>
      </trkpt>
      <trkpt lat="35.48785" lon="140.05859">
        <ele>3.9</ele>
      </trkpt>
      <trkpt lat="35.48782" lon="140.05857">
        <ele>3.8</ele>
      </trkpt>
      <trkpt lat="35.48763" lon="140.05841">
        <ele>3.4</ele>
      </trkpt>
      <trkpt lat="35.48753" lon="140.05829">
        <ele>2.9</ele>
      </trkpt>
      <trkpt lat="35.48741" lon="140.05809">
        <ele>2.1</ele>
      </trkpt>
      <trkpt lat="35.48725" lon="140.05778">
        <ele>2.0</ele>
      </trkpt>
      <trkpt lat="35.48714" lon="140.05757">
        <ele>2.0</ele>
      </trkpt>
      <trkpt lat="35.48702" lon="140.05733">
        <ele>2.0</ele>
      </trkpt>
      <trkpt lat="35.48681" lon="140.057">
        <ele>2.8</ele>
      </trkpt>
      <trkpt lat="35.48628" lon="140.05628">
        <ele>3.0</ele>
      </trkpt>
      <trkpt lat="35.48597" lon="140.05587">
        <ele>3.6</ele>
      </trkpt>
      <trkpt lat="35.4854" lon="140.05515">
        <ele>4.0</ele>
      </trkpt>
      <trkpt lat="35.48482" lon="140.05443">
        <ele>3.4</ele>
      </trkpt>
      <trkpt lat="35.48461" lon="140.05418">
        <ele>3.0</ele>
      </trkpt>
      <trkpt lat="35.48405" lon="140.05365">
        <ele>3.5</ele>
      </trkpt>
      <trkpt lat="35.48393" lon="140.05352">
        <ele>4.1</ele>
      </trkpt>
      <trkpt lat="35.48369" lon="140.05319">
        <ele>5.1</ele>
      </trkpt>
      <trkpt lat="35.48338" lon="140.05271">
        <ele>5.4</ele>
      </trkpt>
      <trkpt lat="35.48297" lon="140.05215">
        <ele>4.3</ele>
      </trkpt>
      <trkpt lat="35.48256" lon="140.05159">
        <ele>4.8</ele>
      </trkpt>
      <trkpt lat="35.48215" lon="140.05104">
        <ele>4.6</ele>
      </trkpt>
      <trkpt lat="35.48203" lon="140.05087">
        <ele>4.6</ele>
      </trkpt>
      <trkpt lat="35.4817" lon="140.0505">
        <ele>4.9</ele>
      </trkpt>
      <trkpt lat="35.4814" lon="140.05018">
        <ele>5.3</ele>
      </trkpt>
      <trkpt lat="35.48104" lon="140.04977">
        <ele>6.0</ele>
      </trkpt>
      <trkpt lat="35.48061" lon="140.04919">
        <ele>7.0</ele>
      </trkpt>
      <trkpt lat="35.48018" lon="140.04861">
        <ele>6.9</ele>
      </trkpt>
      <trkpt lat="35.48018" lon="140.04861">
        <ele>6.9</ele>
      </trkpt>
      <trkpt lat="35.47961" lon="140.04784">
        <ele>6.5</ele>
      </trkpt>
      <trkpt lat="35.47938" lon="140.04749">
        <ele>6.2</ele>
      </trkpt>
      <trkpt lat="35.47922" lon="140.0472">
        <ele>5.3</ele>
      </trkpt>
      <trkpt lat="35.4791" lon="140.04693">
        <ele>4.8</ele>
      </trkpt>
      <trkpt lat="35.47901" lon="140.04668">
        <ele>4.4</ele>
      </trkpt>
      <trkpt lat="35.47878" lon="140.04594">
        <ele>5.5</ele>
      </trkpt>
      <trkpt lat="35.47855" lon="140.04521">
        <ele>6.0</ele>
      </trkpt>
      <trkpt lat="35.47841" lon="140.04473">
        <ele>6.0</ele>
      </trkpt>
      <trkpt lat="35.4781" lon="140.04419">
        <ele>5.7</ele>
      </trkpt>
      <trkpt lat="35.47779" lon="140.04364">
        <ele>6.2</ele>
      </trkpt>
      <trkpt lat="35.47747" lon="140.04312">
        <ele>6.0</ele>
      </trkpt>
      <trkpt lat="35.47716" lon="140.0426">
        <ele>6.8</ele>
      </trkpt>
      <trkpt lat="35.47668" lon="140.04189">
        <ele>8.0</ele>
      </trkpt>
      <trkpt lat="35.47621" lon="140.04117">
        <ele>7.3</ele>
      </trkpt>
      <trkpt lat="35.47581" lon="140.04055">
        <ele>7.0</ele>
      </trkpt>
      <trkpt lat="35.47541" lon="140.03992">
        <ele>6.7</ele>
      </trkpt>
      <trkpt lat="35.4751" lon="140.0394">
        <ele>4.8</ele>
      </trkpt>
      <trkpt lat="35.47484" lon="140.03892">
        <ele>3.2</ele>
      </trkpt>
      <trkpt lat="35.47458" lon="140.03845">
        <ele>2.3</ele>
      </trkpt>
      <trkpt lat="35.47458" lon="140.03845">
        <ele>2.3</ele>
      </trkpt>
      <trkpt lat="35.47449" lon="140.03826">
        <ele>2.3</ele>
      </trkpt>
      <trkpt lat="35.47433" lon="140.03783">
        <ele>2.7</ele>
      </trkpt>
      <trkpt lat="35.47423" lon="140.03756">
        <ele>2.9</ele>
      </trkpt>
      <trkpt lat="35.47415" lon="140.03727">
        <ele>3.0</ele>
      </trkpt>
      <trkpt lat="35.47409" lon="140.03685">
        <ele>3.1</ele>
      </trkpt>
      <trkpt lat="35.47406" lon="140.03669">
        <ele>3.1</ele>
      </trkpt>
      <trkpt lat="35.47395" lon="140.03633">
        <ele>2.8</ele>
      </trkpt>
      <trkpt lat="35.47388" lon="140.03613">
        <ele>2.6</ele>
      </trkpt>
      <trkpt lat="35.47376" lon="140.03584">
        <ele>2.4</ele>
      </trkpt>
      <trkpt lat="35.47365" lon="140.03561">
        <ele>2.2</ele>
      </trkpt>
      <trkpt lat="35.47351" lon="140.03537">
        <ele>2.6</ele>
      </trkpt>
      <trkpt lat="35.47311" lon="140.03475">
        <ele>4.5</ele>
      </trkpt>
      <trkpt lat="35.4728" lon="140.03425">
        <ele>4.6</ele>
      </trkpt>
      <trkpt lat="35.47249" lon="140.03376">
        <ele>4.6</ele>
      </trkpt>
      <trkpt lat="35.47228" lon="140.03348">
        <ele>5.7</ele>
      </trkpt>
      <trkpt lat="35.47228" lon="140.03348">
        <ele>5.7</ele>
      </trkpt>
      <trkpt lat="35.47194" lon="140.03302">
        <ele>6.0</ele>
      </trkpt>
      <trkpt lat="35.47159" lon="140.03236">
        <ele>4.1</ele>
      </trkpt>
      <trkpt lat="35.47116" lon="140.03171">
        <ele>3.4</ele>
      </trkpt>
      <trkpt lat="35.47072" lon="140.03106">
        <ele>5.0</ele>
      </trkpt>
      <trkpt lat="35.47043" lon="140.03069">
        <ele>5.1</ele>
      </trkpt>
      <trkpt lat="35.47007" lon="140.03013">
        <ele>3.5</ele>
      </trkpt>
      <trkpt lat="35.46966" lon="140.02948">
        <ele>2.3</ele>
      </trkpt>
      <trkpt lat="35.46924" lon="140.02882">
        <ele>4.6</ele>
      </trkpt>
      <trkpt lat="35.46883" lon="140.02816">
        <ele>8.7</ele>
      </trkpt>
      <trkpt lat="35.46861" lon="140.0278">
        <ele>11.4</ele>
      </trkpt>
      <trkpt lat="35.46829" lon="140.02734">
        <ele>14.1</ele>
      </trkpt>
      <trkpt lat="35.46798" lon="140.02687">
        <ele>13.8</ele>
      </trkpt>
      <trkpt lat="35.46798" lon="140.02687">
        <ele>13.8</ele>
      </trkpt>
      <trkpt lat="35.46777" lon="140.02656">
        <ele>13.8</ele>
      </trkpt>
      <trkpt lat="35.46741" lon="140.026">
        <ele>10.5</ele>
      </trkpt>
      <trkpt lat="35.46705" lon="140.02544">
        <ele>13.5</ele>
      </trkpt>
      <trkpt lat="35.46659" lon="140.02466">
        <ele>11.9</ele>
      </trkpt>
      <trkpt lat="35.46612" lon="140.02388">
        <ele>15.4</ele>
      </trkpt>
      <trkpt lat="35.46565" lon="140.0231">
        <ele>15.3</ele>
      </trkpt>
      <trkpt lat="35.46518" lon="140.02232">
        <ele>15.2</ele>
      </trkpt>
      <trkpt lat="35.46471" lon="140.02154">
        <ele>14.7</ele>
      </trkpt>
      <trkpt lat="35.46425" lon="140.02076">
        <ele>23.5</ele>
      </trkpt>
      <trkpt lat="35.46378" lon="140.01998">
        <ele>12.4</ele>
      </trkpt>
      <trkpt lat="35.46332" lon="140.0192">
        <ele>3.4</ele>
      </trkpt>
      <trkpt lat="35.46285" lon="140.01842">
        <ele>2.0</ele>
      </trkpt>
      <trkpt lat="35.46263" lon="140.01811">
        <ele>0.6</ele>
      </trkpt>
      <trkpt lat="35.46253" lon="140.01796">
        <ele>-0.2</ele>
      </trkpt>
      <trkpt lat="35.46214" lon="140.0174">
        <ele>1.0</ele>
      </trkpt>
      <trkpt lat="35.46175" lon="140.01684">
        <ele>4.3</ele>
      </trkpt>
      <trkpt lat="35.46136" lon="140.01629">
        <ele>7.4</ele>
      </trkpt>
      <trkpt lat="35.46108" lon="140.01586">
        <ele>7.2</ele>
      </trkpt>
      <trkpt lat="35.46108" lon="140.01586">
        <ele>7.2</ele>
      </trkpt>
      <trkpt lat="35.4608" lon="140.01543">
        <ele>7.7</ele>
      </trkpt>
      <trkpt lat="35.4604" lon="140.01476">
        <ele>8.7</ele>
      </trkpt>
      <trkpt lat="35.46005" lon="140.01404">
        <ele>9.0</ele>
      </trkpt>
      <trkpt lat="35.4597" lon="140.01333">
        <ele>7.9</ele>
      </trkpt>
      <trkpt lat="35.45935" lon="140.01261">
        <ele>4.8</ele>
      </trkpt>
      <trkpt lat="35.45908" lon="140.01202">
        <ele>2.6</ele>
      </trkpt>
      <trkpt lat="35.45894" lon="140.01167">
        <ele>2.1</ele>
      </trkpt>
      <trkpt lat="35.45868" lon="140.01115">
        <ele>3.9</ele>
      </trkpt>
      <trkpt lat="35.45832" lon="140.01055">
        <ele>4.9</ele>
      </trkpt>
      <trkpt lat="35.45783" lon="140.00985">
        <ele>9.4</ele>
      </trkpt>
      <trkpt lat="35.45734" lon="140.00916">
        <ele>5.7</ele>
      </trkpt>
      <trkpt lat="35.45693" lon="140.00847">
        <ele>6.7</ele>
      </trkpt>
      <trkpt lat="35.45674" lon="140.00812">
        <ele>8.8</ele>
      </trkpt>
      <trkpt lat="35.45638" lon="140.00744">
        <ele>14.2</ele>
      </trkpt>
      <trkpt lat="35.45597" lon="140.00654">
        <ele>13.0</ele>
      </trkpt>
      <trkpt lat="35.45555" lon="140.00564">
        <ele>6.7</ele>
      </trkpt>
      <trkpt lat="35.45513" lon="140.00473">
        <ele>2.9</ele>
      </trkpt>
      <trkpt lat="35.45495" lon="140.00437">
        <ele>2.3</ele>
      </trkpt>
      <trkpt lat="35.45481" lon="140.00412">
        <ele>2.2</ele>
      </trkpt>
      <trkpt lat="35.45449" lon="140.00358">
        <ele>2.3</ele>
      </trkpt>
      <trkpt lat="35.45418" lon="140.00308">
        <ele>2.4</ele>
      </trkpt>
      <trkpt lat="35.45387" lon="140.00258">
        <ele>4.4</ele>
      </trkpt>
      <trkpt lat="35.45383" lon="140.00251">
        <ele>4.7</ele>
      </trkpt>
      <trkpt lat="35.45345" lon="140.00185">
        <ele>7.1</ele>
      </trkpt>
      <trkpt lat="35.45328" lon="140.00155">
        <ele>7.0</ele>
      </trkpt>
      <trkpt lat="35.45301" lon="140.00097">
        <ele>7.2</ele>
      </trkpt>
      <trkpt lat="35.45273" lon="140.0004">
        <ele>7.9</ele>
      </trkpt>
      <trkpt lat="35.45228" lon="139.99951">
        <ele>3.0</ele>
      </trkpt>
      <trkpt lat="35.45228" lon="139.99951">
        <ele>3.0</ele>
      </trkpt>
      <trkpt lat="35.45193" lon="139.99881">
        <ele>6.2</ele>
      </trkpt>
      <trkpt lat="35.45156" lon="139.99811">
        <ele>4.6</ele>
      </trkpt>
      <trkpt lat="35.4512" lon="139.99741">
        <ele>4.6</ele>
      </trkpt>
      <trkpt lat="35.45084" lon="139.9967">
        <ele>7.0</ele>
      </trkpt>
      <trkpt lat="35.4504" lon="139.99588">
        <ele>6.7</ele>
      </trkpt>
      <trkpt lat="35.4503" lon="139.99577">
        <ele>7.5</ele>
      </trkpt>
      <trkpt lat="35.45022" lon="139.99565">
        <ele>8.1</ele>
      </trkpt>
      <trkpt lat="35.44995" lon="139.99514">
        <ele>9.6</ele>
      </trkpt>
      <trkpt lat="35.44971" lon="139.99473">
        <ele>9.0</ele>
      </trkpt>
      <trkpt lat="35.44942" lon="139.99426">
        <ele>6.3</ele>
      </trkpt>
      <trkpt lat="35.44913" lon="139.99378">
        <ele>5.4</ele>
      </trkpt>
      <trkpt lat="35.44908" lon="139.99371">
        <ele>5.3</ele>
      </trkpt>
      <trkpt lat="35.44883" lon="139.99337">
        <ele>5.0</ele>
      </trkpt>
      <trkpt lat="35.44861" lon="139.99304">
        <ele>5.7</ele>
      </trkpt>
      <trkpt lat="35.44843" lon="139.99275">
        <ele>6.9</ele>
      </trkpt>
      <trkpt lat="35.44835" lon="139.99258">
        <ele>7.7</ele>
      </trkpt>
      <trkpt lat="35.44804" lon="139.99186">
        <ele>8.7</ele>
      </trkpt>
      <trkpt lat="35.4478" lon="139.99138">
        <ele>8.9</ele>
      </trkpt>
      <trkpt lat="35.44756" lon="139.99089">
        <ele>8.8</ele>
      </trkpt>
      <trkpt lat="35.44713" lon="139.99005">
        <ele>8.2</ele>
      </trkpt>
      <trkpt lat="35.44674" lon="139.98922">
        <ele>10.2</ele>
      </trkpt>
      <trkpt lat="35.44636" lon="139.98839">
        <ele>14.7</ele>
      </trkpt>
      <trkpt lat="35.44597" lon="139.98755">
        <ele>11.0</ele>
      </trkpt>
      <trkpt lat="35.44541" lon="139.98669">
        <ele>12.3</ele>
      </trkpt>
      <trkpt lat="35.44486" lon="139.98583">
        <ele>11.8</ele>
      </trkpt>
      <trkpt lat="35.44486" lon="139.98583">
        <ele>11.8</ele>
      </trkpt>
      <trkpt lat="35.44437" lon="139.98507">
        <ele>12.8</ele>
      </trkpt>
      <trkpt lat="35.44387" lon="139.98431">
        <ele>7.6</ele>
      </trkpt>
      <trkpt lat="35.44345" lon="139.98361">
        <ele>7.0</ele>
      </trkpt>
      <trkpt lat="35.44331" lon="139.98335">
        <ele>7.2</ele>
      </trkpt>
      <trkpt lat="35.44291" lon="139.98246">
        <ele>8.9</ele>
      </trkpt>
      <trkpt lat="35.44251" lon="139.98159">
        <ele>8.8</ele>
      </trkpt>
      <trkpt lat="35.44217" lon="139.9809">
        <ele>14.9</ele>
      </trkpt>
      <trkpt lat="35.44182" lon="139.98021">
        <ele>17.2</ele>
      </trkpt>
      <trkpt lat="35.44148" lon="139.9795">
        <ele>16.4</ele>
      </trkpt>
      <trkpt lat="35.44113" lon="139.97878">
        <ele>16.8</ele>
      </trkpt>
      <trkpt lat="35.44083" lon="139.97811">
        <ele>14.5</ele>
      </trkpt>
      <trkpt lat="35.44052" lon="139.97744">
        <ele>17.4</ele>
      </trkpt>
      <trkpt lat="35.44022" lon="139.97677">
        <ele>17.9</ele>
      </trkpt>
      <trkpt lat="35.43979" lon="139.97598">
        <ele>15.3</ele>
      </trkpt>
      <trkpt lat="35.43936" lon="139.97518">
        <ele>13.6</ele>
      </trkpt>
      <trkpt lat="35.439" lon="139.97447">
        <ele>13.5</ele>
      </trkpt>
      <trkpt lat="35.43865" lon="139.97376">
        <ele>16.7</ele>
      </trkpt>
      <trkpt lat="35.43822" lon="139.97294">
        <ele>17.3</ele>
      </trkpt>
      <trkpt lat="35.4378" lon="139.97213">
        <ele>17.0</ele>
      </trkpt>
      <trkpt lat="35.43754" lon="139.97171">
        <ele>16.0</ele>
      </trkpt>
      <trkpt lat="35.43754" lon="139.97171">
        <ele>16.0</ele>
      </trkpt>
      <trkpt lat="35.4372" lon="139.97114">
        <ele>12.2</ele>
      </trkpt>
      <trkpt lat="35.43696" lon="139.97077">
        <ele>9.0</ele>
      </trkpt>
      <trkpt lat="35.43671" lon="139.97043">
        <ele>8.0</ele>
      </trkpt>
      <trkpt lat="35.4362" lon="139.96971">
        <ele>6.4</ele>
      </trkpt>
      <trkpt lat="35.43569" lon="139.96898">
        <ele>6.8</ele>
      </trkpt>
      <trkpt lat="35.43529" lon="139.96833">
        <ele>8.9</ele>
      </trkpt>
      <trkpt lat="35.43489" lon="139.96768">
        <ele>9.9</ele>
      </trkpt>
      <trkpt lat="35.4346" lon="139.96714">
        <ele>9.8</ele>
      </trkpt>
      <trkpt lat="35.43431" lon="139.96659">
        <ele>6.5</ele>
      </trkpt>
      <trkpt lat="35.43415" lon="139.96632">
        <ele>6.3</ele>
      </trkpt>
      <trkpt lat="35.43373" lon="139.96553">
        <ele>7.9</ele>
      </trkpt>
      <trkpt lat="35.43333" lon="139.96479">
        <ele>7.5</ele>
      </trkpt>
      <trkpt lat="35.43294" lon="139.96404">
        <ele>9.5</ele>
      </trkpt>
      <trkpt lat="35.43255" lon="139.9633">
        <ele>9.6</ele>
      </trkpt>
      <trkpt lat="35.43215" lon="139.96256">
        <ele>12.4</ele>
      </trkpt>
      <trkpt lat="35.43186" lon="139.96192">
        <ele>9.5</ele>
      </trkpt>
      <trkpt lat="35.43156" lon="139.96128">
        <ele>7.8</ele>
      </trkpt>
      <trkpt lat="35.43126" lon="139.96064">
        <ele>7.6</ele>
      </trkpt>
      <trkpt lat="35.43126" lon="139.96064">
        <ele>7.6</ele>
      </trkpt>
      <trkpt lat="35.4311" lon="139.96028">
        <ele>6.8</ele>
      </trkpt>
      <trkpt lat="35.4307" lon="139.95945">
        <ele>6.1</ele>
      </trkpt>
      <trkpt lat="35.43031" lon="139.95863">
        <ele>6.2</ele>
      </trkpt>
      <trkpt lat="35.42993" lon="139.95778">
        <ele>6.4</ele>
      </trkpt>
      <trkpt lat="35.42959" lon="139.95709">
        <ele>6.2</ele>
      </trkpt>
      <trkpt lat="35.42959" lon="139.95709">
        <ele>6.2</ele>
      </trkpt>
      <trkpt lat="35.42933" lon="139.95654">
        <ele>6.5</ele>
      </trkpt>
      <trkpt lat="35.42906" lon="139.95599">
        <ele>6.2</ele>
      </trkpt>
      <trkpt lat="35.42883" lon="139.95544">
        <ele>6.1</ele>
      </trkpt>
      <trkpt lat="35.42847" lon="139.95467">
        <ele>7.2</ele>
      </trkpt>
      <trkpt lat="35.4281" lon="139.95391">
        <ele>6.5</ele>
      </trkpt>
      <trkpt lat="35.4281" lon="139.95391">
        <ele>6.5</ele>
      </trkpt>
      <trkpt lat="35.4278" lon="139.9533">
        <ele>5.6</ele>
      </trkpt>
      <trkpt lat="35.42762" lon="139.95279">
        <ele>5.0</ele>
      </trkpt>
      <trkpt lat="35.42744" lon="139.95215">
        <ele>4.7</ele>
      </trkpt>
      <trkpt lat="35.42727" lon="139.95151">
        <ele>4.5</ele>
      </trkpt>
      <trkpt lat="35.4271" lon="139.95087">
        <ele>3.5</ele>
      </trkpt>
      <trkpt lat="35.4269" lon="139.95031">
        <ele>4.3</ele>
      </trkpt>
      <trkpt lat="35.4269" lon="139.95031">
        <ele>4.3</ele>
      </trkpt>
      <trkpt lat="35.42667" lon="139.9497">
        <ele>5.4</ele>
      </trkpt>
      <trkpt lat="35.42645" lon="139.94908">
        <ele>5.5</ele>
      </trkpt>
      <trkpt lat="35.42624" lon="139.94846">
        <ele>5.8</ele>
      </trkpt>
      <trkpt lat="35.42602" lon="139.94784">
        <ele>5.1</ele>
      </trkpt>
      <trkpt lat="35.42598" lon="139.94763">
        <ele>4.9</ele>
      </trkpt>
      <trkpt lat="35.42595" lon="139.94735">
        <ele>4.8</ele>
      </trkpt>
      <trkpt lat="35.42591" lon="139.94694">
        <ele>4.6</ele>
      </trkpt>
      <trkpt lat="35.42583" lon="139.94613">
        <ele>4.4</ele>
      </trkpt>
      <trkpt lat="35.42575" lon="139.94531">
        <ele>4.2</ele>
      </trkpt>
      <trkpt lat="35.42575" lon="139.94531">
        <ele>4.2</ele>
      </trkpt>
      <trkpt lat="35.42574" lon="139.94524">
        <ele>4.2</ele>
      </trkpt>
      <trkpt lat="35.42568" lon="139.94495">
        <ele>4.6</ele>
      </trkpt>
      <trkpt lat="35.42562" lon="139.94467">
        <ele>5.3</ele>
      </trkpt>
      <trkpt lat="35.42549" lon="139.94431">
        <ele>5.3</ele>
      </trkpt>
      <trkpt lat="35.42535" lon="139.94392">
        <ele>5.4</ele>
      </trkpt>
      <trkpt lat="35.4251" lon="139.94333">
        <ele>5.5</ele>
      </trkpt>
      <trkpt lat="35.42485" lon="139.94275">
        <ele>5.6</ele>
      </trkpt>
      <trkpt lat="35.42478" lon="139.9426">
        <ele>5.7</ele>
      </trkpt>
      <trkpt lat="35.4247" lon="139.94246">
        <ele>5.7</ele>
      </trkpt>
      <trkpt lat="35.42453" lon="139.94222">
        <ele>5.8</ele>
      </trkpt>
      <trkpt lat="35.42432" lon="139.94196">
        <ele>5.8</ele>
      </trkpt>
      <trkpt lat="35.42414" lon="139.9418">
        <ele>5.9</ele>
      </trkpt>
      <trkpt lat="35.424" lon="139.9417">
        <ele>6.2</ele>
      </trkpt>
      <trkpt lat="35.424" lon="139.9417">
        <ele>6.2</ele>
      </trkpt>
      <trkpt lat="35.42385" lon="139.94162">
        <ele>6.3</ele>
      </trkpt>
      <trkpt lat="35.42344" lon="139.94145">
        <ele>6.6</ele>
      </trkpt>
      <trkpt lat="35.42328" lon="139.94142">
        <ele>6.7</ele>
      </trkpt>
      <trkpt lat="35.42256" lon="139.94138">
        <ele>7.3</ele>
      </trkpt>
      <trkpt lat="35.42183" lon="139.94135">
        <ele>6.4</ele>
      </trkpt>
      <trkpt lat="35.42111" lon="139.94131">
        <ele>4.7</ele>
      </trkpt>
      <trkpt lat="35.42038" lon="139.94128">
        <ele>4.0</ele>
      </trkpt>
      <trkpt lat="35.41966" lon="139.94124">
        <ele>4.6</ele>
      </trkpt>
      <trkpt lat="35.41913" lon="139.94121">
        <ele>5.5</ele>
      </trkpt>
      <trkpt lat="35.41847" lon="139.94119">
        <ele>5.5</ele>
      </trkpt>
      <trkpt lat="35.41781" lon="139.94117">
        <ele>5.2</ele>
      </trkpt>
      <trkpt lat="35.41716" lon="139.94114">
        <ele>5.3</ele>
      </trkpt>
      <trkpt lat="35.41652" lon="139.9411">
        <ele>5.5</ele>
      </trkpt>
      <trkpt lat="35.41587" lon="139.94107">
        <ele>4.6</ele>
      </trkpt>
      <trkpt lat="35.41587" lon="139.94107">
        <ele>4.6</ele>
      </trkpt>
      <trkpt lat="35.41519" lon="139.94104">
        <ele>5.3</ele>
      </trkpt>
      <trkpt lat="35.41451" lon="139.94101">
        <ele>6.4</ele>
      </trkpt>
      <trkpt lat="35.41383" lon="139.94098">
        <ele>7.0</ele>
      </trkpt>
      <trkpt lat="35.41315" lon="139.94095">
        <ele>6.8</ele>
      </trkpt>
      <trkpt lat="35.41266" lon="139.94089">
        <ele>6.2</ele>
      </trkpt>
      <trkpt lat="35.4124" lon="139.94085">
        <ele>6.0</ele>
      </trkpt>
      <trkpt lat="35.41192" lon="139.94074">
        <ele>6.0</ele>
      </trkpt>
      <trkpt lat="35.41135" lon="139.94059">
        <ele>6.2</ele>
      </trkpt>
      <trkpt lat="35.41062" lon="139.94042">
        <ele>6.6</ele>
      </trkpt>
      <trkpt lat="35.40989" lon="139.94024">
        <ele>7.7</ele>
      </trkpt>
      <trkpt lat="35.40917" lon="139.94007">
        <ele>6.1</ele>
      </trkpt>
      <trkpt lat="35.40844" lon="139.9399">
        <ele>6.5</ele>
      </trkpt>
      <trkpt lat="35.40771" lon="139.93972">
        <ele>6.5</ele>
      </trkpt>
      <trkpt lat="35.40719" lon="139.93959">
        <ele>6.3</ele>
      </trkpt>
      <trkpt lat="35.40666" lon="139.93946">
        <ele>6.0</ele>
      </trkpt>
      <trkpt lat="35.40614" lon="139.93934">
        <ele>4.9</ele>
      </trkpt>
      <trkpt lat="35.40561" lon="139.93922">
        <ele>4.1</ele>
      </trkpt>
      <trkpt lat="35.40542" lon="139.93918">
        <ele>4.0</ele>
      </trkpt>
      <trkpt lat="35.40524" lon="139.93917">
        <ele>4.0</ele>
      </trkpt>
      <trkpt lat="35.40471" lon="139.93921">
        <ele>4.3</ele>
      </trkpt>
      <trkpt lat="35.40419" lon="139.93924">
        <ele>4.7</ele>
      </trkpt>
      <trkpt lat="35.40419" lon="139.93924">
        <ele>4.7</ele>
      </trkpt>
      <trkpt lat="35.40357" lon="139.93928">
        <ele>6.3</ele>
      </trkpt>
      <trkpt lat="35.40295" lon="139.93931">
        <ele>6.2</ele>
      </trkpt>
      <trkpt lat="35.40234" lon="139.93935">
        <ele>4.7</ele>
      </trkpt>
      <trkpt lat="35.40174" lon="139.93937">
        <ele>1.8</ele>
      </trkpt>
      <trkpt lat="35.40126" lon="139.93936">
        <ele>3.2</ele>
      </trkpt>
      <trkpt lat="35.40054" lon="139.93932">
        <ele>4.6</ele>
      </trkpt>
      <trkpt lat="35.39982" lon="139.93928">
        <ele>4.4</ele>
      </trkpt>
      <trkpt lat="35.3991" lon="139.93923">
        <ele>6.0</ele>
      </trkpt>
      <trkpt lat="35.39857" lon="139.93914">
        <ele>6.0</ele>
      </trkpt>
      <trkpt lat="35.39803" lon="139.93906">
        <ele>6.0</ele>
      </trkpt>
      <trkpt lat="35.39733" lon="139.93891">
        <ele>6.4</ele>
      </trkpt>
      <trkpt lat="35.39663" lon="139.93876">
        <ele>6.9</ele>
      </trkpt>
      <trkpt lat="35.39592" lon="139.93861">
        <ele>5.8</ele>
      </trkpt>
      <trkpt lat="35.39513" lon="139.93846">
        <ele>5.8</ele>
      </trkpt>
      <trkpt lat="35.39513" lon="139.93846">
        <ele>5.8</ele>
      </trkpt>
      <trkpt lat="35.39506" lon="139.93845">
        <ele>5.9</ele>
      </trkpt>
      <trkpt lat="35.39467" lon="139.93843">
        <ele>5.9</ele>
      </trkpt>
      <trkpt lat="35.39432" lon="139.93844">
        <ele>6.0</ele>
      </trkpt>
      <trkpt lat="35.39348" lon="139.93855">
        <ele>6.2</ele>
      </trkpt>
      <trkpt lat="35.39264" lon="139.93866">
        <ele>5.7</ele>
      </trkpt>
      <trkpt lat="35.39198" lon="139.93875">
        <ele>4.3</ele>
      </trkpt>
      <trkpt lat="35.39132" lon="139.93884">
        <ele>4.6</ele>
      </trkpt>
      <trkpt lat="35.39067" lon="139.93893">
        <ele>6.6</ele>
      </trkpt>
      <trkpt lat="35.38982" lon="139.93906">
        <ele>6.9</ele>
      </trkpt>
      <trkpt lat="35.38898" lon="139.93919">
        <ele>7.4</ele>
      </trkpt>
      <trkpt lat="35.38814" lon="139.93932">
        <ele>9.2</ele>
      </trkpt>
      <trkpt lat="35.38748" lon="139.93941">
        <ele>10.2</ele>
      </trkpt>
      <trkpt lat="35.38748" lon="139.93941">
        <ele>10.2</ele>
      </trkpt>
      <trkpt lat="35.38727" lon="139.93943">
        <ele>9.2</ele>
      </trkpt>
      <trkpt lat="35.38663" lon="139.93948">
        <ele>6.9</ele>
      </trkpt>
      <trkpt lat="35.38624" lon="139.93942">
        <ele>6.3</ele>
      </trkpt>
      <trkpt lat="35.38596" lon="139.93935">
        <ele>5.7</ele>
      </trkpt>
      <trkpt lat="35.38542" lon="139.93909">
        <ele>6.4</ele>
      </trkpt>
      <trkpt lat="35.38462" lon="139.9387">
        <ele>7.6</ele>
      </trkpt>
      <trkpt lat="35.38382" lon="139.93831">
        <ele>9.4</ele>
      </trkpt>
      <trkpt lat="35.38302" lon="139.93791">
        <ele>12.3</ele>
      </trkpt>
      <trkpt lat="35.38222" lon="139.93752">
        <ele>10.7</ele>
      </trkpt>
      <trkpt lat="35.38172" lon="139.93729">
        <ele>11.8</ele>
      </trkpt>
      <trkpt lat="35.38123" lon="139.93706">
        <ele>13.1</ele>
      </trkpt>
      <trkpt lat="35.38073" lon="139.93678">
        <ele>11.8</ele>
      </trkpt>
      <trkpt lat="35.37998" lon="139.93642">
        <ele>9.8</ele>
      </trkpt>
      <trkpt lat="35.37923" lon="139.93607">
        <ele>8.4</ele>
      </trkpt>
      <trkpt lat="35.37848" lon="139.93572">
        <ele>7.7</ele>
      </trkpt>
      <trkpt lat="35.37779" lon="139.9355">
        <ele>5.8</ele>
      </trkpt>
      <trkpt lat="35.3771" lon="139.93528">
        <ele>5.1</ele>
      </trkpt>
      <trkpt lat="35.37689" lon="139.93521">
        <ele>4.9</ele>
      </trkpt>
      <trkpt lat="35.37631" lon="139.93503">
        <ele>4.4</ele>
      </trkpt>
      <trkpt lat="35.37572" lon="139.93485">
        <ele>6.0</ele>
      </trkpt>
      <trkpt lat="35.37514" lon="139.93467">
        <ele>6.0</ele>
      </trkpt>
      <trkpt lat="35.37473" lon="139.93455">
        <ele>6.5</ele>
      </trkpt>
      <trkpt lat="35.37473" lon="139.93455">
        <ele>6.5</ele>
      </trkpt>
      <trkpt lat="35.37413" lon="139.93437">
        <ele>7.8</ele>
      </trkpt>
      <trkpt lat="35.37384" lon="139.93423">
        <ele>8.3</ele>
      </trkpt>
      <trkpt lat="35.3737" lon="139.93414">
        <ele>8.6</ele>
      </trkpt>
      <trkpt lat="35.37342" lon="139.93395">
        <ele>9.4</ele>
      </trkpt>
      <trkpt lat="35.37334" lon="139.93388">
        <ele>9.7</ele>
      </trkpt>
      <trkpt lat="35.37352" lon="139.93366">
        <ele>9.9</ele>
      </trkpt>
      <trkpt lat="35.37363" lon="139.93344">
        <ele>10.1</ele>
      </trkpt>
      <trkpt lat="35.37337" lon="139.93315">
        <ele>10.7</ele>
      </trkpt>
      <trkpt lat="35.37328" lon="139.93301">
        <ele>10.6</ele>
      </trkpt>
      <trkpt lat="35.3732" lon="139.93287">
        <ele>10.4</ele>
      </trkpt>
      <trkpt lat="35.37315" lon="139.9327">
        <ele>10.2</ele>
      </trkpt>
      <trkpt lat="35.37314" lon="139.93247">
        <ele>9.9</ele>
      </trkpt>
      <trkpt lat="35.37326" lon="139.93174">
        <ele>7.3</ele>
      </trkpt>
      <trkpt lat="35.37338" lon="139.93101">
        <ele>6.1</ele>
      </trkpt>
      <trkpt lat="35.37283" lon="139.93079">
        <ele>6.0</ele>
      </trkpt>
      <trkpt lat="35.37302" lon="139.92977">
        <ele>5.7</ele>
      </trkpt>
      <trkpt lat="35.37315" lon="139.92902">
        <ele>5.0</ele>
      </trkpt>
      <trkpt lat="35.37328" lon="139.92827">
        <ele>4.9</ele>
      </trkpt>
      <trkpt lat="35.37341" lon="139.92752">
        <ele>4.0</ele>
      </trkpt>
      <trkpt lat="35.37347" lon="139.92713">
        <ele>4.2</ele>
      </trkpt>
      <trkpt lat="35.37366" lon="139.92611">
        <ele>3.7</ele>
      </trkpt>
      <trkpt lat="35.37386" lon="139.92509">
        <ele>2.7</ele>
      </trkpt>
      <trkpt lat="35.37404" lon="139.92405">
        <ele>4.7</ele>
      </trkpt>
      <trkpt lat="35.37417" lon="139.92325">
        <ele>4.9</ele>
      </trkpt>
      <trkpt lat="35.37429" lon="139.92245">
        <ele>3.7</ele>
      </trkpt>
      <trkpt lat="35.37443" lon="139.92173">
        <ele>1.5</ele>
      </trkpt>
      <trkpt lat="35.37456" lon="139.92101">
        <ele>1.1</ele>
      </trkpt>
      <trkpt lat="35.3747" lon="139.92025">
        <ele>1.4</ele>
      </trkpt>
      <trkpt lat="35.37483" lon="139.91949">
        <ele>1.4</ele>
      </trkpt>
      <trkpt lat="35.37492" lon="139.91888">
        <ele>2.1</ele>
      </trkpt>
      <trkpt lat="35.37502" lon="139.91826">
        <ele>3.9</ele>
      </trkpt>
      <trkpt lat="35.37428" lon="139.91806">
        <ele>4.3</ele>
      </trkpt>
      <trkpt lat="35.37348" lon="139.91784">
        <ele>1.3</ele>
      </trkpt>
      <trkpt lat="35.37267" lon="139.91762">
        <ele>2.9</ele>
      </trkpt>
      <trkpt lat="35.37182" lon="139.91745">
        <ele>7.6</ele>
      </trkpt>
      <trkpt lat="35.37096" lon="139.91728">
        <ele>4.3</ele>
      </trkpt>
      <trkpt lat="35.3701" lon="139.91712">
        <ele>3.5</ele>
      </trkpt>
      <trkpt lat="35.37001" lon="139.9171">
        <ele>3.5</ele>
      </trkpt>
      <trkpt lat="35.37006" lon="139.91674">
        <ele>3.1</ele>
      </trkpt>
      <trkpt lat="35.37006" lon="139.91674">
        <ele>3.1</ele>
      </trkpt>
      <trkpt lat="35.37018" lon="139.91584">
        <ele>2.4</ele>
      </trkpt>
      <trkpt lat="35.3703" lon="139.91494">
        <ele>2.1</ele>
      </trkpt>
      <trkpt lat="35.37042" lon="139.91404">
        <ele>2.3</ele>
      </trkpt>
      <trkpt lat="35.37042" lon="139.91404">
        <ele>2.3</ele>
      </trkpt>
      <trkpt lat="35.37049" lon="139.91353">
        <ele>3.3</ele>
      </trkpt>
      <trkpt lat="35.37062" lon="139.91262">
        <ele>5.1</ele>
      </trkpt>
      <trkpt lat="35.37067" lon="139.91217">
        <ele>6.1</ele>
      </trkpt>
      <trkpt lat="35.37068" lon="139.91185">
        <ele>7.6</ele>
      </trkpt>
      <trkpt lat="35.37068" lon="139.91162">
        <ele>8.4</ele>
      </trkpt>
      <trkpt lat="35.37066" lon="139.91151">
        <ele>8.2</ele>
      </trkpt>
      <trkpt lat="35.37061" lon="139.9112">
        <ele>7.7</ele>
      </trkpt>
      <trkpt lat="35.37055" lon="139.91099">
        <ele>7.7</ele>
      </trkpt>
      <trkpt lat="35.37051" lon="139.91089">
        <ele>7.8</ele>
      </trkpt>
      <trkpt lat="35.37051" lon="139.91089">
        <ele>7.8</ele>
      </trkpt>
      <trkpt lat="35.37024" lon="139.91021">
        <ele>5.8</ele>
      </trkpt>
      <trkpt lat="35.36983" lon="139.91046">
        <ele>8.0</ele>
      </trkpt>
      <trkpt lat="35.36943" lon="139.91072">
        <ele>5.9</ele>
      </trkpt>
      <trkpt lat="35.369" lon="139.91101">
        <ele>2.4</ele>
      </trkpt>
      <trkpt lat="35.36856" lon="139.9113">
        <ele>0.7</ele>
      </trkpt>
      <trkpt lat="35.36832" lon="139.91144">
        <ele>-0.7</ele>
      </trkpt>
      <trkpt lat="35.36814" lon="139.91152">
        <ele>-1.3</ele>
      </trkpt>
      <trkpt lat="35.3678" lon="139.91166">
        <ele>-2.6</ele>
      </trkpt>
      <trkpt lat="35.36756" lon="139.91173">
        <ele>-2.6</ele>
      </trkpt>
      <trkpt lat="35.36756" lon="139.91173">
        <ele>-2.6</ele>
      </trkpt>
      <trkpt lat="35.36724" lon="139.91181">
        <ele>-0.5</ele>
      </trkpt>
      <trkpt lat="35.36689" lon="139.91187">
        <ele>1.9</ele>
      </trkpt>
      <trkpt lat="35.36657" lon="139.91189">
        <ele>3.1</ele>
      </trkpt>
      <trkpt lat="35.36612" lon="139.91191">
        <ele>2.3</ele>
      </trkpt>
      <trkpt lat="35.36576" lon="139.91189">
        <ele>1.8</ele>
      </trkpt>
      <trkpt lat="35.36546" lon="139.91186">
        <ele>2.2</ele>
      </trkpt>
      <trkpt lat="35.36504" lon="139.91179">
        <ele>3.2</ele>
      </trkpt>
      <trkpt lat="35.36426" lon="139.91163">
        <ele>5.1</ele>
      </trkpt>
      <trkpt lat="35.36348" lon="139.91148">
        <ele>2.6</ele>
      </trkpt>
      <trkpt lat="35.3627" lon="139.91132">
        <ele>4.0</ele>
      </trkpt>
      <trkpt lat="35.36192" lon="139.91116">
        <ele>3.6</ele>
      </trkpt>
      <trkpt lat="35.36155" lon="139.91106">
        <ele>3.7</ele>
      </trkpt>
      <trkpt lat="35.36107" lon="139.91091">
        <ele>4.7</ele>
      </trkpt>
      <trkpt lat="35.36064" lon="139.91076">
        <ele>4.4</ele>
      </trkpt>
      <trkpt lat="35.36003" lon="139.91052">
        <ele>4.1</ele>
      </trkpt>
      <trkpt lat="35.35957" lon="139.9103">
        <ele>4.4</ele>
      </trkpt>
      <trkpt lat="35.35884" lon="139.90992">
        <ele>4.6</ele>
      </trkpt>
      <trkpt lat="35.3585" lon="139.90971">
        <ele>5.1</ele>
      </trkpt>
      <trkpt lat="35.3585" lon="139.90971">
        <ele>5.1</ele>
      </trkpt>
      <trkpt lat="35.35815" lon="139.9095">
        <ele>4.6</ele>
      </trkpt>
      <trkpt lat="35.35753" lon="139.90906">
        <ele>3.6</ele>
      </trkpt>
      <trkpt lat="35.35693" lon="139.90858">
        <ele>3.4</ele>
      </trkpt>
      <trkpt lat="35.35664" lon="139.90834">
        <ele>2.0</ele>
      </trkpt>
      <trkpt lat="35.356" lon="139.90773">
        <ele>1.6</ele>
      </trkpt>
      <trkpt lat="35.35553" lon="139.90723">
        <ele>1.9</ele>
      </trkpt>
      <trkpt lat="35.35526" lon="139.90692">
        <ele>1.9</ele>
      </trkpt>
      <trkpt lat="35.35475" lon="139.9063">
        <ele>1.7</ele>
      </trkpt>
      <trkpt lat="35.3545" lon="139.90597">
        <ele>1.3</ele>
      </trkpt>
      <trkpt lat="35.35428" lon="139.90565">
        <ele>1.4</ele>
      </trkpt>
      <trkpt lat="35.35383" lon="139.90496">
        <ele>5.0</ele>
      </trkpt>
      <trkpt lat="35.35367" lon="139.90469">
        <ele>5.0</ele>
      </trkpt>
      <trkpt lat="35.35336" lon="139.90416">
        <ele>5.0</ele>
      </trkpt>
      <trkpt lat="35.35317" lon="139.90379">
        <ele>6.5</ele>
      </trkpt>
      <trkpt lat="35.35289" lon="139.90324">
        <ele>7.3</ele>
      </trkpt>
      <trkpt lat="35.35251" lon="139.90235">
        <ele>6.8</ele>
      </trkpt>
      <trkpt lat="35.35251" lon="139.90235">
        <ele>6.8</ele>
      </trkpt>
      <trkpt lat="35.35221" lon="139.90159">
        <ele>6.4</ele>
      </trkpt>
      <trkpt lat="35.35191" lon="139.90083">
        <ele>5.9</ele>
      </trkpt>
      <trkpt lat="35.35175" lon="139.90041">
        <ele>5.6</ele>
      </trkpt>
      <trkpt lat="35.35146" lon="139.89966">
        <ele>5.2</ele>
      </trkpt>
      <trkpt lat="35.35117" lon="139.89891">
        <ele>3.2</ele>
      </trkpt>
      <trkpt lat="35.35117" lon="139.89891">
        <ele>3.2</ele>
      </trkpt>
      <trkpt lat="35.35082" lon="139.898">
        <ele>2.0</ele>
      </trkpt>
      <trkpt lat="35.35047" lon="139.8971">
        <ele>1.5</ele>
      </trkpt>
      <trkpt lat="35.35012" lon="139.89619">
        <ele>0.2</ele>
      </trkpt>
      <trkpt lat="35.34977" lon="139.89528">
        <ele>1.9</ele>
      </trkpt>
      <trkpt lat="35.34942" lon="139.89438">
        <ele>5.1</ele>
      </trkpt>
      <trkpt lat="35.34908" lon="139.89347">
        <ele>6.5</ele>
      </trkpt>
      <trkpt lat="35.34873" lon="139.89257">
        <ele>2.3</ele>
      </trkpt>
      <trkpt lat="35.34838" lon="139.89166">
        <ele>2.0</ele>
      </trkpt>
      <trkpt lat="35.34803" lon="139.89076">
        <ele>0.0</ele>
      </trkpt>
      <trkpt lat="35.34803" lon="139.89076">
        <ele>0.0</ele>
      </trkpt>
      <trkpt lat="35.34771" lon="139.88994">
        <ele>5.5</ele>
      </trkpt>
      <trkpt lat="35.3474" lon="139.88912">
        <ele>9.8</ele>
      </trkpt>
      <trkpt lat="35.34708" lon="139.88831">
        <ele>1.5</ele>
      </trkpt>
      <trkpt lat="35.34676" lon="139.88749">
        <ele>2.8</ele>
      </trkpt>
      <trkpt lat="35.34654" lon="139.8869">
        <ele>2.9</ele>
      </trkpt>
      <trkpt lat="35.34627" lon="139.88616">
        <ele>-1.0</ele>
      </trkpt>
      <trkpt lat="35.34606" lon="139.8855">
        <ele>-2.7</ele>
      </trkpt>
      <trkpt lat="35.34586" lon="139.88485">
        <ele>-3.5</ele>
      </trkpt>
      <trkpt lat="35.34575" lon="139.88445">
        <ele>-0.8</ele>
      </trkpt>
      <trkpt lat="35.3455" lon="139.8835">
        <ele>3.2</ele>
      </trkpt>
      <trkpt lat="35.34539" lon="139.88304">
        <ele>2.8</ele>
      </trkpt>
      <trkpt lat="35.34529" lon="139.88256">
        <ele>0.4</ele>
      </trkpt>
      <trkpt lat="35.34525" lon="139.88211">
        <ele>2.7</ele>
      </trkpt>
      <trkpt lat="35.34521" lon="139.88194">
        <ele>3.8</ele>
      </trkpt>
      <trkpt lat="35.34518" lon="139.88175">
        <ele>5.0</ele>
      </trkpt>
      <trkpt lat="35.34516" lon="139.88158">
        <ele>5.3</ele>
      </trkpt>
      <trkpt lat="35.34515" lon="139.88141">
        <ele>4.7</ele>
      </trkpt>
      <trkpt lat="35.34516" lon="139.88128">
        <ele>4.3</ele>
      </trkpt>
      <trkpt lat="35.34519" lon="139.88103">
        <ele>3.6</ele>
      </trkpt>
      <trkpt lat="35.34524" lon="139.88087">
        <ele>3.3</ele>
      </trkpt>
      <trkpt lat="35.34528" lon="139.8808">
        <ele>3.4</ele>
      </trkpt>
      <trkpt lat="35.34497" lon="139.88088">
        <ele>2.9</ele>
      </trkpt>
      <trkpt lat="35.3449" lon="139.88028">
        <ele>7.0</ele>
      </trkpt>
      <trkpt lat="35.34483" lon="139.87969">
        <ele>9.7</ele>
      </trkpt>
      <trkpt lat="35.34475" lon="139.87883">
        <ele>8.2</ele>
      </trkpt>
      <trkpt lat="35.34469" lon="139.87801">
        <ele>5.7</ele>
      </trkpt>
      <trkpt lat="35.34467" lon="139.87761">
        <ele>5.6</ele>
      </trkpt>
      <trkpt lat="35.34464" lon="139.87686">
        <ele>7.2</ele>
      </trkpt>
      <trkpt lat="35.34464" lon="139.87663">
        <ele>7.7</ele>
      </trkpt>
      <trkpt lat="35.34463" lon="139.87585">
        <ele>7.2</ele>
      </trkpt>
      <trkpt lat="35.34462" lon="139.87564">
        <ele>6.9</ele>
      </trkpt>
      <trkpt lat="35.34457" lon="139.87564">
        <ele>6.6</ele>
      </trkpt>
      <trkpt lat="35.34456" lon="139.87479">
        <ele>4.8</ele>
      </trkpt>
      <trkpt lat="35.34455" lon="139.87394">
        <ele>4.0</ele>
      </trkpt>
      <trkpt lat="35.34454" lon="139.87319">
        <ele>5.9</ele>
      </trkpt>
      <trkpt lat="35.34454" lon="139.87245">
        <ele>4.6</ele>
      </trkpt>
      <trkpt lat="35.34454" lon="139.8717">
        <ele>5.1</ele>
      </trkpt>
      <trkpt lat="35.34454" lon="139.8717">
        <ele>5.1</ele>
      </trkpt>
      <trkpt lat="35.34454" lon="139.87101">
        <ele>2.2</ele>
      </trkpt>
      <trkpt lat="35.34457" lon="139.87048">
        <ele>1.7</ele>
      </trkpt>
      <trkpt lat="35.34463" lon="139.86976">
        <ele>2.7</ele>
      </trkpt>
      <trkpt lat="35.3447" lon="139.86926">
        <ele>4.3</ele>
      </trkpt>
      <trkpt lat="35.34476" lon="139.86926">
        <ele>4.6</ele>
      </trkpt>
      <trkpt lat="35.34479" lon="139.86906">
        <ele>4.5</ele>
      </trkpt>
      <trkpt lat="35.34498" lon="139.86812">
        <ele>1.0</ele>
      </trkpt>
      <trkpt lat="35.34517" lon="139.86718">
        <ele>1.4</ele>
      </trkpt>
      <trkpt lat="35.34536" lon="139.86624">
        <ele>3.6</ele>
      </trkpt>
      <trkpt lat="35.34555" lon="139.8653">
        <ele>7.8</ele>
      </trkpt>
      <trkpt lat="35.34555" lon="139.8653">
        <ele>7.8</ele>
      </trkpt>
      <trkpt lat="35.3456" lon="139.86508">
        <ele>9.4</ele>
      </trkpt>
      <trkpt lat="35.3457" lon="139.8645">
        <ele>7.6</ele>
      </trkpt>
      <trkpt lat="35.34582" lon="139.86379">
        <ele>3.3</ele>
      </trkpt>
      <trkpt lat="35.34589" lon="139.86321">
        <ele>0.9</ele>
      </trkpt>
      <trkpt lat="35.34593" lon="139.8628">
        <ele>3.1</ele>
      </trkpt>
      <trkpt lat="35.34596" lon="139.862">
        <ele>5.0</ele>
      </trkpt>
      <trkpt lat="35.34595" lon="139.86143">
        <ele>5.5</ele>
      </trkpt>
      <trkpt lat="35.34592" lon="139.86085">
        <ele>4.2</ele>
      </trkpt>
      <trkpt lat="35.34586" lon="139.85983">
        <ele>2.0</ele>
      </trkpt>
      <trkpt lat="35.3458" lon="139.85881">
        <ele>-0.1</ele>
      </trkpt>
      <trkpt lat="35.34574" lon="139.85798">
        <ele>-2.0</ele>
      </trkpt>
      <trkpt lat="35.34574" lon="139.85798">
        <ele>-2.0</ele>
      </trkpt>
      <trkpt lat="35.3457" lon="139.85729">
        <ele>-4.0</ele>
      </trkpt>
      <trkpt lat="35.34563" lon="139.85646">
        <ele>-3.7</ele>
      </trkpt>
      <trkpt lat="35.34554" lon="139.85569">
        <ele>-0.5</ele>
      </trkpt>
      <trkpt lat="35.34543" lon="139.8551">
        <ele>4.2</ele>
      </trkpt>
      <trkpt lat="35.34536" lon="139.85481">
        <ele>4.9</ele>
      </trkpt>
      <trkpt lat="35.34528" lon="139.85452">
        <ele>4.9</ele>
      </trkpt>
      <trkpt lat="35.34519" lon="139.85426">
        <ele>5.1</ele>
      </trkpt>
      <trkpt lat="35.34489" lon="139.85357">
        <ele>10.0</ele>
      </trkpt>
      <trkpt lat="35.3447" lon="139.85316">
        <ele>8.9</ele>
      </trkpt>
      <trkpt lat="35.34449" lon="139.85278">
        <ele>6.6</ele>
      </trkpt>
      <trkpt lat="35.34428" lon="139.85246">
        <ele>4.8</ele>
      </trkpt>
      <trkpt lat="35.34428" lon="139.85246">
        <ele>4.8</ele>
      </trkpt>
      <trkpt lat="35.34393" lon="139.85192">
        <ele>6.8</ele>
      </trkpt>
      <trkpt lat="35.3436" lon="139.85151">
        <ele>6.6</ele>
      </trkpt>
      <trkpt lat="35.34334" lon="139.85126">
        <ele>4.1</ele>
      </trkpt>
      <trkpt lat="35.34279" lon="139.85077">
        <ele>3.0</ele>
      </trkpt>
      <trkpt lat="35.34248" lon="139.85053">
        <ele>4.4</ele>
      </trkpt>
      <trkpt lat="35.34186" lon="139.85002">
        <ele>3.8</ele>
      </trkpt>
      <trkpt lat="35.34124" lon="139.84952">
        <ele>3.4</ele>
      </trkpt>
      <trkpt lat="35.34062" lon="139.84902">
        <ele>1.2</ele>
      </trkpt>
      <trkpt lat="35.34" lon="139.84851">
        <ele>4.2</ele>
      </trkpt>
      <trkpt lat="35.33938" lon="139.84801">
        <ele>8.1</ele>
      </trkpt>
      <trkpt lat="35.33938" lon="139.84801">
        <ele>8.1</ele>
      </trkpt>
      <trkpt lat="35.33871" lon="139.84747">
        <ele>8.4</ele>
      </trkpt>
      <trkpt lat="35.33805" lon="139.84693">
        <ele>4.1</ele>
      </trkpt>
      <trkpt lat="35.33738" lon="139.84639">
        <ele>2.9</ele>
      </trkpt>
      <trkpt lat="35.33676" lon="139.84587">
        <ele>2.8</ele>
      </trkpt>
      <trkpt lat="35.33613" lon="139.84536">
        <ele>0.7</ele>
      </trkpt>
      <trkpt lat="35.33551" lon="139.84485">
        <ele>-0.2</ele>
      </trkpt>
      <trkpt lat="35.33488" lon="139.84434">
        <ele>1.8</ele>
      </trkpt>
      <trkpt lat="35.33426" lon="139.84383">
        <ele>3.2</ele>
      </trkpt>
      <trkpt lat="35.33381" lon="139.8435">
        <ele>6.4</ele>
      </trkpt>
      <trkpt lat="35.33327" lon="139.84303">
        <ele>4.5</ele>
      </trkpt>
      <trkpt lat="35.33308" lon="139.84284">
        <ele>4.5</ele>
      </trkpt>
      <trkpt lat="35.33299" lon="139.84275">
        <ele>4.5</ele>
      </trkpt>
      <trkpt lat="35.33299" lon="139.84275">
        <ele>4.5</ele>
      </trkpt>
      <trkpt lat="35.33262" lon="139.84241">
        <ele>4.7</ele>
      </trkpt>
      <trkpt lat="35.33241" lon="139.84222">
        <ele>4.8</ele>
      </trkpt>
      <trkpt lat="35.33203" lon="139.84183">
        <ele>5.2</ele>
      </trkpt>
      <trkpt lat="35.33153" lon="139.8412">
        <ele>0.7</ele>
      </trkpt>
      <trkpt lat="35.33125" lon="139.84082">
        <ele>-0.5</ele>
      </trkpt>
      <trkpt lat="35.33098" lon="139.84042">
        <ele>-0.4</ele>
      </trkpt>
      <trkpt lat="35.3305" lon="139.83963">
        <ele>0.0</ele>
      </trkpt>
      <trkpt lat="35.33016" lon="139.83898">
        <ele>1.9</ele>
      </trkpt>
      <trkpt lat="35.32982" lon="139.83832">
        <ele>8.3</ele>
      </trkpt>
      <trkpt lat="35.32947" lon="139.83767">
        <ele>7.7</ele>
      </trkpt>
      <trkpt lat="35.32904" lon="139.83684">
        <ele>13.5</ele>
      </trkpt>
      <trkpt lat="35.32861" lon="139.836">
        <ele>15.8</ele>
      </trkpt>
      <trkpt lat="35.32818" lon="139.83517">
        <ele>31.8</ele>
      </trkpt>
      <trkpt lat="35.32774" lon="139.83434">
        <ele>8.2</ele>
      </trkpt>
      <trkpt lat="35.32731" lon="139.83351">
        <ele>3.0</ele>
      </trkpt>
      <trkpt lat="35.32688" lon="139.83267">
        <ele>6.0</ele>
      </trkpt>
      <trkpt lat="35.32644" lon="139.83184">
        <ele>0.7</ele>
      </trkpt>
      <trkpt lat="35.32601" lon="139.83101">
        <ele>-3.2</ele>
      </trkpt>
      <trkpt lat="35.32558" lon="139.83017">
        <ele>-6.8</ele>
      </trkpt>
      <trkpt lat="35.32558" lon="139.83017">
        <ele>-6.8</ele>
      </trkpt>
      <trkpt lat="35.32514" lon="139.82934">
        <ele>-10.0</ele>
      </trkpt>
      <trkpt lat="35.32471" lon="139.8285">
        <ele>-2.2</ele>
      </trkpt>
      <trkpt lat="35.32446" lon="139.82805">
        <ele>2.1</ele>
      </trkpt>
      <trkpt lat="35.32427" lon="139.82772">
        <ele>3.6</ele>
      </trkpt>
      <trkpt lat="35.32409" lon="139.82745">
        <ele>3.8</ele>
      </trkpt>
      <trkpt lat="35.32377" lon="139.82704">
        <ele>3.4</ele>
      </trkpt>
      <trkpt lat="35.3236" lon="139.82683">
        <ele>3.3</ele>
      </trkpt>
      <trkpt lat="35.32331" lon="139.82653">
        <ele>3.3</ele>
      </trkpt>
      <trkpt lat="35.32284" lon="139.82612">
        <ele>4.1</ele>
      </trkpt>
      <trkpt lat="35.32236" lon="139.82574">
        <ele>4.7</ele>
      </trkpt>
      <trkpt lat="35.32203" lon="139.82553">
        <ele>6.4</ele>
      </trkpt>
      <trkpt lat="35.32177" lon="139.82539">
        <ele>7.7</ele>
      </trkpt>
      <trkpt lat="35.32141" lon="139.82523">
        <ele>8.6</ele>
      </trkpt>
      <trkpt lat="35.32109" lon="139.8251">
        <ele>8.9</ele>
      </trkpt>
      <trkpt lat="35.32071" lon="139.825">
        <ele>8.4</ele>
      </trkpt>
      <trkpt lat="35.32037" lon="139.82493">
        <ele>6.4</ele>
      </trkpt>
      <trkpt lat="35.31999" lon="139.82488">
        <ele>4.3</ele>
      </trkpt>
      <trkpt lat="35.31967" lon="139.82485">
        <ele>3.2</ele>
      </trkpt>
      <trkpt lat="35.31934" lon="139.82485">
        <ele>3.2</ele>
      </trkpt>
      <trkpt lat="35.31918" lon="139.82486">
        <ele>3.2</ele>
      </trkpt>
      <trkpt lat="35.31864" lon="139.82491">
        <ele>3.2</ele>
      </trkpt>
      <trkpt lat="35.31834" lon="139.82496">
        <ele>3.2</ele>
      </trkpt>
      <trkpt lat="35.31802" lon="139.82505">
        <ele>3.2</ele>
      </trkpt>
      <trkpt lat="35.31758" lon="139.82519">
        <ele>3.3</ele>
      </trkpt>
      <trkpt lat="35.31714" lon="139.82534">
        <ele>3.5</ele>
      </trkpt>
      <trkpt lat="35.31632" lon="139.82568">
        <ele>2.2</ele>
      </trkpt>
      <trkpt lat="35.31582" lon="139.82586">
        <ele>1.1</ele>
      </trkpt>
      <trkpt lat="35.31571" lon="139.8259">
        <ele>1.1</ele>
      </trkpt>
      <trkpt lat="35.31525" lon="139.82611">
        <ele>1.4</ele>
      </trkpt>
      <trkpt lat="35.31513" lon="139.82611">
        <ele>1.4</ele>
      </trkpt>
      <trkpt lat="35.31445" lon="139.82638">
        <ele>2.5</ele>
      </trkpt>
      <trkpt lat="35.31445" lon="139.82638">
        <ele>2.5</ele>
      </trkpt>
      <trkpt lat="35.31379" lon="139.82664">
        <ele>3.4</ele>
      </trkpt>
      <trkpt lat="35.31313" lon="139.82691">
        <ele>5.4</ele>
      </trkpt>
      <trkpt lat="35.31248" lon="139.82717">
        <ele>7.8</ele>
      </trkpt>
      <trkpt lat="35.31248" lon="139.82717">
        <ele>7.8</ele>
      </trkpt>
      <trkpt lat="35.31195" lon="139.82737">
        <ele>7.5</ele>
      </trkpt>
      <trkpt lat="35.31167" lon="139.82744">
        <ele>7.0</ele>
      </trkpt>
      <trkpt lat="35.31139" lon="139.82749">
        <ele>7.7</ele>
      </trkpt>
      <trkpt lat="35.31112" lon="139.82751">
        <ele>8.3</ele>
      </trkpt>
      <trkpt lat="35.3108" lon="139.82752">
        <ele>8.9</ele>
      </trkpt>
      <trkpt lat="35.31056" lon="139.8275">
        <ele>9.0</ele>
      </trkpt>
      <trkpt lat="35.31056" lon="139.8275">
        <ele>9.0</ele>
      </trkpt>
      <trkpt lat="35.31026" lon="139.82746">
        <ele>9.0</ele>
      </trkpt>
      <trkpt lat="35.3096" lon="139.82733">
        <ele>8.0</ele>
      </trkpt>
      <trkpt lat="35.30921" lon="139.82729">
        <ele>7.3</ele>
      </trkpt>
      <trkpt lat="35.30915" lon="139.82739">
        <ele>7.1</ele>
      </trkpt>
      <trkpt lat="35.30888" lon="139.82774">
        <ele>6.8</ele>
      </trkpt>
      <trkpt lat="35.30826" lon="139.82841">
        <ele>9.1</ele>
      </trkpt>
      <trkpt lat="35.30826" lon="139.82841">
        <ele>9.1</ele>
      </trkpt>
      <trkpt lat="35.30785" lon="139.82892">
        <ele>9.4</ele>
      </trkpt>
      <trkpt lat="35.30732" lon="139.82955">
        <ele>9.2</ele>
      </trkpt>
      <trkpt lat="35.3071" lon="139.82986">
        <ele>9.4</ele>
      </trkpt>
      <trkpt lat="35.30661" lon="139.8307">
        <ele>8.2</ele>
      </trkpt>
      <trkpt lat="35.30645" lon="139.83092">
        <ele>8.1</ele>
      </trkpt>
      <trkpt lat="35.30588" lon="139.83163">
        <ele>7.2</ele>
      </trkpt>
      <trkpt lat="35.30528" lon="139.83242">
        <ele>8.1</ele>
      </trkpt>
      <trkpt lat="35.30528" lon="139.83242">
        <ele>8.1</ele>
      </trkpt>
      <trkpt lat="35.3049" lon="139.83293">
        <ele>7.9</ele>
      </trkpt>
      <trkpt lat="35.30445" lon="139.8335">
        <ele>6.5</ele>
      </trkpt>
      <trkpt lat="35.304" lon="139.83406">
        <ele>6.5</ele>
      </trkpt>
      <trkpt lat="35.30355" lon="139.83463">
        <ele>6.5</ele>
      </trkpt>
      <trkpt lat="35.3032" lon="139.83497">
        <ele>6.8</ele>
      </trkpt>
      <trkpt lat="35.30279" lon="139.83532">
        <ele>6.8</ele>
      </trkpt>
      <trkpt lat="35.30238" lon="139.83567">
        <ele>5.1</ele>
      </trkpt>
      <trkpt lat="35.30233" lon="139.83571">
        <ele>4.9</ele>
      </trkpt>
      <trkpt lat="35.30181" lon="139.83614">
        <ele>2.9</ele>
      </trkpt>
      <trkpt lat="35.30181" lon="139.83614">
        <ele>2.9</ele>
      </trkpt>
      <trkpt lat="35.30113" lon="139.83671">
        <ele>2.1</ele>
      </trkpt>
      <trkpt lat="35.30045" lon="139.83729">
        <ele>5.2</ele>
      </trkpt>
      <trkpt lat="35.30029" lon="139.83747">
        <ele>5.6</ele>
      </trkpt>
      <trkpt lat="35.30006" lon="139.83779">
        <ele>5.9</ele>
      </trkpt>
      <trkpt lat="35.29987" lon="139.83818">
        <ele>6.1</ele>
      </trkpt>
      <trkpt lat="35.29975" lon="139.8385">
        <ele>6.2</ele>
      </trkpt>
      <trkpt lat="35.29962" lon="139.83912">
        <ele>5.9</ele>
      </trkpt>
      <trkpt lat="35.29951" lon="139.83977">
        <ele>6.2</ele>
      </trkpt>
      <trkpt lat="35.29939" lon="139.84042">
        <ele>6.0</ele>
      </trkpt>
      <trkpt lat="35.29924" lon="139.84134">
        <ele>6.5</ele>
      </trkpt>
      <trkpt lat="35.29924" lon="139.84134">
        <ele>6.5</ele>
      </trkpt>
      <trkpt lat="35.2992" lon="139.84214">
        <ele>7.0</ele>
      </trkpt>
      <trkpt lat="35.29917" lon="139.84232">
        <ele>7.0</ele>
      </trkpt>
      <trkpt lat="35.29906" lon="139.84267">
        <ele>7.3</ele>
      </trkpt>
      <trkpt lat="35.29887" lon="139.84321">
        <ele>7.3</ele>
      </trkpt>
      <trkpt lat="35.29862" lon="139.8439">
        <ele>7.8</ele>
      </trkpt>
      <trkpt lat="35.29849" lon="139.84422">
        <ele>8.2</ele>
      </trkpt>
      <trkpt lat="35.29817" lon="139.84478">
        <ele>8.0</ele>
      </trkpt>
      <trkpt lat="35.29785" lon="139.84533">
        <ele>8.4</ele>
      </trkpt>
      <trkpt lat="35.29767" lon="139.84567">
        <ele>8.8</ele>
      </trkpt>
      <trkpt lat="35.29761" lon="139.84581">
        <ele>9.0</ele>
      </trkpt>
      <trkpt lat="35.29743" lon="139.84638">
        <ele>9.0</ele>
      </trkpt>
      <trkpt lat="35.29736" lon="139.84657">
        <ele>9.0</ele>
      </trkpt>
      <trkpt lat="35.29726" lon="139.84677">
        <ele>8.9</ele>
      </trkpt>
      <trkpt lat="35.29713" lon="139.84697">
        <ele>8.8</ele>
      </trkpt>
      <trkpt lat="35.29697" lon="139.84725">
        <ele>8.9</ele>
      </trkpt>
      <trkpt lat="35.29686" lon="139.84748">
        <ele>9.3</ele>
      </trkpt>
      <trkpt lat="35.29686" lon="139.84748">
        <ele>9.3</ele>
      </trkpt>
      <trkpt lat="35.29682" lon="139.84758">
        <ele>9.5</ele>
      </trkpt>
      <trkpt lat="35.29649" lon="139.84852">
        <ele>10.2</ele>
      </trkpt>
      <trkpt lat="35.29616" lon="139.8494">
        <ele>10.9</ele>
      </trkpt>
      <trkpt lat="35.29583" lon="139.85027">
        <ele>10.3</ele>
      </trkpt>
      <trkpt lat="35.29566" lon="139.85073">
        <ele>11.1</ele>
      </trkpt>
      <trkpt lat="35.29561" lon="139.85095">
        <ele>11.5</ele>
      </trkpt>
      <trkpt lat="35.29554" lon="139.85149">
        <ele>12.7</ele>
      </trkpt>
      <trkpt lat="35.29534" lon="139.85222">
        <ele>11.9</ele>
      </trkpt>
      <trkpt lat="35.29515" lon="139.85296">
        <ele>11.2</ele>
      </trkpt>
      <trkpt lat="35.29496" lon="139.85355">
        <ele>11.2</ele>
      </trkpt>
      <trkpt lat="35.29477" lon="139.85413">
        <ele>11.7</ele>
      </trkpt>
      <trkpt lat="35.29477" lon="139.85413">
        <ele>11.7</ele>
      </trkpt>
      <trkpt lat="35.2946" lon="139.85472">
        <ele>11.5</ele>
      </trkpt>
      <trkpt lat="35.29387" lon="139.8549">
        <ele>12.2</ele>
      </trkpt>
      <trkpt lat="35.29372" lon="139.85491">
        <ele>12.4</ele>
      </trkpt>
      <trkpt lat="35.2937" lon="139.85487">
        <ele>12.3</ele>
      </trkpt>
      <trkpt lat="35.29319" lon="139.85501">
        <ele>12.6</ele>
      </trkpt>
      <trkpt lat="35.29281" lon="139.85512">
        <ele>11.4</ele>
      </trkpt>
      <trkpt lat="35.29227" lon="139.85517">
        <ele>10.2</ele>
      </trkpt>
      <trkpt lat="35.29195" lon="139.85507">
        <ele>10.2</ele>
      </trkpt>
      <trkpt lat="35.29181" lon="139.85507">
        <ele>10.1</ele>
      </trkpt>
      <trkpt lat="35.29143" lon="139.85517">
        <ele>9.9</ele>
      </trkpt>
      <trkpt lat="35.29143" lon="139.85517">
        <ele>9.9</ele>
      </trkpt>
      <trkpt lat="35.29109" lon="139.85526">
        <ele>9.9</ele>
      </trkpt>
      <trkpt lat="35.29109" lon="139.85529">
        <ele>9.9</ele>
      </trkpt>
      <trkpt lat="35.29027" lon="139.85551">
        <ele>8.8</ele>
      </trkpt>
      <trkpt lat="35.28944" lon="139.85573">
        <ele>8.8</ele>
      </trkpt>
      <trkpt lat="35.28944" lon="139.85573">
        <ele>8.8</ele>
      </trkpt>
      <trkpt lat="35.28899" lon="139.85586">
        <ele>9.3</ele>
      </trkpt>
      <trkpt lat="35.28891" lon="139.85592">
        <ele>9.5</ele>
      </trkpt>
      <trkpt lat="35.28886" lon="139.85608">
        <ele>9.9</ele>
      </trkpt>
      <trkpt lat="35.2889" lon="139.85634">
        <ele>10.3</ele>
      </trkpt>
      <trkpt lat="35.28896" lon="139.85683">
        <ele>10.8</ele>
      </trkpt>
      <trkpt lat="35.28824" lon="139.85683">
        <ele>10.2</ele>
      </trkpt>
      <trkpt lat="35.28814" lon="139.85684">
        <ele>9.8</ele>
      </trkpt>
      <trkpt lat="35.28796" lon="139.85692">
        <ele>9.0</ele>
      </trkpt>
      <trkpt lat="35.28791" lon="139.85695">
        <ele>8.8</ele>
      </trkpt>
      <trkpt lat="35.28791" lon="139.85695">
        <ele>8.8</ele>
      </trkpt>
      <trkpt lat="35.28786" lon="139.85698">
        <ele>8.6</ele>
      </trkpt>
      <trkpt lat="35.28757" lon="139.85724">
        <ele>7.9</ele>
      </trkpt>
      <trkpt lat="35.28743" lon="139.85736">
        <ele>7.9</ele>
      </trkpt>
      <trkpt lat="35.28673" lon="139.85799">
        <ele>8.4</ele>
      </trkpt>
      <trkpt lat="35.28666" lon="139.85803">
        <ele>8.3</ele>
      </trkpt>
      <trkpt lat="35.2861" lon="139.85817">
        <ele>6.3</ele>
      </trkpt>
      <trkpt lat="35.28554" lon="139.85831">
        <ele>5.0</ele>
      </trkpt>
      <trkpt lat="35.28531" lon="139.85831">
        <ele>5.3</ele>
      </trkpt>
      <trkpt lat="35.28515" lon="139.85826">
        <ele>5.6</ele>
      </trkpt>
      <trkpt lat="35.28505" lon="139.85822">
        <ele>5.7</ele>
      </trkpt>
      <trkpt lat="35.28467" lon="139.85787">
        <ele>6.5</ele>
      </trkpt>
      <trkpt lat="35.28467" lon="139.85787">
        <ele>6.5</ele>
      </trkpt>
      <trkpt lat="35.28439" lon="139.85764">
        <ele>6.8</ele>
      </trkpt>
      <trkpt lat="35.28427" lon="139.85754">
        <ele>7.0</ele>
      </trkpt>
      <trkpt lat="35.28376" lon="139.8571">
        <ele>7.7</ele>
      </trkpt>
      <trkpt lat="35.28324" lon="139.85665">
        <ele>9.0</ele>
      </trkpt>
      <trkpt lat="35.28281" lon="139.85626">
        <ele>8.5</ele>
      </trkpt>
      <trkpt lat="35.28232" lon="139.8557">
        <ele>7.5</ele>
      </trkpt>
      <trkpt lat="35.28225" lon="139.85563">
        <ele>7.3</ele>
      </trkpt>
      <trkpt lat="35.28194" lon="139.85536">
        <ele>6.6</ele>
      </trkpt>
      <trkpt lat="35.28165" lon="139.85514">
        <ele>6.2</ele>
      </trkpt>
      <trkpt lat="35.28165" lon="139.85514">
        <ele>6.2</ele>
      </trkpt>
      <trkpt lat="35.28116" lon="139.8548">
        <ele>6.8</ele>
      </trkpt>
      <trkpt lat="35.28078" lon="139.85456">
        <ele>7.6</ele>
      </trkpt>
      <trkpt lat="35.28065" lon="139.85449">
        <ele>7.8</ele>
      </trkpt>
      <trkpt lat="35.28039" lon="139.85475">
        <ele>7.8</ele>
      </trkpt>
      <trkpt lat="35.28028" lon="139.8549">
        <ele>7.8</ele>
      </trkpt>
      <trkpt lat="35.2801" lon="139.85519">
        <ele>8.1</ele>
      </trkpt>
      <trkpt lat="35.28004" lon="139.85527">
        <ele>8.2</ele>
      </trkpt>
      <trkpt lat="35.27973" lon="139.85567">
        <ele>8.8</ele>
      </trkpt>
      <trkpt lat="35.27958" lon="139.85594">
        <ele>9.9</ele>
      </trkpt>
      <trkpt lat="35.27922" lon="139.85642">
        <ele>12.9</ele>
      </trkpt>
      <trkpt lat="35.27887" lon="139.8569">
        <ele>14.1</ele>
      </trkpt>
      <trkpt lat="35.27876" lon="139.8571">
        <ele>14.0</ele>
      </trkpt>
      <trkpt lat="35.27864" lon="139.8574">
        <ele>13.8</ele>
      </trkpt>
      <trkpt lat="35.27843" lon="139.85815">
        <ele>12.0</ele>
      </trkpt>
      <trkpt lat="35.27843" lon="139.85815">
        <ele>12.0</ele>
      </trkpt>
      <trkpt lat="35.27832" lon="139.85869">
        <ele>12.5</ele>
      </trkpt>
      <trkpt lat="35.27821" lon="139.85922">
        <ele>14.8</ele>
      </trkpt>
      <trkpt lat="35.27809" lon="139.86014">
        <ele>16.4</ele>
      </trkpt>
      <trkpt lat="35.27805" lon="139.86039">
        <ele>16.0</ele>
      </trkpt>
      <trkpt lat="35.278" lon="139.86052">
        <ele>15.9</ele>
      </trkpt>
      <trkpt lat="35.27792" lon="139.86062">
        <ele>16.0</ele>
      </trkpt>
      <trkpt lat="35.27781" lon="139.86074">
        <ele>15.8</ele>
      </trkpt>
      <trkpt lat="35.27764" lon="139.86087">
        <ele>15.4</ele>
      </trkpt>
      <trkpt lat="35.27688" lon="139.86134">
        <ele>17.6</ele>
      </trkpt>
      <trkpt lat="35.27609" lon="139.86162">
        <ele>17.1</ele>
      </trkpt>
      <trkpt lat="35.27556" lon="139.86181">
        <ele>17.6</ele>
      </trkpt>
      <trkpt lat="35.27538" lon="139.86186">
        <ele>18.2</ele>
      </trkpt>
      <trkpt lat="35.27508" lon="139.862">
        <ele>18.4</ele>
      </trkpt>
      <trkpt lat="35.27437" lon="139.86244">
        <ele>16.4</ele>
      </trkpt>
      <trkpt lat="35.27365" lon="139.86288">
        <ele>16.1</ele>
      </trkpt>
      <trkpt lat="35.27365" lon="139.86288">
        <ele>16.1</ele>
      </trkpt>
      <trkpt lat="35.27287" lon="139.86335">
        <ele>17.5</ele>
      </trkpt>
      <trkpt lat="35.27273" lon="139.86345">
        <ele>17.2</ele>
      </trkpt>
      <trkpt lat="35.27205" lon="139.86387">
        <ele>16.5</ele>
      </trkpt>
      <trkpt lat="35.27138" lon="139.86428">
        <ele>19.8</ele>
      </trkpt>
      <trkpt lat="35.27094" lon="139.86469">
        <ele>21.6</ele>
      </trkpt>
      <trkpt lat="35.27094" lon="139.86469">
        <ele>21.6</ele>
      </trkpt>
      <trkpt lat="35.27072" lon="139.86489">
        <ele>20.8</ele>
      </trkpt>
      <trkpt lat="35.27035" lon="139.86526">
        <ele>21.3</ele>
      </trkpt>
      <trkpt lat="35.26998" lon="139.86564">
        <ele>22.8</ele>
      </trkpt>
      <trkpt lat="35.26985" lon="139.86578">
        <ele>24.6</ele>
      </trkpt>
      <trkpt lat="35.26973" lon="139.86598">
        <ele>26.3</ele>
      </trkpt>
      <trkpt lat="35.26946" lon="139.86652">
        <ele>29.7</ele>
      </trkpt>
      <trkpt lat="35.26948" lon="139.86677">
        <ele>28.3</ele>
      </trkpt>
      <trkpt lat="35.26947" lon="139.86685">
        <ele>27.8</ele>
      </trkpt>
      <trkpt lat="35.26944" lon="139.86695">
        <ele>27.3</ele>
      </trkpt>
      <trkpt lat="35.26932" lon="139.86731">
        <ele>25.2</ele>
      </trkpt>
      <trkpt lat="35.26918" lon="139.86794">
        <ele>21.4</ele>
      </trkpt>
      <trkpt lat="35.26916" lon="139.86807">
        <ele>20.6</ele>
      </trkpt>
      <trkpt lat="35.26914" lon="139.8681">
        <ele>20.7</ele>
      </trkpt>
      <trkpt lat="35.26899" lon="139.86812">
        <ele>22.1</ele>
      </trkpt>
      <trkpt lat="35.26893" lon="139.86813">
        <ele>22.6</ele>
      </trkpt>
      <trkpt lat="35.26886" lon="139.86815">
        <ele>23.2</ele>
      </trkpt>
      <trkpt lat="35.26879" lon="139.86883">
        <ele>23.0</ele>
      </trkpt>
      <trkpt lat="35.2687" lon="139.86947">
        <ele>24.3</ele>
      </trkpt>
      <trkpt lat="35.26862" lon="139.87011">
        <ele>26.4</ele>
      </trkpt>
      <trkpt lat="35.26851" lon="139.87052">
        <ele>28.8</ele>
      </trkpt>
      <trkpt lat="35.26838" lon="139.87082">
        <ele>31.3</ele>
      </trkpt>
      <trkpt lat="35.26803" lon="139.87123">
        <ele>32.8</ele>
      </trkpt>
      <trkpt lat="35.26752" lon="139.87175">
        <ele>31.2</ele>
      </trkpt>
      <trkpt lat="35.26701" lon="139.87227">
        <ele>34.3</ele>
      </trkpt>
      <trkpt lat="35.2665" lon="139.87279">
        <ele>33.0</ele>
      </trkpt>
      <trkpt lat="35.2665" lon="139.87279">
        <ele>33.0</ele>
      </trkpt>
      <trkpt lat="35.26614" lon="139.87316">
        <ele>33.5</ele>
      </trkpt>
      <trkpt lat="35.26586" lon="139.87338">
        <ele>33.1</ele>
      </trkpt>
      <trkpt lat="35.2651" lon="139.87378">
        <ele>42.4</ele>
      </trkpt>
      <trkpt lat="35.26466" lon="139.87403">
        <ele>40.8</ele>
      </trkpt>
      <trkpt lat="35.26422" lon="139.87428">
        <ele>41.4</ele>
      </trkpt>
      <trkpt lat="35.26394" lon="139.8744">
        <ele>42.2</ele>
      </trkpt>
      <trkpt lat="35.2637" lon="139.87446">
        <ele>41.5</ele>
      </trkpt>
      <trkpt lat="35.26323" lon="139.87451">
        <ele>38.0</ele>
      </trkpt>
      <trkpt lat="35.2631" lon="139.87453">
        <ele>36.1</ele>
      </trkpt>
      <trkpt lat="35.26299" lon="139.87456">
        <ele>34.4</ele>
      </trkpt>
      <trkpt lat="35.26282" lon="139.87466">
        <ele>32.9</ele>
      </trkpt>
      <trkpt lat="35.2627" lon="139.87475">
        <ele>31.7</ele>
      </trkpt>
      <trkpt lat="35.2625" lon="139.87501">
        <ele>29.4</ele>
      </trkpt>
      <trkpt lat="35.2624" lon="139.8752">
        <ele>28.0</ele>
      </trkpt>
      <trkpt lat="35.26217" lon="139.87565">
        <ele>24.6</ele>
      </trkpt>
      <trkpt lat="35.26206" lon="139.8758">
        <ele>23.3</ele>
      </trkpt>
      <trkpt lat="35.26193" lon="139.87591">
        <ele>22.0</ele>
      </trkpt>
      <trkpt lat="35.2618" lon="139.87599">
        <ele>20.9</ele>
      </trkpt>
      <trkpt lat="35.2613" lon="139.87617">
        <ele>20.5</ele>
      </trkpt>
      <trkpt lat="35.26073" lon="139.87638">
        <ele>19.8</ele>
      </trkpt>
      <trkpt lat="35.26003" lon="139.87662">
        <ele>18.1</ele>
      </trkpt>
      <trkpt lat="35.25959" lon="139.87681">
        <ele>17.4</ele>
      </trkpt>
      <trkpt lat="35.25916" lon="139.877">
        <ele>17.0</ele>
      </trkpt>
      <trkpt lat="35.25916" lon="139.877">
        <ele>17.0</ele>
      </trkpt>
      <trkpt lat="35.25855" lon="139.87726">
        <ele>15.5</ele>
      </trkpt>
      <trkpt lat="35.25836" lon="139.87731">
        <ele>15.1</ele>
      </trkpt>
      <trkpt lat="35.25825" lon="139.87729">
        <ele>14.7</ele>
      </trkpt>
      <trkpt lat="35.25814" lon="139.87723">
        <ele>14.4</ele>
      </trkpt>
      <trkpt lat="35.25797" lon="139.87713">
        <ele>13.9</ele>
      </trkpt>
      <trkpt lat="35.25787" lon="139.87703">
        <ele>13.6</ele>
      </trkpt>
      <trkpt lat="35.25753" lon="139.8763">
        <ele>12.2</ele>
      </trkpt>
      <trkpt lat="35.25719" lon="139.87557">
        <ele>10.6</ele>
      </trkpt>
      <trkpt lat="35.25686" lon="139.87485">
        <ele>12.1</ele>
      </trkpt>
      <trkpt lat="35.25642" lon="139.87397">
        <ele>13.2</ele>
      </trkpt>
      <trkpt lat="35.25599" lon="139.8733">
        <ele>12.7</ele>
      </trkpt>
      <trkpt lat="35.25567" lon="139.87292">
        <ele>12.0</ele>
      </trkpt>
      <trkpt lat="35.25517" lon="139.87235">
        <ele>12.5</ele>
      </trkpt>
      <trkpt lat="35.25466" lon="139.87178">
        <ele>11.2</ele>
      </trkpt>
      <trkpt lat="35.25456" lon="139.87156">
        <ele>11.1</ele>
      </trkpt>
      <trkpt lat="35.2545" lon="139.87147">
        <ele>11.0</ele>
      </trkpt>
      <trkpt lat="35.2544" lon="139.87137">
        <ele>10.9</ele>
      </trkpt>
      <trkpt lat="35.25402" lon="139.87114">
        <ele>11.5</ele>
      </trkpt>
      <trkpt lat="35.25384" lon="139.871">
        <ele>12.6</ele>
      </trkpt>
      <trkpt lat="35.25372" lon="139.87093">
        <ele>13.3</ele>
      </trkpt>
      <trkpt lat="35.25372" lon="139.87093">
        <ele>13.3</ele>
      </trkpt>
      <trkpt lat="35.25301" lon="139.87045">
        <ele>17.7</ele>
      </trkpt>
      <trkpt lat="35.25288" lon="139.87034">
        <ele>18.2</ele>
      </trkpt>
      <trkpt lat="35.25226" lon="139.86963">
        <ele>21.6</ele>
      </trkpt>
      <trkpt lat="35.25213" lon="139.8694">
        <ele>23.0</ele>
      </trkpt>
      <trkpt lat="35.25206" lon="139.86911">
        <ele>23.3</ele>
      </trkpt>
      <trkpt lat="35.25208" lon="139.86894">
        <ele>22.3</ele>
      </trkpt>
      <trkpt lat="35.2521" lon="139.86888">
        <ele>21.9</ele>
      </trkpt>
      <trkpt lat="35.25209" lon="139.86884">
        <ele>21.7</ele>
      </trkpt>
      <trkpt lat="35.25206" lon="139.86881">
        <ele>21.7</ele>
      </trkpt>
      <trkpt lat="35.25144" lon="139.86867">
        <ele>23.0</ele>
      </trkpt>
      <trkpt lat="35.25091" lon="139.86866">
        <ele>24.4</ele>
      </trkpt>
      <trkpt lat="35.25037" lon="139.86864">
        <ele>24.3</ele>
      </trkpt>
      <trkpt lat="35.25027" lon="139.86862">
        <ele>24.2</ele>
      </trkpt>
      <trkpt lat="35.2499" lon="139.86851">
        <ele>22.8</ele>
      </trkpt>
      <trkpt lat="35.24974" lon="139.86848">
        <ele>21.8</ele>
      </trkpt>
      <trkpt lat="35.24922" lon="139.86855">
        <ele>20.3</ele>
      </trkpt>
      <trkpt lat="35.24886" lon="139.86856">
        <ele>17.8</ele>
      </trkpt>
      <trkpt lat="35.24874" lon="139.86859">
        <ele>17.2</ele>
      </trkpt>
      <trkpt lat="35.24862" lon="139.86864">
        <ele>16.8</ele>
      </trkpt>
      <trkpt lat="35.24824" lon="139.86894">
        <ele>17.0</ele>
      </trkpt>
      <trkpt lat="35.24813" lon="139.86899">
        <ele>16.8</ele>
      </trkpt>
      <trkpt lat="35.24795" lon="139.86904">
        <ele>16.2</ele>
      </trkpt>
      <trkpt lat="35.24763" lon="139.86916">
        <ele>14.9</ele>
      </trkpt>
      <trkpt lat="35.2475" lon="139.86913">
        <ele>13.8</ele>
      </trkpt>
      <trkpt lat="35.24731" lon="139.86899">
        <ele>13.3</ele>
      </trkpt>
      <trkpt lat="35.24714" lon="139.86893">
        <ele>13.2</ele>
      </trkpt>
      <trkpt lat="35.24694" lon="139.8689">
        <ele>13.3</ele>
      </trkpt>
      <trkpt lat="35.24647" lon="139.86891">
        <ele>13.1</ele>
      </trkpt>
      <trkpt lat="35.24616" lon="139.86893">
        <ele>12.1</ele>
      </trkpt>
      <trkpt lat="35.24586" lon="139.86897">
        <ele>11.5</ele>
      </trkpt>
      <trkpt lat="35.24586" lon="139.86897">
        <ele>11.5</ele>
      </trkpt>
      <trkpt lat="35.24544" lon="139.86903">
        <ele>10.9</ele>
      </trkpt>
      <trkpt lat="35.24473" lon="139.86927">
        <ele>11.8</ele>
      </trkpt>
      <trkpt lat="35.24456" lon="139.86936">
        <ele>12.8</ele>
      </trkpt>
      <trkpt lat="35.24409" lon="139.86974">
        <ele>17.8</ele>
      </trkpt>
      <trkpt lat="35.24396" lon="139.86985">
        <ele>19.0</ele>
      </trkpt>
      <trkpt lat="35.24392" lon="139.86992">
        <ele>20.1</ele>
      </trkpt>
      <trkpt lat="35.24384" lon="139.87007">
        <ele>22.5</ele>
      </trkpt>
      <trkpt lat="35.24373" lon="139.87038">
        <ele>28.5</ele>
      </trkpt>
      <trkpt lat="35.24365" lon="139.87104">
        <ele>38.2</ele>
      </trkpt>
      <trkpt lat="35.24363" lon="139.87127">
        <ele>38.1</ele>
      </trkpt>
      <trkpt lat="35.2436" lon="139.87141">
        <ele>37.7</ele>
      </trkpt>
      <trkpt lat="35.24352" lon="139.87164">
        <ele>36.4</ele>
      </trkpt>
      <trkpt lat="35.2432" lon="139.87208">
        <ele>34.4</ele>
      </trkpt>
      <trkpt lat="35.24289" lon="139.87252">
        <ele>34.9</ele>
      </trkpt>
      <trkpt lat="35.24249" lon="139.873">
        <ele>29.7</ele>
      </trkpt>
      <trkpt lat="35.24236" lon="139.87311">
        <ele>27.5</ele>
      </trkpt>
      <trkpt lat="35.24207" lon="139.87341">
        <ele>23.3</ele>
      </trkpt>
      <trkpt lat="35.24152" lon="139.87402">
        <ele>21.6</ele>
      </trkpt>
      <trkpt lat="35.24098" lon="139.87462">
        <ele>22.4</ele>
      </trkpt>
      <trkpt lat="35.24085" lon="139.87473">
        <ele>21.0</ele>
      </trkpt>
      <trkpt lat="35.24069" lon="139.87483">
        <ele>20.1</ele>
      </trkpt>
      <trkpt lat="35.24061" lon="139.87487">
        <ele>19.8</ele>
      </trkpt>
      <trkpt lat="35.24017" lon="139.87502">
        <ele>18.9</ele>
      </trkpt>
      <trkpt lat="35.23972" lon="139.87519">
        <ele>19.8</ele>
      </trkpt>
      <trkpt lat="35.23972" lon="139.87519">
        <ele>19.8</ele>
      </trkpt>
      <trkpt lat="35.23966" lon="139.87523">
        <ele>20.0</ele>
      </trkpt>
      <trkpt lat="35.23942" lon="139.87544">
        <ele>21.7</ele>
      </trkpt>
      <trkpt lat="35.23931" lon="139.87551">
        <ele>22.4</ele>
      </trkpt>
      <trkpt lat="35.23913" lon="139.87558">
        <ele>23.1</ele>
      </trkpt>
      <trkpt lat="35.23892" lon="139.8756">
        <ele>22.6</ele>
      </trkpt>
      <trkpt lat="35.23869" lon="139.87558">
        <ele>21.6</ele>
      </trkpt>
      <trkpt lat="35.23824" lon="139.87551">
        <ele>20.6</ele>
      </trkpt>
      <trkpt lat="35.23779" lon="139.87544">
        <ele>22.3</ele>
      </trkpt>
      <trkpt lat="35.23755" lon="139.87539">
        <ele>23.3</ele>
      </trkpt>
      <trkpt lat="35.23719" lon="139.87536">
        <ele>27.7</ele>
      </trkpt>
      <trkpt lat="35.23702" lon="139.87539">
        <ele>29.8</ele>
      </trkpt>
      <trkpt lat="35.23685" lon="139.87547">
        <ele>31.1</ele>
      </trkpt>
      <trkpt lat="35.23635" lon="139.87581">
        <ele>33.9</ele>
      </trkpt>
      <trkpt lat="35.23595" lon="139.87606">
        <ele>37.9</ele>
      </trkpt>
      <trkpt lat="35.23586" lon="139.87608">
        <ele>38.8</ele>
      </trkpt>
      <trkpt lat="35.23572" lon="139.87606">
        <ele>40.7</ele>
      </trkpt>
      <trkpt lat="35.23532" lon="139.87598">
        <ele>45.3</ele>
      </trkpt>
      <trkpt lat="35.23486" lon="139.8759">
        <ele>49.9</ele>
      </trkpt>
      <trkpt lat="35.23463" lon="139.8759">
        <ele>52.9</ele>
      </trkpt>
      <trkpt lat="35.2345" lon="139.87591">
        <ele>54.6</ele>
      </trkpt>
      <trkpt lat="35.23437" lon="139.87595">
        <ele>56.2</ele>
      </trkpt>
      <trkpt lat="35.23409" lon="139.87606">
        <ele>58.1</ele>
      </trkpt>
      <trkpt lat="35.23364" lon="139.8763">
        <ele>52.0</ele>
      </trkpt>
      <trkpt lat="35.23319" lon="139.87653">
        <ele>43.4</ele>
      </trkpt>
      <trkpt lat="35.23248" lon="139.87693">
        <ele>33.3</ele>
      </trkpt>
      <trkpt lat="35.23237" lon="139.87705">
        <ele>33.2</ele>
      </trkpt>
      <trkpt lat="35.2323" lon="139.87706">
        <ele>33.1</ele>
      </trkpt>
      <trkpt lat="35.23219" lon="139.87708">
        <ele>32.9</ele>
      </trkpt>
      <trkpt lat="35.23194" lon="139.87702">
        <ele>32.5</ele>
      </trkpt>
      <trkpt lat="35.23178" lon="139.87696">
        <ele>32.2</ele>
      </trkpt>
      <trkpt lat="35.23165" lon="139.87689">
        <ele>32.0</ele>
      </trkpt>
      <trkpt lat="35.23157" lon="139.87683">
        <ele>31.8</ele>
      </trkpt>
      <trkpt lat="35.23138" lon="139.87676">
        <ele>31.4</ele>
      </trkpt>
      <trkpt lat="35.23134" lon="139.87676">
        <ele>31.3</ele>
      </trkpt>
      <trkpt lat="35.23134" lon="139.87676">
        <ele>31.3</ele>
      </trkpt>
      <trkpt lat="35.23098" lon="139.87675">
        <ele>30.4</ele>
      </trkpt>
      <trkpt lat="35.23071" lon="139.87679">
        <ele>29.8</ele>
      </trkpt>
      <trkpt lat="35.23055" lon="139.87677">
        <ele>29.4</ele>
      </trkpt>
      <trkpt lat="35.23046" lon="139.87671">
        <ele>29.1</ele>
      </trkpt>
      <trkpt lat="35.23037" lon="139.87666">
        <ele>28.9</ele>
      </trkpt>
      <trkpt lat="35.23016" lon="139.87651">
        <ele>28.3</ele>
      </trkpt>
      <trkpt lat="35.22996" lon="139.87638">
        <ele>27.5</ele>
      </trkpt>
      <trkpt lat="35.22981" lon="139.87622">
        <ele>27.8</ele>
      </trkpt>
      <trkpt lat="35.22975" lon="139.87615">
        <ele>27.9</ele>
      </trkpt>
      <trkpt lat="35.2297" lon="139.87613">
        <ele>27.9</ele>
      </trkpt>
      <trkpt lat="35.22956" lon="139.87614">
        <ele>28.1</ele>
      </trkpt>
      <trkpt lat="35.22939" lon="139.87532">
        <ele>25.3</ele>
      </trkpt>
      <trkpt lat="35.22928" lon="139.87503">
        <ele>23.7</ele>
      </trkpt>
      <trkpt lat="35.22914" lon="139.87482">
        <ele>23.3</ele>
      </trkpt>
      <trkpt lat="35.22896" lon="139.87463">
        <ele>23.6</ele>
      </trkpt>
      <trkpt lat="35.22853" lon="139.87436">
        <ele>23.1</ele>
      </trkpt>
      <trkpt lat="35.2281" lon="139.87409">
        <ele>22.7</ele>
      </trkpt>
      <trkpt lat="35.22792" lon="139.874">
        <ele>23.0</ele>
      </trkpt>
      <trkpt lat="35.22773" lon="139.87394">
        <ele>23.0</ele>
      </trkpt>
      <trkpt lat="35.22744" lon="139.87386">
        <ele>22.6</ele>
      </trkpt>
      <trkpt lat="35.22711" lon="139.87383">
        <ele>22.6</ele>
      </trkpt>
      <trkpt lat="35.22711" lon="139.87383">
        <ele>22.6</ele>
      </trkpt>
      <trkpt lat="35.22644" lon="139.87381">
        <ele>22.9</ele>
      </trkpt>
      <trkpt lat="35.2258" lon="139.87381">
        <ele>23.8</ele>
      </trkpt>
      <trkpt lat="35.22506" lon="139.87379">
        <ele>22.8</ele>
      </trkpt>
      <trkpt lat="35.22432" lon="139.87377">
        <ele>20.1</ele>
      </trkpt>
      <trkpt lat="35.22358" lon="139.87375">
        <ele>20.9</ele>
      </trkpt>
      <trkpt lat="35.22322" lon="139.8737">
        <ele>22.1</ele>
      </trkpt>
      <trkpt lat="35.22305" lon="139.87365">
        <ele>22.8</ele>
      </trkpt>
      <trkpt lat="35.22284" lon="139.87355">
        <ele>22.9</ele>
      </trkpt>
      <trkpt lat="35.22245" lon="139.87333">
        <ele>21.4</ele>
      </trkpt>
      <trkpt lat="35.22204" lon="139.87313">
        <ele>23.2</ele>
      </trkpt>
      <trkpt lat="35.22163" lon="139.8729">
        <ele>23.1</ele>
      </trkpt>
      <trkpt lat="35.22132" lon="139.87268">
        <ele>22.1</ele>
      </trkpt>
      <trkpt lat="35.22116" lon="139.8726">
        <ele>21.3</ele>
      </trkpt>
      <trkpt lat="35.22106" lon="139.87257">
        <ele>21.0</ele>
      </trkpt>
      <trkpt lat="35.22099" lon="139.87256">
        <ele>21.1</ele>
      </trkpt>
      <trkpt lat="35.22042" lon="139.87257">
        <ele>22.1</ele>
      </trkpt>
      <trkpt lat="35.22004" lon="139.87249">
        <ele>20.9</ele>
      </trkpt>
      <trkpt lat="35.21989" lon="139.87248">
        <ele>20.8</ele>
      </trkpt>
      <trkpt lat="35.21953" lon="139.87251">
        <ele>20.6</ele>
      </trkpt>
      <trkpt lat="35.21912" lon="139.87255">
        <ele>21.1</ele>
      </trkpt>
      <trkpt lat="35.21898" lon="139.87253">
        <ele>21.2</ele>
      </trkpt>
      <trkpt lat="35.21889" lon="139.8725">
        <ele>21.0</ele>
      </trkpt>
      <trkpt lat="35.21806" lon="139.87216">
        <ele>19.8</ele>
      </trkpt>
      <trkpt lat="35.218" lon="139.87213">
        <ele>19.4</ele>
      </trkpt>
      <trkpt lat="35.21792" lon="139.87206">
        <ele>18.6</ele>
      </trkpt>
      <trkpt lat="35.2177" lon="139.87187">
        <ele>16.4</ele>
      </trkpt>
      <trkpt lat="35.2177" lon="139.87187">
        <ele>16.4</ele>
      </trkpt>
      <trkpt lat="35.21714" lon="139.87136">
        <ele>12.7</ele>
      </trkpt>
      <trkpt lat="35.21657" lon="139.87084">
        <ele>9.8</ele>
      </trkpt>
      <trkpt lat="35.21608" lon="139.8704">
        <ele>7.4</ele>
      </trkpt>
      <trkpt lat="35.21538" lon="139.86977">
        <ele>7.4</ele>
      </trkpt>
      <trkpt lat="35.21511" lon="139.86953">
        <ele>7.5</ele>
      </trkpt>
      <trkpt lat="35.2147" lon="139.86915">
        <ele>7.5</ele>
      </trkpt>
      <trkpt lat="35.21458" lon="139.86902">
        <ele>7.5</ele>
      </trkpt>
      <trkpt lat="35.21447" lon="139.86887">
        <ele>7.6</ele>
      </trkpt>
      <trkpt lat="35.21441" lon="139.86874">
        <ele>8.8</ele>
      </trkpt>
      <trkpt lat="35.21431" lon="139.86842">
        <ele>11.1</ele>
      </trkpt>
      <trkpt lat="35.21428" lon="139.86785">
        <ele>16.9</ele>
      </trkpt>
      <trkpt lat="35.21426" lon="139.86739">
        <ele>19.8</ele>
      </trkpt>
      <trkpt lat="35.21421" lon="139.86682">
        <ele>13.5</ele>
      </trkpt>
      <trkpt lat="35.21418" lon="139.86621">
        <ele>13.0</ele>
      </trkpt>
      <trkpt lat="35.21414" lon="139.86561">
        <ele>16.4</ele>
      </trkpt>
      <trkpt lat="35.21414" lon="139.86561">
        <ele>16.4</ele>
      </trkpt>
      <trkpt lat="35.21413" lon="139.86535">
        <ele>19.3</ele>
      </trkpt>
      <trkpt lat="35.21413" lon="139.86512">
        <ele>21.8</ele>
      </trkpt>
      <trkpt lat="35.21415" lon="139.86488">
        <ele>23.9</ele>
      </trkpt>
      <trkpt lat="35.2142" lon="139.86461">
        <ele>26.4</ele>
      </trkpt>
      <trkpt lat="35.21427" lon="139.8644">
        <ele>28.2</ele>
      </trkpt>
      <trkpt lat="35.21436" lon="139.8642">
        <ele>29.5</ele>
      </trkpt>
      <trkpt lat="35.21446" lon="139.86402">
        <ele>30.0</ele>
      </trkpt>
      <trkpt lat="35.2146" lon="139.86384">
        <ele>29.0</ele>
      </trkpt>
      <trkpt lat="35.21495" lon="139.86352">
        <ele>23.3</ele>
      </trkpt>
      <trkpt lat="35.21511" lon="139.86341">
        <ele>21.0</ele>
      </trkpt>
      <trkpt lat="35.21516" lon="139.86338">
        <ele>20.2</ele>
      </trkpt>
      <trkpt lat="35.21521" lon="139.86342">
        <ele>19.5</ele>
      </trkpt>
      <trkpt lat="35.21528" lon="139.8634">
        <ele>18.6</ele>
      </trkpt>
      <trkpt lat="35.21565" lon="139.86322">
        <ele>16.6</ele>
      </trkpt>
      <trkpt lat="35.21602" lon="139.86293">
        <ele>17.9</ele>
      </trkpt>
      <trkpt lat="35.2166" lon="139.86251">
        <ele>21.0</ele>
      </trkpt>
      <trkpt lat="35.21712" lon="139.86238">
        <ele>15.8</ele>
      </trkpt>
      <trkpt lat="35.21722" lon="139.86225">
        <ele>13.6</ele>
      </trkpt>
      <trkpt lat="35.21726" lon="139.86206">
        <ele>11.6</ele>
      </trkpt>
      <trkpt lat="35.21728" lon="139.86193">
        <ele>10.1</ele>
      </trkpt>
      <trkpt lat="35.21728" lon="139.86178">
        <ele>9.0</ele>
      </trkpt>
      <trkpt lat="35.21725" lon="139.86163">
        <ele>9.4</ele>
      </trkpt>
      <trkpt lat="35.21719" lon="139.86145">
        <ele>11.9</ele>
      </trkpt>
      <trkpt lat="35.21704" lon="139.86124">
        <ele>18.2</ele>
      </trkpt>
      <trkpt lat="35.21703" lon="139.8611">
        <ele>19.0</ele>
      </trkpt>
      <trkpt lat="35.217" lon="139.86094">
        <ele>20.7</ele>
      </trkpt>
      <trkpt lat="35.21695" lon="139.86075">
        <ele>22.2</ele>
      </trkpt>
      <trkpt lat="35.21682" lon="139.86036">
        <ele>22.5</ele>
      </trkpt>
      <trkpt lat="35.21676" lon="139.86022">
        <ele>22.6</ele>
      </trkpt>
      <trkpt lat="35.21669" lon="139.86008">
        <ele>22.6</ele>
      </trkpt>
      <trkpt lat="35.21664" lon="139.85998">
        <ele>22.3</ele>
      </trkpt>
      <trkpt lat="35.21649" lon="139.8598">
        <ele>21.7</ele>
      </trkpt>
      <trkpt lat="35.21605" lon="139.85935">
        <ele>19.9</ele>
      </trkpt>
      <trkpt lat="35.21561" lon="139.85889">
        <ele>21.0</ele>
      </trkpt>
      <trkpt lat="35.21544" lon="139.8587">
        <ele>21.8</ele>
      </trkpt>
      <trkpt lat="35.21524" lon="139.85838">
        <ele>19.2</ele>
      </trkpt>
      <trkpt lat="35.2151" lon="139.85814">
        <ele>19.2</ele>
      </trkpt>
      <trkpt lat="35.21492" lon="139.85768">
        <ele>19.6</ele>
      </trkpt>
      <trkpt lat="35.21485" lon="139.85746">
        <ele>20.0</ele>
      </trkpt>
      <trkpt lat="35.2147" lon="139.85688">
        <ele>20.8</ele>
      </trkpt>
      <trkpt lat="35.21455" lon="139.8563">
        <ele>20.3</ele>
      </trkpt>
      <trkpt lat="35.21433" lon="139.85541">
        <ele>18.4</ele>
      </trkpt>
      <trkpt lat="35.21433" lon="139.85541">
        <ele>18.4</ele>
      </trkpt>
      <trkpt lat="35.21411" lon="139.85452">
        <ele>17.8</ele>
      </trkpt>
      <trkpt lat="35.2139" lon="139.85363">
        <ele>19.4</ele>
      </trkpt>
      <trkpt lat="35.21368" lon="139.85274">
        <ele>25.5</ele>
      </trkpt>
      <trkpt lat="35.21346" lon="139.85185">
        <ele>28.8</ele>
      </trkpt>
      <trkpt lat="35.21325" lon="139.85095">
        <ele>23.4</ele>
      </trkpt>
      <trkpt lat="35.21303" lon="139.85006">
        <ele>24.9</ele>
      </trkpt>
      <trkpt lat="35.21291" lon="139.84971">
        <ele>23.7</ele>
      </trkpt>
      <trkpt lat="35.21274" lon="139.84931">
        <ele>21.6</ele>
      </trkpt>
      <trkpt lat="35.2125" lon="139.84891">
        <ele>20.8</ele>
      </trkpt>
      <trkpt lat="35.2122" lon="139.84854">
        <ele>21.6</ele>
      </trkpt>
      <trkpt lat="35.21183" lon="139.84808">
        <ele>21.7</ele>
      </trkpt>
      <trkpt lat="35.21166" lon="139.84793">
        <ele>22.9</ele>
      </trkpt>
      <trkpt lat="35.21126" lon="139.84763">
        <ele>24.5</ele>
      </trkpt>
      <trkpt lat="35.21075" lon="139.84726">
        <ele>23.0</ele>
      </trkpt>
      <trkpt lat="35.21016" lon="139.84691">
        <ele>16.9</ele>
      </trkpt>
      <trkpt lat="35.20957" lon="139.84656">
        <ele>13.2</ele>
      </trkpt>
      <trkpt lat="35.20957" lon="139.84656">
        <ele>13.2</ele>
      </trkpt>
      <trkpt lat="35.20936" lon="139.84643">
        <ele>12.4</ele>
      </trkpt>
      <trkpt lat="35.20897" lon="139.84658">
        <ele>13.1</ele>
      </trkpt>
      <trkpt lat="35.20878" lon="139.84647">
        <ele>12.2</ele>
      </trkpt>
      <trkpt lat="35.20865" lon="139.84632">
        <ele>11.5</ele>
      </trkpt>
      <trkpt lat="35.20823" lon="139.84595">
        <ele>10.1</ele>
      </trkpt>
      <trkpt lat="35.20778" lon="139.84583">
        <ele>9.3</ele>
      </trkpt>
      <trkpt lat="35.20735" lon="139.8456">
        <ele>8.2</ele>
      </trkpt>
      <trkpt lat="35.20691" lon="139.84537">
        <ele>6.3</ele>
      </trkpt>
      <trkpt lat="35.20669" lon="139.8452">
        <ele>5.3</ele>
      </trkpt>
      <trkpt lat="35.20643" lon="139.84501">
        <ele>5.3</ele>
      </trkpt>
      <trkpt lat="35.206" lon="139.84462">
        <ele>6.4</ele>
      </trkpt>
      <trkpt lat="35.20565" lon="139.84432">
        <ele>7.3</ele>
      </trkpt>
      <trkpt lat="35.20532" lon="139.844">
        <ele>8.3</ele>
      </trkpt>
      <trkpt lat="35.20517" lon="139.84381">
        <ele>8.8</ele>
      </trkpt>
      <trkpt lat="35.20501" lon="139.84355">
        <ele>9.2</ele>
      </trkpt>
      <trkpt lat="35.20489" lon="139.84335">
        <ele>10.0</ele>
      </trkpt>
      <trkpt lat="35.20476" lon="139.84304">
        <ele>10.9</ele>
      </trkpt>
      <trkpt lat="35.2046" lon="139.84257">
        <ele>11.9</ele>
      </trkpt>
      <trkpt lat="35.20444" lon="139.84201">
        <ele>16.3</ele>
      </trkpt>
      <trkpt lat="35.20427" lon="139.84145">
        <ele>20.4</ele>
      </trkpt>
      <trkpt lat="35.20409" lon="139.84089">
        <ele>23.9</ele>
      </trkpt>
      <trkpt lat="35.2039" lon="139.84032">
        <ele>23.6</ele>
      </trkpt>
      <trkpt lat="35.2036" lon="139.83932">
        <ele>23.1</ele>
      </trkpt>
      <trkpt lat="35.2033" lon="139.83831">
        <ele>22.6</ele>
      </trkpt>
      <trkpt lat="35.20325" lon="139.83801">
        <ele>22.5</ele>
      </trkpt>
      <trkpt lat="35.20323" lon="139.83769">
        <ele>19.5</ele>
      </trkpt>
      <trkpt lat="35.20325" lon="139.83738">
        <ele>17.5</ele>
      </trkpt>
      <trkpt lat="35.20328" lon="139.83723">
        <ele>17.0</ele>
      </trkpt>
      <trkpt lat="35.20332" lon="139.83706">
        <ele>16.2</ele>
      </trkpt>
      <trkpt lat="35.20341" lon="139.83673">
        <ele>16.1</ele>
      </trkpt>
      <trkpt lat="35.20368" lon="139.83584">
        <ele>23.6</ele>
      </trkpt>
      <trkpt lat="35.20396" lon="139.83495">
        <ele>22.3</ele>
      </trkpt>
      <trkpt lat="35.2041" lon="139.83442">
        <ele>8.2</ele>
      </trkpt>
      <trkpt lat="35.20414" lon="139.83425">
        <ele>3.1</ele>
      </trkpt>
      <trkpt lat="35.20415" lon="139.83411">
        <ele>1.9</ele>
      </trkpt>
      <trkpt lat="35.20416" lon="139.83403">
        <ele>2.5</ele>
      </trkpt>
      <trkpt lat="35.20417" lon="139.83373">
        <ele>6.8</ele>
      </trkpt>
      <trkpt lat="35.20416" lon="139.83358">
        <ele>9.4</ele>
      </trkpt>
      <trkpt lat="35.20413" lon="139.83342">
        <ele>12.9</ele>
      </trkpt>
      <trkpt lat="35.20409" lon="139.83328">
        <ele>15.1</ele>
      </trkpt>
      <trkpt lat="35.20403" lon="139.83317">
        <ele>16.3</ele>
      </trkpt>
      <trkpt lat="35.20391" lon="139.83297">
        <ele>18.0</ele>
      </trkpt>
      <trkpt lat="35.20354" lon="139.83246">
        <ele>19.2</ele>
      </trkpt>
      <trkpt lat="35.2033" lon="139.83215">
        <ele>17.6</ele>
      </trkpt>
      <trkpt lat="35.20314" lon="139.83196">
        <ele>15.0</ele>
      </trkpt>
      <trkpt lat="35.20271" lon="139.83165">
        <ele>10.6</ele>
      </trkpt>
      <trkpt lat="35.20253" lon="139.83153">
        <ele>9.8</ele>
      </trkpt>
      <trkpt lat="35.20211" lon="139.83131">
        <ele>7.4</ele>
      </trkpt>
      <trkpt lat="35.20208" lon="139.83139">
        <ele>7.8</ele>
      </trkpt>
      <trkpt lat="35.20202" lon="139.83146">
        <ele>8.1</ele>
      </trkpt>
      <trkpt lat="35.20192" lon="139.83143">
        <ele>7.7</ele>
      </trkpt>
      <trkpt lat="35.20182" lon="139.83139">
        <ele>7.3</ele>
      </trkpt>
      <trkpt lat="35.20135" lon="139.83128">
        <ele>9.9</ele>
      </trkpt>
      <trkpt lat="35.20132" lon="139.83126">
        <ele>10.1</ele>
      </trkpt>
      <trkpt lat="35.20127" lon="139.83124">
        <ele>10.5</ele>
      </trkpt>
      <trkpt lat="35.20094" lon="139.83089">
        <ele>10.7</ele>
      </trkpt>
      <trkpt lat="35.20078" lon="139.83067">
        <ele>10.3</ele>
      </trkpt>
      <trkpt lat="35.2006" lon="139.83051">
        <ele>11.1</ele>
      </trkpt>
      <trkpt lat="35.20051" lon="139.83042">
        <ele>11.1</ele>
      </trkpt>
      <trkpt lat="35.20019" lon="139.83021">
        <ele>11.4</ele>
      </trkpt>
      <trkpt lat="35.19975" lon="139.82991">
        <ele>9.1</ele>
      </trkpt>
      <trkpt lat="35.19932" lon="139.82948">
        <ele>7.5</ele>
      </trkpt>
      <trkpt lat="35.19914" lon="139.82925">
        <ele>6.7</ele>
      </trkpt>
      <trkpt lat="35.19914" lon="139.82925">
        <ele>6.7</ele>
      </trkpt>
      <trkpt lat="35.19878" lon="139.82873">
        <ele>7.6</ele>
      </trkpt>
      <trkpt lat="35.19854" lon="139.82822">
        <ele>7.7</ele>
      </trkpt>
      <trkpt lat="35.1983" lon="139.82771">
        <ele>9.3</ele>
      </trkpt>
      <trkpt lat="35.19812" lon="139.82739">
        <ele>14.5</ele>
      </trkpt>
      <trkpt lat="35.19783" lon="139.82682">
        <ele>14.5</ele>
      </trkpt>
      <trkpt lat="35.19754" lon="139.82624">
        <ele>11.0</ele>
      </trkpt>
      <trkpt lat="35.19754" lon="139.82624">
        <ele>11.0</ele>
      </trkpt>
      <trkpt lat="35.19721" lon="139.82559">
        <ele>9.6</ele>
      </trkpt>
      <trkpt lat="35.19679" lon="139.82493">
        <ele>8.9</ele>
      </trkpt>
      <trkpt lat="35.1966" lon="139.8247">
        <ele>8.7</ele>
      </trkpt>
      <trkpt lat="35.19634" lon="139.82442">
        <ele>9.9</ele>
      </trkpt>
      <trkpt lat="35.19586" lon="139.82398">
        <ele>10.0</ele>
      </trkpt>
      <trkpt lat="35.19548" lon="139.82373">
        <ele>13.6</ele>
      </trkpt>
      <trkpt lat="35.19528" lon="139.82362">
        <ele>14.4</ele>
      </trkpt>
      <trkpt lat="35.19488" lon="139.82345">
        <ele>14.6</ele>
      </trkpt>
      <trkpt lat="35.19472" lon="139.82339">
        <ele>14.9</ele>
      </trkpt>
      <trkpt lat="35.19472" lon="139.82339">
        <ele>14.9</ele>
      </trkpt>
      <trkpt lat="35.19437" lon="139.82328">
        <ele>14.8</ele>
      </trkpt>
      <trkpt lat="35.1937" lon="139.82311">
        <ele>14.6</ele>
      </trkpt>
      <trkpt lat="35.19355" lon="139.82307">
        <ele>14.6</ele>
      </trkpt>
      <trkpt lat="35.19324" lon="139.82294">
        <ele>14.6</ele>
      </trkpt>
      <trkpt lat="35.19307" lon="139.82283">
        <ele>15.9</ele>
      </trkpt>
      <trkpt lat="35.19261" lon="139.82239">
        <ele>13.6</ele>
      </trkpt>
      <trkpt lat="35.19214" lon="139.82196">
        <ele>13.2</ele>
      </trkpt>
      <trkpt lat="35.19176" lon="139.82161">
        <ele>12.9</ele>
      </trkpt>
      <trkpt lat="35.19112" lon="139.82101">
        <ele>12.4</ele>
      </trkpt>
      <trkpt lat="35.19064" lon="139.82057">
        <ele>13.9</ele>
      </trkpt>
      <trkpt lat="35.19042" lon="139.82041">
        <ele>16.5</ele>
      </trkpt>
      <trkpt lat="35.19018" lon="139.82025">
        <ele>17.8</ele>
      </trkpt>
      <trkpt lat="35.18988" lon="139.82009">
        <ele>17.7</ele>
      </trkpt>
      <trkpt lat="35.18958" lon="139.81998">
        <ele>17.2</ele>
      </trkpt>
      <trkpt lat="35.18909" lon="139.81983">
        <ele>18.5</ele>
      </trkpt>
      <trkpt lat="35.18861" lon="139.81968">
        <ele>16.4</ele>
      </trkpt>
      <trkpt lat="35.18829" lon="139.81961">
        <ele>15.5</ele>
      </trkpt>
      <trkpt lat="35.18829" lon="139.81961">
        <ele>15.5</ele>
      </trkpt>
      <trkpt lat="35.18761" lon="139.81947">
        <ele>12.2</ele>
      </trkpt>
      <trkpt lat="35.18692" lon="139.81932">
        <ele>8.4</ele>
      </trkpt>
      <trkpt lat="35.18624" lon="139.81918">
        <ele>8.6</ele>
      </trkpt>
      <trkpt lat="35.18597" lon="139.81912">
        <ele>8.7</ele>
      </trkpt>
      <trkpt lat="35.18582" lon="139.81908">
        <ele>8.8</ele>
      </trkpt>
      <trkpt lat="35.18537" lon="139.81898">
        <ele>9.0</ele>
      </trkpt>
      <trkpt lat="35.18492" lon="139.81889">
        <ele>10.6</ele>
      </trkpt>
      <trkpt lat="35.18444" lon="139.81878">
        <ele>10.7</ele>
      </trkpt>
      <trkpt lat="35.18418" lon="139.81875">
        <ele>11.0</ele>
      </trkpt>
      <trkpt lat="35.18387" lon="139.8187">
        <ele>10.1</ele>
      </trkpt>
      <trkpt lat="35.18359" lon="139.81871">
        <ele>10.0</ele>
      </trkpt>
      <trkpt lat="35.18336" lon="139.81874">
        <ele>10.4</ele>
      </trkpt>
      <trkpt lat="35.18302" lon="139.81881">
        <ele>10.4</ele>
      </trkpt>
      <trkpt lat="35.18224" lon="139.81908">
        <ele>9.9</ele>
      </trkpt>
      <trkpt lat="35.18224" lon="139.81908">
        <ele>9.9</ele>
      </trkpt>
      <trkpt lat="35.18203" lon="139.81915">
        <ele>9.6</ele>
      </trkpt>
      <trkpt lat="35.18169" lon="139.81923">
        <ele>8.3</ele>
      </trkpt>
      <trkpt lat="35.18098" lon="139.81928">
        <ele>9.7</ele>
      </trkpt>
      <trkpt lat="35.18042" lon="139.81931">
        <ele>10.8</ele>
      </trkpt>
      <trkpt lat="35.17998" lon="139.81932">
        <ele>11.7</ele>
      </trkpt>
      <trkpt lat="35.17959" lon="139.81925">
        <ele>14.1</ele>
      </trkpt>
      <trkpt lat="35.17905" lon="139.81907">
        <ele>15.9</ele>
      </trkpt>
      <trkpt lat="35.17852" lon="139.81887">
        <ele>17.0</ele>
      </trkpt>
      <trkpt lat="35.17811" lon="139.8187">
        <ele>16.1</ele>
      </trkpt>
      <trkpt lat="35.17758" lon="139.81845">
        <ele>15.0</ele>
      </trkpt>
      <trkpt lat="35.17741" lon="139.81839">
        <ele>16.3</ele>
      </trkpt>
      <trkpt lat="35.17741" lon="139.81839">
        <ele>16.3</ele>
      </trkpt>
      <trkpt lat="35.17738" lon="139.81827">
        <ele>15.8</ele>
      </trkpt>
      <trkpt lat="35.17733" lon="139.81819">
        <ele>16.1</ele>
      </trkpt>
      <trkpt lat="35.17696" lon="139.81777">
        <ele>16.7</ele>
      </trkpt>
      <trkpt lat="35.17684" lon="139.81763">
        <ele>16.9</ele>
      </trkpt>
      <trkpt lat="35.17677" lon="139.81758">
        <ele>17.0</ele>
      </trkpt>
      <trkpt lat="35.17666" lon="139.81759">
        <ele>17.1</ele>
      </trkpt>
      <trkpt lat="35.17652" lon="139.81766">
        <ele>17.3</ele>
      </trkpt>
      <trkpt lat="35.17642" lon="139.81777">
        <ele>17.5</ele>
      </trkpt>
      <trkpt lat="35.17618" lon="139.81824">
        <ele>18.3</ele>
      </trkpt>
      <trkpt lat="35.17616" lon="139.8183">
        <ele>18.4</ele>
      </trkpt>
      <trkpt lat="35.17616" lon="139.81836">
        <ele>18.8</ele>
      </trkpt>
      <trkpt lat="35.17601" lon="139.8184">
        <ele>16.0</ele>
      </trkpt>
      <trkpt lat="35.1752" lon="139.81877">
        <ele>8.5</ele>
      </trkpt>
      <trkpt lat="35.17439" lon="139.81914">
        <ele>7.9</ele>
      </trkpt>
      <trkpt lat="35.17412" lon="139.81926">
        <ele>7.7</ele>
      </trkpt>
      <trkpt lat="35.17372" lon="139.81936">
        <ele>7.5</ele>
      </trkpt>
      <trkpt lat="35.17358" lon="139.81937">
        <ele>7.8</ele>
      </trkpt>
      <trkpt lat="35.17345" lon="139.81933">
        <ele>7.8</ele>
      </trkpt>
      <trkpt lat="35.1733" lon="139.81923">
        <ele>7.6</ele>
      </trkpt>
      <trkpt lat="35.17263" lon="139.81873">
        <ele>9.8</ele>
      </trkpt>
      <trkpt lat="35.17244" lon="139.81857">
        <ele>11.5</ele>
      </trkpt>
      <trkpt lat="35.17205" lon="139.81832">
        <ele>15.8</ele>
      </trkpt>
      <trkpt lat="35.17179" lon="139.81819">
        <ele>14.7</ele>
      </trkpt>
      <trkpt lat="35.17145" lon="139.81803">
        <ele>13.3</ele>
      </trkpt>
      <trkpt lat="35.17136" lon="139.818">
        <ele>12.9</ele>
      </trkpt>
      <trkpt lat="35.17126" lon="139.81799">
        <ele>12.6</ele>
      </trkpt>
      <trkpt lat="35.17113" lon="139.81798">
        <ele>11.4</ele>
      </trkpt>
      <trkpt lat="35.17103" lon="139.81801">
        <ele>10.8</ele>
      </trkpt>
      <trkpt lat="35.17092" lon="139.81805">
        <ele>10.1</ele>
      </trkpt>
      <trkpt lat="35.17079" lon="139.81814">
        <ele>9.5</ele>
      </trkpt>
      <trkpt lat="35.17061" lon="139.81831">
        <ele>9.0</ele>
      </trkpt>
      <trkpt lat="35.17043" lon="139.8185">
        <ele>10.5</ele>
      </trkpt>
      <trkpt lat="35.17043" lon="139.8185">
        <ele>10.5</ele>
      </trkpt>
      <trkpt lat="35.17025" lon="139.81869">
        <ele>10.9</ele>
      </trkpt>
      <trkpt lat="35.17016" lon="139.81878">
        <ele>10.5</ele>
      </trkpt>
      <trkpt lat="35.16994" lon="139.81894">
        <ele>8.9</ele>
      </trkpt>
      <trkpt lat="35.16979" lon="139.81878">
        <ele>7.2</ele>
      </trkpt>
      <trkpt lat="35.16931" lon="139.81846">
        <ele>5.1</ele>
      </trkpt>
      <trkpt lat="35.16931" lon="139.81846">
        <ele>5.1</ele>
      </trkpt>
      <trkpt lat="35.16906" lon="139.81831">
        <ele>4.9</ele>
      </trkpt>
      <trkpt lat="35.16979" lon="139.81878">
        <ele>7.2</ele>
      </trkpt>
      <trkpt lat="35.16994" lon="139.81894">
        <ele>8.9</ele>
      </trkpt>
      <trkpt lat="35.17016" lon="139.81878">
        <ele>10.5</ele>
      </trkpt>
      <trkpt lat="35.17025" lon="139.81869">
        <ele>10.9</ele>
      </trkpt>
      <trkpt lat="35.17039" lon="139.81854">
        <ele>10.6</ele>
      </trkpt>
      <trkpt lat="35.17061" lon="139.81831">
        <ele>9.0</ele>
      </trkpt>
      <trkpt lat="35.17061" lon="139.81827">
        <ele>8.8</ele>
      </trkpt>
      <trkpt lat="35.17062" lon="139.81819">
        <ele>8.4</ele>
      </trkpt>
      <trkpt lat="35.17092" lon="139.81782">
        <ele>8.5</ele>
      </trkpt>
      <trkpt lat="35.1712" lon="139.81751">
        <ele>7.4</ele>
      </trkpt>
      <trkpt lat="35.17138" lon="139.81728">
        <ele>6.4</ele>
      </trkpt>
      <trkpt lat="35.17146" lon="139.8172">
        <ele>6.1</ele>
      </trkpt>
      <trkpt lat="35.17154" lon="139.81714">
        <ele>6.0</ele>
      </trkpt>
      <trkpt lat="35.17162" lon="139.81709">
        <ele>5.9</ele>
      </trkpt>
      <trkpt lat="35.1717" lon="139.81705">
        <ele>5.7</ele>
      </trkpt>
      <trkpt lat="35.17221" lon="139.81692">
        <ele>5.1</ele>
      </trkpt>
      <trkpt lat="35.17203" lon="139.81662">
        <ele>3.7</ele>
      </trkpt>
      <trkpt lat="35.17203" lon="139.81662">
        <ele>3.7</ele>
      </trkpt>
      <trkpt lat="35.17203" lon="139.81662">
        <ele>3.7</ele>
      </trkpt>
      <trkpt lat="35.17221" lon="139.81692">
        <ele>5.1</ele>
      </trkpt>
      <trkpt lat="35.1717" lon="139.81705">
        <ele>5.7</ele>
      </trkpt>
      <trkpt lat="35.17162" lon="139.81709">
        <ele>5.9</ele>
      </trkpt>
      <trkpt lat="35.17154" lon="139.81714">
        <ele>6.0</ele>
      </trkpt>
      <trkpt lat="35.17146" lon="139.8172">
        <ele>6.1</ele>
      </trkpt>
      <trkpt lat="35.17138" lon="139.81728">
        <ele>6.4</ele>
      </trkpt>
      <trkpt lat="35.1712" lon="139.81751">
        <ele>7.4</ele>
      </trkpt>
      <trkpt lat="35.17092" lon="139.81782">
        <ele>8.5</ele>
      </trkpt>
      <trkpt lat="35.17062" lon="139.81819">
        <ele>8.4</ele>
      </trkpt>
      <trkpt lat="35.17061" lon="139.81827">
        <ele>8.8</ele>
      </trkpt>
      <trkpt lat="35.17061" lon="139.81831">
        <ele>9.0</ele>
      </trkpt>
      <trkpt lat="35.17039" lon="139.81854">
        <ele>10.6</ele>
      </trkpt>
      <trkpt lat="35.17025" lon="139.81869">
        <ele>10.9</ele>
      </trkpt>
      <trkpt lat="35.17016" lon="139.81878">
        <ele>10.5</ele>
      </trkpt>
      <trkpt lat="35.16994" lon="139.81894">
        <ele>8.9</ele>
      </trkpt>
      <trkpt lat="35.16979" lon="139.81878">
        <ele>7.2</ele>
      </trkpt>
      <trkpt lat="35.16906" lon="139.81831">
        <ele>4.9</ele>
      </trkpt>
      <trkpt lat="35.16903" lon="139.81821">
        <ele>4.9</ele>
      </trkpt>
      <trkpt lat="35.16904" lon="139.81805">
        <ele>5.1</ele>
      </trkpt>
      <trkpt lat="35.16936" lon="139.81771">
        <ele>4.6</ele>
      </trkpt>
      <trkpt lat="35.16936" lon="139.81771">
        <ele>4.6</ele>
      </trkpt>
      <trkpt lat="35.16952" lon="139.8176">
        <ele>3.6</ele>
      </trkpt>
      <trkpt lat="35.17011" lon="139.81712">
        <ele>0.4</ele>
      </trkpt>
      <trkpt lat="35.1707" lon="139.81642">
        <ele>0.0</ele>
      </trkpt>
      <trkpt lat="35.1713" lon="139.81571">
        <ele>0.1</ele>
      </trkpt>
      <trkpt lat="35.17183" lon="139.81482">
        <ele>0.0</ele>
      </trkpt>
      <trkpt lat="35.17236" lon="139.81393">
        <ele>0.0</ele>
      </trkpt>
      <trkpt lat="35.17289" lon="139.81305">
        <ele>0.0</ele>
      </trkpt>
      <trkpt lat="35.17342" lon="139.81216">
        <ele>0.0</ele>
      </trkpt>
      <trkpt lat="35.17395" lon="139.81127">
        <ele>0.0</ele>
      </trkpt>
      <trkpt lat="35.17448" lon="139.81039">
        <ele>0.0</ele>
      </trkpt>
      <trkpt lat="35.17501" lon="139.8095">
        <ele>0.0</ele>
      </trkpt>
      <trkpt lat="35.17554" lon="139.80861">
        <ele>0.0</ele>
      </trkpt>
      <trkpt lat="35.17607" lon="139.80772">
        <ele>0.0</ele>
      </trkpt>
      <trkpt lat="35.1766" lon="139.80684">
        <ele>0.0</ele>
      </trkpt>
      <trkpt lat="35.17713" lon="139.80595">
        <ele>0.0</ele>
      </trkpt>
      <trkpt lat="35.17766" lon="139.80506">
        <ele>0.0</ele>
      </trkpt>
      <trkpt lat="35.17818" lon="139.80418">
        <ele>0.0</ele>
      </trkpt>
      <trkpt lat="35.17871" lon="139.80329">
        <ele>0.0</ele>
      </trkpt>
      <trkpt lat="35.17924" lon="139.8024">
        <ele>0.0</ele>
      </trkpt>
      <trkpt lat="35.17977" lon="139.80151">
        <ele>0.0</ele>
      </trkpt>
      <trkpt lat="35.1803" lon="139.80063">
        <ele>0.0</ele>
      </trkpt>
      <trkpt lat="35.18083" lon="139.79974">
        <ele>0.0</ele>
      </trkpt>
      <trkpt lat="35.18136" lon="139.79885">
        <ele>0.0</ele>
      </trkpt>
      <trkpt lat="35.18189" lon="139.79797">
        <ele>0.0</ele>
      </trkpt>
      <trkpt lat="35.18242" lon="139.79708">
        <ele>0.0</ele>
      </trkpt>
      <trkpt lat="35.18295" lon="139.79619">
        <ele>0.0</ele>
      </trkpt>
      <trkpt lat="35.18348" lon="139.79531">
        <ele>0.0</ele>
      </trkpt>
      <trkpt lat="35.18401" lon="139.79442">
        <ele>0.0</ele>
      </trkpt>
      <trkpt lat="35.18454" lon="139.79353">
        <ele>0.0</ele>
      </trkpt>
      <trkpt lat="35.18507" lon="139.79264">
        <ele>0.0</ele>
      </trkpt>
      <trkpt lat="35.1856" lon="139.79176">
        <ele>0.0</ele>
      </trkpt>
      <trkpt lat="35.18613" lon="139.79087">
        <ele>0.0</ele>
      </trkpt>
      <trkpt lat="35.18666" lon="139.78998">
        <ele>0.0</ele>
      </trkpt>
      <trkpt lat="35.18719" lon="139.7891">
        <ele>0.0</ele>
      </trkpt>
      <trkpt lat="35.18772" lon="139.78821">
        <ele>0.0</ele>
      </trkpt>
      <trkpt lat="35.18825" lon="139.78732">
        <ele>0.0</ele>
      </trkpt>
      <trkpt lat="35.18877" lon="139.78643">
        <ele>0.0</ele>
      </trkpt>
      <trkpt lat="35.1893" lon="139.78555">
        <ele>0.0</ele>
      </trkpt>
      <trkpt lat="35.18983" lon="139.78466">
        <ele>0.0</ele>
      </trkpt>
      <trkpt lat="35.19036" lon="139.78377">
        <ele>0.0</ele>
      </trkpt>
      <trkpt lat="35.19089" lon="139.78289">
        <ele>0.0</ele>
      </trkpt>
      <trkpt lat="35.19142" lon="139.782">
        <ele>0.0</ele>
      </trkpt>
      <trkpt lat="35.19195" lon="139.78111">
        <ele>0.0</ele>
      </trkpt>
      <trkpt lat="35.19248" lon="139.78022">
        <ele>0.0</ele>
      </trkpt>
      <trkpt lat="35.19301" lon="139.77934">
        <ele>0.0</ele>
      </trkpt>
      <trkpt lat="35.19354" lon="139.77845">
        <ele>0.0</ele>
      </trkpt>
      <trkpt lat="35.19407" lon="139.77756">
        <ele>0.0</ele>
      </trkpt>
      <trkpt lat="35.1946" lon="139.77668">
        <ele>0.0</ele>
      </trkpt>
      <trkpt lat="35.19513" lon="139.77579">
        <ele>0.0</ele>
      </trkpt>
      <trkpt lat="35.19566" lon="139.7749">
        <ele>0.0</ele>
      </trkpt>
      <trkpt lat="35.19619" lon="139.77401">
        <ele>0.0</ele>
      </trkpt>
      <trkpt lat="35.19672" lon="139.77313">
        <ele>0.0</ele>
      </trkpt>
      <trkpt lat="35.19725" lon="139.77224">
        <ele>0.0</ele>
      </trkpt>
      <trkpt lat="35.19778" lon="139.77135">
        <ele>0.0</ele>
      </trkpt>
      <trkpt lat="35.19831" lon="139.77047">
        <ele>0.0</ele>
      </trkpt>
      <trkpt lat="35.19884" lon="139.76958">
        <ele>0.0</ele>
      </trkpt>
      <trkpt lat="35.19936" lon="139.76869">
        <ele>0.0</ele>
      </trkpt>
      <trkpt lat="35.19989" lon="139.7678">
        <ele>0.0</ele>
      </trkpt>
      <trkpt lat="35.20042" lon="139.76692">
        <ele>0.0</ele>
      </trkpt>
      <trkpt lat="35.20095" lon="139.76603">
        <ele>0.0</ele>
      </trkpt>
      <trkpt lat="35.20148" lon="139.76514">
        <ele>0.0</ele>
      </trkpt>
      <trkpt lat="35.20201" lon="139.76426">
        <ele>0.0</ele>
      </trkpt>
      <trkpt lat="35.20254" lon="139.76337">
        <ele>0.0</ele>
      </trkpt>
      <trkpt lat="35.20307" lon="139.76248">
        <ele>0.0</ele>
      </trkpt>
      <trkpt lat="35.2036" lon="139.76159">
        <ele>0.0</ele>
      </trkpt>
      <trkpt lat="35.20413" lon="139.76071">
        <ele>0.0</ele>
      </trkpt>
      <trkpt lat="35.20466" lon="139.75982">
        <ele>0.0</ele>
      </trkpt>
      <trkpt lat="35.20519" lon="139.75893">
        <ele>0.0</ele>
      </trkpt>
      <trkpt lat="35.20572" lon="139.75805">
        <ele>0.0</ele>
      </trkpt>
      <trkpt lat="35.20625" lon="139.75716">
        <ele>0.0</ele>
      </trkpt>
      <trkpt lat="35.20678" lon="139.75627">
        <ele>0.0</ele>
      </trkpt>
      <trkpt lat="35.20731" lon="139.75538">
        <ele>0.0</ele>
      </trkpt>
      <trkpt lat="35.20784" lon="139.7545">
        <ele>0.0</ele>
      </trkpt>
      <trkpt lat="35.20837" lon="139.75361">
        <ele>0.0</ele>
      </trkpt>
      <trkpt lat="35.2089" lon="139.75272">
        <ele>0.0</ele>
      </trkpt>
      <trkpt lat="35.20943" lon="139.75184">
        <ele>0.0</ele>
      </trkpt>
      <trkpt lat="35.20995" lon="139.75095">
        <ele>0.0</ele>
      </trkpt>
      <trkpt lat="35.21048" lon="139.75006">
        <ele>0.0</ele>
      </trkpt>
      <trkpt lat="35.21101" lon="139.74917">
        <ele>0.0</ele>
      </trkpt>
      <trkpt lat="35.21154" lon="139.74829">
        <ele>0.0</ele>
      </trkpt>
      <trkpt lat="35.21207" lon="139.7474">
        <ele>0.0</ele>
      </trkpt>
      <trkpt lat="35.2126" lon="139.74651">
        <ele>0.0</ele>
      </trkpt>
      <trkpt lat="35.21313" lon="139.74563">
        <ele>0.0</ele>
      </trkpt>
      <trkpt lat="35.21366" lon="139.74474">
        <ele>0.0</ele>
      </trkpt>
      <trkpt lat="35.21419" lon="139.74385">
        <ele>0.0</ele>
      </trkpt>
      <trkpt lat="35.21472" lon="139.74296">
        <ele>0.0</ele>
      </trkpt>
      <trkpt lat="35.21525" lon="139.74208">
        <ele>0.0</ele>
      </trkpt>
      <trkpt lat="35.21578" lon="139.74119">
        <ele>0.0</ele>
      </trkpt>
      <trkpt lat="35.21631" lon="139.7403">
        <ele>0.0</ele>
      </trkpt>
      <trkpt lat="35.21684" lon="139.73942">
        <ele>0.0</ele>
      </trkpt>
      <trkpt lat="35.21737" lon="139.73853">
        <ele>0.0</ele>
      </trkpt>
      <trkpt lat="35.2179" lon="139.73764">
        <ele>0.0</ele>
      </trkpt>
      <trkpt lat="35.21843" lon="139.73675">
        <ele>0.0</ele>
      </trkpt>
      <trkpt lat="35.21896" lon="139.73587">
        <ele>0.0</ele>
      </trkpt>
      <trkpt lat="35.21949" lon="139.73498">
        <ele>0.0</ele>
      </trkpt>
      <trkpt lat="35.22002" lon="139.73409">
        <ele>0.0</ele>
      </trkpt>
      <trkpt lat="35.22054" lon="139.73321">
        <ele>0.0</ele>
      </trkpt>
      <trkpt lat="35.22107" lon="139.73232">
        <ele>0.0</ele>
      </trkpt>
      <trkpt lat="35.2216" lon="139.73143">
        <ele>0.0</ele>
      </trkpt>
      <trkpt lat="35.22177" lon="139.7304">
        <ele>0.0</ele>
      </trkpt>
      <trkpt lat="35.22194" lon="139.72937">
        <ele>0.0</ele>
      </trkpt>
      <trkpt lat="35.22211" lon="139.72835">
        <ele>0.0</ele>
      </trkpt>
      <trkpt lat="35.22228" lon="139.72732">
        <ele>0.0</ele>
      </trkpt>
      <trkpt lat="35.22245" lon="139.72629">
        <ele>0.0</ele>
      </trkpt>
      <trkpt lat="35.22262" lon="139.72526">
        <ele>0.0</ele>
      </trkpt>
      <trkpt lat="35.22279" lon="139.72423">
        <ele>0.0</ele>
      </trkpt>
      <trkpt lat="35.22296" lon="139.7232">
        <ele>0.0</ele>
      </trkpt>
      <trkpt lat="35.22313" lon="139.72217">
        <ele>0.0</ele>
      </trkpt>
      <trkpt lat="35.2233" lon="139.72114">
        <ele>0.0</ele>
      </trkpt>
      <trkpt lat="35.22347" lon="139.72011">
        <ele>0.0</ele>
      </trkpt>
      <trkpt lat="35.22364" lon="139.71909">
        <ele>0.0</ele>
      </trkpt>
      <trkpt lat="35.22381" lon="139.71806">
        <ele>0.0</ele>
      </trkpt>
      <trkpt lat="35.22346" lon="139.71707">
        <ele>2.0</ele>
      </trkpt>
      <trkpt lat="35.22312" lon="139.71608">
        <ele>1.7</ele>
      </trkpt>
      <trkpt lat="35.22245" lon="139.7156">
        <ele>2.8</ele>
      </trkpt>
      <trkpt lat="35.22177" lon="139.71513">
        <ele>3.1</ele>
      </trkpt>
      <trkpt lat="35.22119" lon="139.71516">
        <ele>5.1</ele>
      </trkpt>
      <trkpt lat="35.22061" lon="139.71519">
        <ele>1.1</ele>
      </trkpt>
      <trkpt lat="35.22061" lon="139.71519">
        <ele>1.1</ele>
      </trkpt>
      <trkpt lat="35.22038" lon="139.71512">
        <ele>2.2</ele>
      </trkpt>
      <trkpt lat="35.22044" lon="139.71421">
        <ele>0.9</ele>
      </trkpt>
      <trkpt lat="35.2204" lon="139.71375">
        <ele>2.5</ele>
      </trkpt>
      <trkpt lat="35.2204" lon="139.71375">
        <ele>2.5</ele>
      </trkpt>
      <trkpt lat="35.22031" lon="139.71285">
        <ele>4.9</ele>
      </trkpt>
      <trkpt lat="35.22093" lon="139.71243">
        <ele>4.9</ele>
      </trkpt>
      <trkpt lat="35.22163" lon="139.71209">
        <ele>4.0</ele>
      </trkpt>
      <trkpt lat="35.22186" lon="139.712">
        <ele>4.2</ele>
      </trkpt>
      <trkpt lat="35.22204" lon="139.71195">
        <ele>4.4</ele>
      </trkpt>
      <trkpt lat="35.22232" lon="139.71194">
        <ele>4.8</ele>
      </trkpt>
      <trkpt lat="35.22269" lon="139.71198">
        <ele>5.1</ele>
      </trkpt>
      <trkpt lat="35.22304" lon="139.71205">
        <ele>5.1</ele>
      </trkpt>
      <trkpt lat="35.22314" lon="139.71209">
        <ele>5.0</ele>
      </trkpt>
      <trkpt lat="35.22372" lon="139.71243">
        <ele>4.1</ele>
      </trkpt>
      <trkpt lat="35.22431" lon="139.71278">
        <ele>3.7</ele>
      </trkpt>
      <trkpt lat="35.22495" lon="139.71325">
        <ele>4.1</ele>
      </trkpt>
      <trkpt lat="35.22531" lon="139.71355">
        <ele>3.7</ele>
      </trkpt>
      <trkpt lat="35.22531" lon="139.71355">
        <ele>3.7</ele>
      </trkpt>
      <trkpt lat="35.22578" lon="139.71393">
        <ele>4.8</ele>
      </trkpt>
      <trkpt lat="35.22626" lon="139.71432">
        <ele>4.5</ele>
      </trkpt>
      <trkpt lat="35.22655" lon="139.71458">
        <ele>4.2</ele>
      </trkpt>
      <trkpt lat="35.22658" lon="139.71443">
        <ele>4.6</ele>
      </trkpt>
      <trkpt lat="35.22686" lon="139.7137">
        <ele>4.0</ele>
      </trkpt>
      <trkpt lat="35.22715" lon="139.71297">
        <ele>2.7</ele>
      </trkpt>
      <trkpt lat="35.22744" lon="139.71224">
        <ele>2.0</ele>
      </trkpt>
      <trkpt lat="35.22748" lon="139.71215">
        <ele>2.0</ele>
      </trkpt>
      <trkpt lat="35.22748" lon="139.71215">
        <ele>2.0</ele>
      </trkpt>
      <trkpt lat="35.2276" lon="139.7119">
        <ele>2.3</ele>
      </trkpt>
      <trkpt lat="35.22771" lon="139.71171">
        <ele>2.5</ele>
      </trkpt>
      <trkpt lat="35.22782" lon="139.71153">
        <ele>2.9</ele>
      </trkpt>
      <trkpt lat="35.22793" lon="139.71137">
        <ele>3.2</ele>
      </trkpt>
      <trkpt lat="35.22807" lon="139.71119">
        <ele>3.5</ele>
      </trkpt>
      <trkpt lat="35.22819" lon="139.71106">
        <ele>3.8</ele>
      </trkpt>
      <trkpt lat="35.22833" lon="139.71093">
        <ele>4.0</ele>
      </trkpt>
      <trkpt lat="35.22872" lon="139.71062">
        <ele>4.5</ele>
      </trkpt>
      <trkpt lat="35.22937" lon="139.71021">
        <ele>5.5</ele>
      </trkpt>
      <trkpt lat="35.23002" lon="139.70979">
        <ele>6.3</ele>
      </trkpt>
      <trkpt lat="35.23018" lon="139.70966">
        <ele>6.5</ele>
      </trkpt>
      <trkpt lat="35.23036" lon="139.70945">
        <ele>6.8</ele>
      </trkpt>
      <trkpt lat="35.23044" lon="139.70932">
        <ele>6.9</ele>
      </trkpt>
      <trkpt lat="35.2305" lon="139.70921">
        <ele>7.0</ele>
      </trkpt>
      <trkpt lat="35.23055" lon="139.70908">
        <ele>6.9</ele>
      </trkpt>
      <trkpt lat="35.23062" lon="139.70889">
        <ele>6.7</ele>
      </trkpt>
      <trkpt lat="35.23067" lon="139.7087">
        <ele>6.3</ele>
      </trkpt>
      <trkpt lat="35.23069" lon="139.70851">
        <ele>6.0</ele>
      </trkpt>
      <trkpt lat="35.2307" lon="139.70841">
        <ele>5.8</ele>
      </trkpt>
      <trkpt lat="35.2307" lon="139.70841">
        <ele>5.8</ele>
      </trkpt>
      <trkpt lat="35.23074" lon="139.70782">
        <ele>3.7</ele>
      </trkpt>
      <trkpt lat="35.23078" lon="139.70723">
        <ele>2.9</ele>
      </trkpt>
      <trkpt lat="35.23083" lon="139.70673">
        <ele>3.9</ele>
      </trkpt>
      <trkpt lat="35.23086" lon="139.70649">
        <ele>4.7</ele>
      </trkpt>
      <trkpt lat="35.2309" lon="139.70626">
        <ele>5.5</ele>
      </trkpt>
      <trkpt lat="35.23095" lon="139.70609">
        <ele>6.0</ele>
      </trkpt>
      <trkpt lat="35.2311" lon="139.70566">
        <ele>6.3</ele>
      </trkpt>
      <trkpt lat="35.23129" lon="139.70524">
        <ele>5.5</ele>
      </trkpt>
      <trkpt lat="35.23147" lon="139.70493">
        <ele>4.7</ele>
      </trkpt>
      <trkpt lat="35.232" lon="139.70424">
        <ele>4.1</ele>
      </trkpt>
      <trkpt lat="35.23253" lon="139.70356">
        <ele>5.8</ele>
      </trkpt>
      <trkpt lat="35.23307" lon="139.70287">
        <ele>5.8</ele>
      </trkpt>
      <trkpt lat="35.23307" lon="139.70287">
        <ele>5.8</ele>
      </trkpt>
      <trkpt lat="35.23349" lon="139.70233">
        <ele>6.5</ele>
      </trkpt>
      <trkpt lat="35.2339" lon="139.70178">
        <ele>7.0</ele>
      </trkpt>
      <trkpt lat="35.23404" lon="139.70167">
        <ele>7.0</ele>
      </trkpt>
      <trkpt lat="35.23414" lon="139.70163">
        <ele>6.6</ele>
      </trkpt>
      <trkpt lat="35.23423" lon="139.70161">
        <ele>6.4</ele>
      </trkpt>
      <trkpt lat="35.2348" lon="139.7015">
        <ele>4.7</ele>
      </trkpt>
      <trkpt lat="35.23488" lon="139.70146">
        <ele>4.4</ele>
      </trkpt>
      <trkpt lat="35.23497" lon="139.70136">
        <ele>4.1</ele>
      </trkpt>
      <trkpt lat="35.23548" lon="139.70079">
        <ele>4.0</ele>
      </trkpt>
      <trkpt lat="35.236" lon="139.70022">
        <ele>3.7</ele>
      </trkpt>
      <trkpt lat="35.23651" lon="139.69965">
        <ele>4.7</ele>
      </trkpt>
      <trkpt lat="35.23702" lon="139.69908">
        <ele>3.8</ele>
      </trkpt>
      <trkpt lat="35.23756" lon="139.69848">
        <ele>3.2</ele>
      </trkpt>
      <trkpt lat="35.23809" lon="139.69787">
        <ele>3.6</ele>
      </trkpt>
      <trkpt lat="35.23863" lon="139.69727">
        <ele>4.2</ele>
      </trkpt>
      <trkpt lat="35.23863" lon="139.69727">
        <ele>4.2</ele>
      </trkpt>
      <trkpt lat="35.23925" lon="139.69657">
        <ele>3.1</ele>
      </trkpt>
      <trkpt lat="35.23951" lon="139.69625">
        <ele>3.4</ele>
      </trkpt>
      <trkpt lat="35.23978" lon="139.69585">
        <ele>3.7</ele>
      </trkpt>
      <trkpt lat="35.24028" lon="139.69501">
        <ele>4.7</ele>
      </trkpt>
      <trkpt lat="35.24078" lon="139.69417">
        <ele>4.1</ele>
      </trkpt>
      <trkpt lat="35.24128" lon="139.69332">
        <ele>3.9</ele>
      </trkpt>
      <trkpt lat="35.24178" lon="139.69248">
        <ele>2.9</ele>
      </trkpt>
      <trkpt lat="35.24228" lon="139.69163">
        <ele>3.4</ele>
      </trkpt>
      <trkpt lat="35.24277" lon="139.69079">
        <ele>5.3</ele>
      </trkpt>
      <trkpt lat="35.24327" lon="139.68995">
        <ele>5.7</ele>
      </trkpt>
      <trkpt lat="35.24327" lon="139.68995">
        <ele>5.7</ele>
      </trkpt>
      <trkpt lat="35.24369" lon="139.68926">
        <ele>4.5</ele>
      </trkpt>
      <trkpt lat="35.2441" lon="139.68856">
        <ele>4.5</ele>
      </trkpt>
      <trkpt lat="35.24443" lon="139.68809">
        <ele>4.8</ele>
      </trkpt>
      <trkpt lat="35.24479" lon="139.68767">
        <ele>5.7</ele>
      </trkpt>
      <trkpt lat="35.24509" lon="139.68738">
        <ele>6.1</ele>
      </trkpt>
      <trkpt lat="35.24537" lon="139.68714">
        <ele>6.3</ele>
      </trkpt>
      <trkpt lat="35.24546" lon="139.68707">
        <ele>6.3</ele>
      </trkpt>
      <trkpt lat="35.24546" lon="139.68707">
        <ele>6.3</ele>
      </trkpt>
      <trkpt lat="35.24579" lon="139.68684">
        <ele>5.8</ele>
      </trkpt>
      <trkpt lat="35.24604" lon="139.68669">
        <ele>6.5</ele>
      </trkpt>
      <trkpt lat="35.2466" lon="139.68639">
        <ele>8.1</ele>
      </trkpt>
      <trkpt lat="35.24666" lon="139.68634">
        <ele>8.0</ele>
      </trkpt>
      <trkpt lat="35.2467" lon="139.68626">
        <ele>7.7</ele>
      </trkpt>
      <trkpt lat="35.24675" lon="139.68627">
        <ele>8.1</ele>
      </trkpt>
      <trkpt lat="35.24682" lon="139.68626">
        <ele>8.4</ele>
      </trkpt>
      <trkpt lat="35.24726" lon="139.68607">
        <ele>8.2</ele>
      </trkpt>
      <trkpt lat="35.2477" lon="139.68588">
        <ele>6.5</ele>
      </trkpt>
      <trkpt lat="35.24803" lon="139.68577">
        <ele>6.7</ele>
      </trkpt>
      <trkpt lat="35.24814" lon="139.68573">
        <ele>6.9</ele>
      </trkpt>
      <trkpt lat="35.24871" lon="139.68564">
        <ele>7.5</ele>
      </trkpt>
      <trkpt lat="35.24955" lon="139.68559">
        <ele>7.9</ele>
      </trkpt>
      <trkpt lat="35.25038" lon="139.68555">
        <ele>8.5</ele>
      </trkpt>
      <trkpt lat="35.25122" lon="139.68551">
        <ele>10.2</ele>
      </trkpt>
      <trkpt lat="35.25122" lon="139.68551">
        <ele>10.2</ele>
      </trkpt>
      <trkpt lat="35.25193" lon="139.68546">
        <ele>11.8</ele>
      </trkpt>
      <trkpt lat="35.25263" lon="139.68542">
        <ele>12.7</ele>
      </trkpt>
      <trkpt lat="35.25334" lon="139.68537">
        <ele>11.0</ele>
      </trkpt>
      <trkpt lat="35.25363" lon="139.68537">
        <ele>10.1</ele>
      </trkpt>
      <trkpt lat="35.25368" lon="139.68537">
        <ele>9.9</ele>
      </trkpt>
      <trkpt lat="35.25368" lon="139.68537">
        <ele>9.9</ele>
      </trkpt>
      <trkpt lat="35.25389" lon="139.6854">
        <ele>9.3</ele>
      </trkpt>
      <trkpt lat="35.25428" lon="139.68551">
        <ele>9.1</ele>
      </trkpt>
      <trkpt lat="35.25456" lon="139.6856">
        <ele>9.9</ele>
      </trkpt>
      <trkpt lat="35.25475" lon="139.68571">
        <ele>9.8</ele>
      </trkpt>
      <trkpt lat="35.25485" lon="139.68578">
        <ele>9.4</ele>
      </trkpt>
      <trkpt lat="35.25495" lon="139.68582">
        <ele>9.1</ele>
      </trkpt>
      <trkpt lat="35.25519" lon="139.68603">
        <ele>11.2</ele>
      </trkpt>
      <trkpt lat="35.25535" lon="139.68619">
        <ele>12.3</ele>
      </trkpt>
      <trkpt lat="35.25564" lon="139.68655">
        <ele>11.9</ele>
      </trkpt>
      <trkpt lat="35.2559" lon="139.6869">
        <ele>12.1</ele>
      </trkpt>
      <trkpt lat="35.25637" lon="139.68752">
        <ele>12.8</ele>
      </trkpt>
      <trkpt lat="35.25683" lon="139.68814">
        <ele>12.3</ele>
      </trkpt>
      <trkpt lat="35.2573" lon="139.68876">
        <ele>11.6</ele>
      </trkpt>
      <trkpt lat="35.25777" lon="139.68938">
        <ele>10.8</ele>
      </trkpt>
      <trkpt lat="35.25777" lon="139.68938">
        <ele>10.8</ele>
      </trkpt>
      <trkpt lat="35.25814" lon="139.68989">
        <ele>10.4</ele>
      </trkpt>
      <trkpt lat="35.25852" lon="139.6904">
        <ele>11.1</ele>
      </trkpt>
      <trkpt lat="35.25888" lon="139.69078">
        <ele>11.9</ele>
      </trkpt>
      <trkpt lat="35.25911" lon="139.69099">
        <ele>12.0</ele>
      </trkpt>
      <trkpt lat="35.25935" lon="139.69119">
        <ele>12.2</ele>
      </trkpt>
      <trkpt lat="35.25959" lon="139.69136">
        <ele>12.1</ele>
      </trkpt>
      <trkpt lat="35.25993" lon="139.69154">
        <ele>11.5</ele>
      </trkpt>
      <trkpt lat="35.2604" lon="139.69177">
        <ele>10.9</ele>
      </trkpt>
      <trkpt lat="35.2604" lon="139.69177">
        <ele>10.9</ele>
      </trkpt>
      <trkpt lat="35.26084" lon="139.69197">
        <ele>9.9</ele>
      </trkpt>
      <trkpt lat="35.26128" lon="139.69217">
        <ele>9.0</ele>
      </trkpt>
      <trkpt lat="35.2619" lon="139.69246">
        <ele>7.5</ele>
      </trkpt>
      <trkpt lat="35.26241" lon="139.69269">
        <ele>6.4</ele>
      </trkpt>
      <trkpt lat="35.26292" lon="139.69291">
        <ele>5.0</ele>
      </trkpt>
      <trkpt lat="35.26363" lon="139.69324">
        <ele>4.3</ele>
      </trkpt>
      <trkpt lat="35.26363" lon="139.69324">
        <ele>4.3</ele>
      </trkpt>
      <trkpt lat="35.26377" lon="139.69331">
        <ele>4.5</ele>
      </trkpt>
      <trkpt lat="35.26403" lon="139.69272">
        <ele>5.3</ele>
      </trkpt>
      <trkpt lat="35.2644" lon="139.69177">
        <ele>4.8</ele>
      </trkpt>
      <trkpt lat="35.26466" lon="139.69113">
        <ele>3.8</ele>
      </trkpt>
      <trkpt lat="35.26491" lon="139.69048">
        <ele>3.5</ele>
      </trkpt>
      <trkpt lat="35.26517" lon="139.68984">
        <ele>4.2</ele>
      </trkpt>
      <trkpt lat="35.26545" lon="139.68926">
        <ele>4.9</ele>
      </trkpt>
      <trkpt lat="35.26584" lon="139.68849">
        <ele>5.8</ele>
      </trkpt>
      <trkpt lat="35.26596" lon="139.68823">
        <ele>5.5</ele>
      </trkpt>
      <trkpt lat="35.26596" lon="139.68823">
        <ele>5.5</ele>
      </trkpt>
      <trkpt lat="35.2663" lon="139.68753">
        <ele>3.5</ele>
      </trkpt>
      <trkpt lat="35.26664" lon="139.68682">
        <ele>2.3</ele>
      </trkpt>
      <trkpt lat="35.26692" lon="139.68624">
        <ele>2.8</ele>
      </trkpt>
      <trkpt lat="35.26692" lon="139.68624">
        <ele>2.8</ele>
      </trkpt>
      <trkpt lat="35.26734" lon="139.68535">
        <ele>4.0</ele>
      </trkpt>
      <trkpt lat="35.26777" lon="139.68446">
        <ele>3.7</ele>
      </trkpt>
      <trkpt lat="35.26777" lon="139.68446">
        <ele>3.7</ele>
      </trkpt>
      <trkpt lat="35.26814" lon="139.68366">
        <ele>2.6</ele>
      </trkpt>
      <trkpt lat="35.26838" lon="139.68317">
        <ele>2.2</ele>
      </trkpt>
      <trkpt lat="35.26862" lon="139.68269">
        <ele>2.8</ele>
      </trkpt>
      <trkpt lat="35.26904" lon="139.6818">
        <ele>2.2</ele>
      </trkpt>
      <trkpt lat="35.26947" lon="139.68091">
        <ele>5.4</ele>
      </trkpt>
      <trkpt lat="35.26947" lon="139.68091">
        <ele>5.4</ele>
      </trkpt>
      <trkpt lat="35.26947" lon="139.68091">
        <ele>5.4</ele>
      </trkpt>
      <trkpt lat="35.26964" lon="139.68056">
        <ele>5.6</ele>
      </trkpt>
      <trkpt lat="35.27006" lon="139.68">
        <ele>4.9</ele>
      </trkpt>
      <trkpt lat="35.2705" lon="139.67936">
        <ele>5.3</ele>
      </trkpt>
      <trkpt lat="35.27047" lon="139.67933">
        <ele>5.3</ele>
      </trkpt>
      <trkpt lat="35.2706" lon="139.67914">
        <ele>5.7</ele>
      </trkpt>
      <trkpt lat="35.2706" lon="139.67914">
        <ele>5.7</ele>
      </trkpt>
      <trkpt lat="35.2709" lon="139.67871">
        <ele>6.0</ele>
      </trkpt>
      <trkpt lat="35.27094" lon="139.67865">
        <ele>6.0</ele>
      </trkpt>
      <trkpt lat="35.27098" lon="139.6787">
        <ele>5.9</ele>
      </trkpt>
      <trkpt lat="35.27146" lon="139.67803">
        <ele>6.7</ele>
      </trkpt>
      <trkpt lat="35.27157" lon="139.67784">
        <ele>6.8</ele>
      </trkpt>
      <trkpt lat="35.27184" lon="139.6775">
        <ele>6.8</ele>
      </trkpt>
      <trkpt lat="35.27184" lon="139.6775">
        <ele>6.8</ele>
      </trkpt>
      <trkpt lat="35.27213" lon="139.67725">
        <ele>5.9</ele>
      </trkpt>
      <trkpt lat="35.27238" lon="139.67712">
        <ele>5.6</ele>
      </trkpt>
      <trkpt lat="35.2727" lon="139.67701">
        <ele>5.2</ele>
      </trkpt>
      <trkpt lat="35.27301" lon="139.677">
        <ele>4.8</ele>
      </trkpt>
      <trkpt lat="35.27301" lon="139.677">
        <ele>4.8</ele>
      </trkpt>
      <trkpt lat="35.27338" lon="139.677">
        <ele>4.5</ele>
      </trkpt>
      <trkpt lat="35.27389" lon="139.67699">
        <ele>5.5</ele>
      </trkpt>
      <trkpt lat="35.2744" lon="139.67697">
        <ele>5.9</ele>
      </trkpt>
      <trkpt lat="35.2744" lon="139.67697">
        <ele>5.9</ele>
      </trkpt>
      <trkpt lat="35.2749" lon="139.67697">
        <ele>5.7</ele>
      </trkpt>
      <trkpt lat="35.2754" lon="139.67696">
        <ele>6.1</ele>
      </trkpt>
      <trkpt lat="35.27561" lon="139.67698">
        <ele>6.4</ele>
      </trkpt>
      <trkpt lat="35.27561" lon="139.67698">
        <ele>6.4</ele>
      </trkpt>
      <trkpt lat="35.27614" lon="139.67702">
        <ele>6.7</ele>
      </trkpt>
      <trkpt lat="35.27688" lon="139.67705">
        <ele>6.7</ele>
      </trkpt>
      <trkpt lat="35.27688" lon="139.67705">
        <ele>6.7</ele>
      </trkpt>
      <trkpt lat="35.27724" lon="139.67706">
        <ele>6.3</ele>
      </trkpt>
      <trkpt lat="35.27736" lon="139.67703">
        <ele>6.0</ele>
      </trkpt>
      <trkpt lat="35.27743" lon="139.67699">
        <ele>5.9</ele>
      </trkpt>
      <trkpt lat="35.27747" lon="139.67694">
        <ele>5.7</ele>
      </trkpt>
      <trkpt lat="35.27793" lon="139.67627">
        <ele>6.6</ele>
      </trkpt>
      <trkpt lat="35.27793" lon="139.67627">
        <ele>6.6</ele>
      </trkpt>
      <trkpt lat="35.27832" lon="139.67568">
        <ele>10.3</ele>
      </trkpt>
      <trkpt lat="35.2787" lon="139.6751">
        <ele>10.1</ele>
      </trkpt>
      <trkpt lat="35.27866" lon="139.67506">
        <ele>10.3</ele>
      </trkpt>
      <trkpt lat="35.27891" lon="139.67468">
        <ele>8.5</ele>
      </trkpt>
      <trkpt lat="35.27891" lon="139.67468">
        <ele>8.5</ele>
      </trkpt>
      <trkpt lat="35.27906" lon="139.67446">
        <ele>7.2</ele>
      </trkpt>
      <trkpt lat="35.27911" lon="139.6745">
        <ele>7.1</ele>
      </trkpt>
      <trkpt lat="35.27961" lon="139.67381">
        <ele>5.8</ele>
      </trkpt>
      <trkpt lat="35.28012" lon="139.67311">
        <ele>5.7</ele>
      </trkpt>
      <trkpt lat="35.28012" lon="139.67311">
        <ele>5.7</ele>
      </trkpt>
      <trkpt lat="35.28048" lon="139.67263">
        <ele>9.4</ele>
      </trkpt>
      <trkpt lat="35.28084" lon="139.67215">
        <ele>11.3</ele>
      </trkpt>
      <trkpt lat="35.28106" lon="139.67189">
        <ele>9.2</ele>
      </trkpt>
      <trkpt lat="35.28168" lon="139.6714">
        <ele>9.6</ele>
      </trkpt>
      <trkpt lat="35.28168" lon="139.6714">
        <ele>9.6</ele>
      </trkpt>
      <trkpt lat="35.28238" lon="139.67086">
        <ele>13.2</ele>
      </trkpt>
      <trkpt lat="35.28254" lon="139.67072">
        <ele>13.2</ele>
      </trkpt>
      <trkpt lat="35.2826" lon="139.67062">
        <ele>13.3</ele>
      </trkpt>
      <trkpt lat="35.28268" lon="139.67041">
        <ele>13.6</ele>
      </trkpt>
      <trkpt lat="35.28292" lon="139.66959">
        <ele>14.2</ele>
      </trkpt>
      <trkpt lat="35.28292" lon="139.66959">
        <ele>14.2</ele>
      </trkpt>
      <trkpt lat="35.28298" lon="139.66942">
        <ele>14.2</ele>
      </trkpt>
      <trkpt lat="35.28298" lon="139.66923">
        <ele>14.4</ele>
      </trkpt>
      <trkpt lat="35.28293" lon="139.66895">
        <ele>13.3</ele>
      </trkpt>
      <trkpt lat="35.28293" lon="139.66895">
        <ele>13.3</ele>
      </trkpt>
      <trkpt lat="35.28274" lon="139.66797">
        <ele>10.4</ele>
      </trkpt>
      <trkpt lat="35.28272" lon="139.66787">
        <ele>10.5</ele>
      </trkpt>
      <trkpt lat="35.28272" lon="139.66787">
        <ele>10.5</ele>
      </trkpt>
      <trkpt lat="35.28255" lon="139.66706">
        <ele>10.4</ele>
      </trkpt>
      <trkpt lat="35.28242" lon="139.66632">
        <ele>10.0</ele>
      </trkpt>
      <trkpt lat="35.28229" lon="139.66557">
        <ele>11.9</ele>
      </trkpt>
      <trkpt lat="35.28222" lon="139.66486">
        <ele>15.7</ele>
      </trkpt>
      <trkpt lat="35.28216" lon="139.66415">
        <ele>15.3</ele>
      </trkpt>
      <trkpt lat="35.28212" lon="139.6639">
        <ele>16.6</ele>
      </trkpt>
      <trkpt lat="35.28212" lon="139.6639">
        <ele>16.6</ele>
      </trkpt>
      <trkpt lat="35.28211" lon="139.66377">
        <ele>17.5</ele>
      </trkpt>
      <trkpt lat="35.28202" lon="139.66343">
        <ele>19.7</ele>
      </trkpt>
      <trkpt lat="35.28188" lon="139.66301">
        <ele>19.9</ele>
      </trkpt>
      <trkpt lat="35.28172" lon="139.66262">
        <ele>19.2</ele>
      </trkpt>
      <trkpt lat="35.28159" lon="139.6622">
        <ele>14.5</ele>
      </trkpt>
      <trkpt lat="35.28155" lon="139.66191">
        <ele>10.3</ele>
      </trkpt>
      <trkpt lat="35.28155" lon="139.6617">
        <ele>7.3</ele>
      </trkpt>
      <trkpt lat="35.28161" lon="139.66136">
        <ele>6.4</ele>
      </trkpt>
      <trkpt lat="35.2817" lon="139.66104">
        <ele>5.6</ele>
      </trkpt>
      <trkpt lat="35.28185" lon="139.66071">
        <ele>6.2</ele>
      </trkpt>
      <trkpt lat="35.28217" lon="139.66016">
        <ele>9.8</ele>
      </trkpt>
      <trkpt lat="35.2823" lon="139.65983">
        <ele>12.9</ele>
      </trkpt>
      <trkpt lat="35.2823" lon="139.65983">
        <ele>12.9</ele>
      </trkpt>
      <trkpt lat="35.28241" lon="139.65956">
        <ele>15.6</ele>
      </trkpt>
      <trkpt lat="35.28274" lon="139.65889">
        <ele>16.2</ele>
      </trkpt>
      <trkpt lat="35.28286" lon="139.65867">
        <ele>15.4</ele>
      </trkpt>
      <trkpt lat="35.28293" lon="139.65851">
        <ele>15.1</ele>
      </trkpt>
      <trkpt lat="35.28297" lon="139.65839">
        <ele>15.1</ele>
      </trkpt>
      <trkpt lat="35.28297" lon="139.65839">
        <ele>15.1</ele>
      </trkpt>
      <trkpt lat="35.28301" lon="139.65816">
        <ele>15.7</ele>
      </trkpt>
      <trkpt lat="35.28305" lon="139.65753">
        <ele>19.2</ele>
      </trkpt>
      <trkpt lat="35.28306" lon="139.657">
        <ele>19.2</ele>
      </trkpt>
      <trkpt lat="35.28326" lon="139.65619">
        <ele>19.4</ele>
      </trkpt>
      <trkpt lat="35.28341" lon="139.65562">
        <ele>19.5</ele>
      </trkpt>
      <trkpt lat="35.28347" lon="139.6554">
        <ele>19.6</ele>
      </trkpt>
      <trkpt lat="35.28347" lon="139.6554">
        <ele>19.6</ele>
      </trkpt>
      <trkpt lat="35.28351" lon="139.6552">
        <ele>18.3</ele>
      </trkpt>
      <trkpt lat="35.28359" lon="139.65465">
        <ele>15.5</ele>
      </trkpt>
      <trkpt lat="35.28367" lon="139.6541">
        <ele>12.7</ele>
      </trkpt>
      <trkpt lat="35.28368" lon="139.65392">
        <ele>10.9</ele>
      </trkpt>
      <trkpt lat="35.28367" lon="139.65375">
        <ele>9.4</ele>
      </trkpt>
      <trkpt lat="35.28352" lon="139.65281">
        <ele>5.2</ele>
      </trkpt>
      <trkpt lat="35.28351" lon="139.65267">
        <ele>5.1</ele>
      </trkpt>
      <trkpt lat="35.28352" lon="139.65257">
        <ele>5.1</ele>
      </trkpt>
      <trkpt lat="35.28358" lon="139.65227">
        <ele>5.8</ele>
      </trkpt>
      <trkpt lat="35.28369" lon="139.65204">
        <ele>6.5</ele>
      </trkpt>
      <trkpt lat="35.28398" lon="139.65153">
        <ele>9.0</ele>
      </trkpt>
      <trkpt lat="35.28459" lon="139.65076">
        <ele>16.2</ele>
      </trkpt>
      <trkpt lat="35.28459" lon="139.65076">
        <ele>16.2</ele>
      </trkpt>
      <trkpt lat="35.28459" lon="139.65076">
        <ele>16.2</ele>
      </trkpt>
      <trkpt lat="35.28494" lon="139.65038">
        <ele>16.3</ele>
      </trkpt>
      <trkpt lat="35.28542" lon="139.64996">
        <ele>16.3</ele>
      </trkpt>
      <trkpt lat="35.28583" lon="139.64958">
        <ele>16.4</ele>
      </trkpt>
      <trkpt lat="35.28624" lon="139.6492">
        <ele>16.5</ele>
      </trkpt>
      <trkpt lat="35.28624" lon="139.6492">
        <ele>16.5</ele>
      </trkpt>
      <trkpt lat="35.28654" lon="139.64892">
        <ele>16.5</ele>
      </trkpt>
      <trkpt lat="35.28677" lon="139.64872">
        <ele>16.6</ele>
      </trkpt>
      <trkpt lat="35.28691" lon="139.64853">
        <ele>12.0</ele>
      </trkpt>
      <trkpt lat="35.28717" lon="139.64818">
        <ele>7.0</ele>
      </trkpt>
      <trkpt lat="35.28737" lon="139.64788">
        <ele>5.9</ele>
      </trkpt>
      <trkpt lat="35.28793" lon="139.6471">
        <ele>7.3</ele>
      </trkpt>
      <trkpt lat="35.28793" lon="139.6471">
        <ele>7.3</ele>
      </trkpt>
      <trkpt lat="35.288" lon="139.64699">
        <ele>7.5</ele>
      </trkpt>
      <trkpt lat="35.28842" lon="139.6464">
        <ele>8.6</ele>
      </trkpt>
      <trkpt lat="35.28884" lon="139.64581">
        <ele>9.7</ele>
      </trkpt>
      <trkpt lat="35.28927" lon="139.64522">
        <ele>10.8</ele>
      </trkpt>
      <trkpt lat="35.28947" lon="139.64495">
        <ele>11.4</ele>
      </trkpt>
      <trkpt lat="35.28947" lon="139.64495">
        <ele>11.4</ele>
      </trkpt>
      <trkpt lat="35.28952" lon="139.64488">
        <ele>11.0</ele>
      </trkpt>
      <trkpt lat="35.28959" lon="139.64475">
        <ele>10.6</ele>
      </trkpt>
      <trkpt lat="35.28963" lon="139.64462">
        <ele>10.5</ele>
      </trkpt>
      <trkpt lat="35.28968" lon="139.64435">
        <ele>10.7</ele>
      </trkpt>
      <trkpt lat="35.28976" lon="139.64392">
        <ele>10.7</ele>
      </trkpt>
      <trkpt lat="35.2899" lon="139.64309">
        <ele>10.9</ele>
      </trkpt>
      <trkpt lat="35.29005" lon="139.64226">
        <ele>11.1</ele>
      </trkpt>
      <trkpt lat="35.2902" lon="139.64143">
        <ele>11.3</ele>
      </trkpt>
      <trkpt lat="35.29034" lon="139.6406">
        <ele>11.5</ele>
      </trkpt>
      <trkpt lat="35.29034" lon="139.6406">
        <ele>11.5</ele>
      </trkpt>
      <trkpt lat="35.29049" lon="139.63975">
        <ele>13.8</ele>
      </trkpt>
      <trkpt lat="35.29064" lon="139.6389">
        <ele>16.4</ele>
      </trkpt>
      <trkpt lat="35.29079" lon="139.6381">
        <ele>18.9</ele>
      </trkpt>
      <trkpt lat="35.29093" lon="139.6373">
        <ele>21.4</ele>
      </trkpt>
      <trkpt lat="35.29099" lon="139.63697">
        <ele>22.5</ele>
      </trkpt>
      <trkpt lat="35.29103" lon="139.63682">
        <ele>18.4</ele>
      </trkpt>
      <trkpt lat="35.29107" lon="139.6367">
        <ele>15.3</ele>
      </trkpt>
      <trkpt lat="35.29121" lon="139.63636">
        <ele>19.4</ele>
      </trkpt>
      <trkpt lat="35.29142" lon="139.63592">
        <ele>17.0</ele>
      </trkpt>
      <trkpt lat="35.29169" lon="139.63535">
        <ele>14.0</ele>
      </trkpt>
      <trkpt lat="35.29196" lon="139.63478">
        <ele>11.0</ele>
      </trkpt>
      <trkpt lat="35.29196" lon="139.63478">
        <ele>11.0</ele>
      </trkpt>
      <trkpt lat="35.2923" lon="139.63408">
        <ele>7.3</ele>
      </trkpt>
      <trkpt lat="35.29264" lon="139.63338">
        <ele>6.5</ele>
      </trkpt>
      <trkpt lat="35.29269" lon="139.63329">
        <ele>6.5</ele>
      </trkpt>
      <trkpt lat="35.29298" lon="139.63269">
        <ele>5.9</ele>
      </trkpt>
      <trkpt lat="35.29298" lon="139.63269">
        <ele>5.9</ele>
      </trkpt>
      <trkpt lat="35.29323" lon="139.63218">
        <ele>7.7</ele>
      </trkpt>
      <trkpt lat="35.2934" lon="139.63194">
        <ele>7.8</ele>
      </trkpt>
      <trkpt lat="35.29354" lon="139.63181">
        <ele>8.0</ele>
      </trkpt>
      <trkpt lat="35.29367" lon="139.6317">
        <ele>7.8</ele>
      </trkpt>
      <trkpt lat="35.29381" lon="139.63163">
        <ele>7.2</ele>
      </trkpt>
      <trkpt lat="35.29394" lon="139.63158">
        <ele>6.4</ele>
      </trkpt>
      <trkpt lat="35.29408" lon="139.63155">
        <ele>5.4</ele>
      </trkpt>
      <trkpt lat="35.29423" lon="139.63155">
        <ele>5.0</ele>
      </trkpt>
      <trkpt lat="35.29466" lon="139.63155">
        <ele>5.7</ele>
      </trkpt>
      <trkpt lat="35.29475" lon="139.63153">
        <ele>5.9</ele>
      </trkpt>
      <trkpt lat="35.29495" lon="139.63147">
        <ele>6.4</ele>
      </trkpt>
      <trkpt lat="35.29506" lon="139.63142">
        <ele>6.6</ele>
      </trkpt>
      <trkpt lat="35.29549" lon="139.63117">
        <ele>6.4</ele>
      </trkpt>
      <trkpt lat="35.29571" lon="139.63103">
        <ele>5.8</ele>
      </trkpt>
      <trkpt lat="35.2959" lon="139.63094">
        <ele>5.6</ele>
      </trkpt>
      <trkpt lat="35.29605" lon="139.63089">
        <ele>6.4</ele>
      </trkpt>
      <trkpt lat="35.29657" lon="139.63081">
        <ele>9.4</ele>
      </trkpt>
      <trkpt lat="35.29666" lon="139.63078">
        <ele>10.0</ele>
      </trkpt>
      <trkpt lat="35.29676" lon="139.63074">
        <ele>12.0</ele>
      </trkpt>
      <trkpt lat="35.29701" lon="139.63058">
        <ele>17.2</ele>
      </trkpt>
      <trkpt lat="35.29723" lon="139.63043">
        <ele>17.7</ele>
      </trkpt>
      <trkpt lat="35.29762" lon="139.63015">
        <ele>18.7</ele>
      </trkpt>
      <trkpt lat="35.29801" lon="139.62988">
        <ele>19.7</ele>
      </trkpt>
      <trkpt lat="35.29819" lon="139.62981">
        <ele>20.2</ele>
      </trkpt>
      <trkpt lat="35.29819" lon="139.62981">
        <ele>20.2</ele>
      </trkpt>
      <trkpt lat="35.29838" lon="139.62973">
        <ele>18.9</ele>
      </trkpt>
      <trkpt lat="35.29849" lon="139.6297">
        <ele>18.1</ele>
      </trkpt>
      <trkpt lat="35.29857" lon="139.62969">
        <ele>17.4</ele>
      </trkpt>
      <trkpt lat="35.29869" lon="139.6297">
        <ele>16.3</ele>
      </trkpt>
      <trkpt lat="35.29888" lon="139.62973">
        <ele>14.5</ele>
      </trkpt>
      <trkpt lat="35.29905" lon="139.62974">
        <ele>13.0</ele>
      </trkpt>
      <trkpt lat="35.29915" lon="139.62973">
        <ele>12.1</ele>
      </trkpt>
      <trkpt lat="35.29926" lon="139.62968">
        <ele>11.5</ele>
      </trkpt>
      <trkpt lat="35.29936" lon="139.6296">
        <ele>11.1</ele>
      </trkpt>
      <trkpt lat="35.29942" lon="139.62953">
        <ele>10.8</ele>
      </trkpt>
      <trkpt lat="35.29948" lon="139.62944">
        <ele>10.5</ele>
      </trkpt>
      <trkpt lat="35.29953" lon="139.62932">
        <ele>10.3</ele>
      </trkpt>
      <trkpt lat="35.29962" lon="139.62902">
        <ele>9.2</ele>
      </trkpt>
      <trkpt lat="35.29964" lon="139.62889">
        <ele>8.6</ele>
      </trkpt>
      <trkpt lat="35.29964" lon="139.62871">
        <ele>8.0</ele>
      </trkpt>
      <trkpt lat="35.2996" lon="139.62834">
        <ele>6.9</ele>
      </trkpt>
      <trkpt lat="35.2996" lon="139.62834">
        <ele>6.9</ele>
      </trkpt>
      <trkpt lat="35.29955" lon="139.62794">
        <ele>6.8</ele>
      </trkpt>
      <trkpt lat="35.29956" lon="139.62776">
        <ele>6.7</ele>
      </trkpt>
      <trkpt lat="35.29961" lon="139.6276">
        <ele>6.6</ele>
      </trkpt>
      <trkpt lat="35.2999" lon="139.62717">
        <ele>7.6</ele>
      </trkpt>
      <trkpt lat="35.30019" lon="139.62675">
        <ele>9.7</ele>
      </trkpt>
      <trkpt lat="35.30037" lon="139.62651">
        <ele>10.4</ele>
      </trkpt>
      <trkpt lat="35.30079" lon="139.62597">
        <ele>10.4</ele>
      </trkpt>
      <trkpt lat="35.30121" lon="139.62542">
        <ele>15.8</ele>
      </trkpt>
      <trkpt lat="35.30132" lon="139.6253">
        <ele>16.2</ele>
      </trkpt>
      <trkpt lat="35.30146" lon="139.62518">
        <ele>15.9</ele>
      </trkpt>
      <trkpt lat="35.30146" lon="139.62518">
        <ele>15.9</ele>
      </trkpt>
      <trkpt lat="35.30151" lon="139.62515">
        <ele>15.5</ele>
      </trkpt>
      <trkpt lat="35.30165" lon="139.62506">
        <ele>14.3</ele>
      </trkpt>
      <trkpt lat="35.30181" lon="139.62498">
        <ele>14.8</ele>
      </trkpt>
      <trkpt lat="35.30189" lon="139.62497">
        <ele>15.2</ele>
      </trkpt>
      <trkpt lat="35.30197" lon="139.62494">
        <ele>15.6</ele>
      </trkpt>
      <trkpt lat="35.30215" lon="139.62492">
        <ele>16.4</ele>
      </trkpt>
      <trkpt lat="35.30238" lon="139.62493">
        <ele>17.3</ele>
      </trkpt>
      <trkpt lat="35.30298" lon="139.62507">
        <ele>20.6</ele>
      </trkpt>
      <trkpt lat="35.30315" lon="139.62509">
        <ele>21.2</ele>
      </trkpt>
      <trkpt lat="35.30329" lon="139.62509">
        <ele>21.7</ele>
      </trkpt>
      <trkpt lat="35.30389" lon="139.62502">
        <ele>27.4</ele>
      </trkpt>
      <trkpt lat="35.30389" lon="139.62502">
        <ele>27.4</ele>
      </trkpt>
      <trkpt lat="35.30457" lon="139.62493">
        <ele>31.4</ele>
      </trkpt>
      <trkpt lat="35.30513" lon="139.62486">
        <ele>34.7</ele>
      </trkpt>
      <trkpt lat="35.30568" lon="139.62478">
        <ele>37.9</ele>
      </trkpt>
      <trkpt lat="35.30599" lon="139.62474">
        <ele>39.8</ele>
      </trkpt>
      <trkpt lat="35.30622" lon="139.6247">
        <ele>36.5</ele>
      </trkpt>
      <trkpt lat="35.30665" lon="139.62453">
        <ele>28.1</ele>
      </trkpt>
      <trkpt lat="35.30674" lon="139.62448">
        <ele>26.9</ele>
      </trkpt>
      <trkpt lat="35.30704" lon="139.62428">
        <ele>23.5</ele>
      </trkpt>
      <trkpt lat="35.30729" lon="139.62418">
        <ele>21.7</ele>
      </trkpt>
      <trkpt lat="35.30746" lon="139.62415">
        <ele>21.4</ele>
      </trkpt>
      <trkpt lat="35.30817" lon="139.62417">
        <ele>15.4</ele>
      </trkpt>
      <trkpt lat="35.30854" lon="139.6242">
        <ele>13.9</ele>
      </trkpt>
      <trkpt lat="35.30929" lon="139.62424">
        <ele>13.4</ele>
      </trkpt>
      <trkpt lat="35.31004" lon="139.62428">
        <ele>13.2</ele>
      </trkpt>
      <trkpt lat="35.31078" lon="139.62433">
        <ele>11.9</ele>
      </trkpt>
      <trkpt lat="35.3112" lon="139.6244">
        <ele>10.7</ele>
      </trkpt>
      <trkpt lat="35.31147" lon="139.62446">
        <ele>9.5</ele>
      </trkpt>
      <trkpt lat="35.31147" lon="139.62446">
        <ele>9.5</ele>
      </trkpt>
      <trkpt lat="35.31218" lon="139.62469">
        <ele>7.2</ele>
      </trkpt>
      <trkpt lat="35.31289" lon="139.62492">
        <ele>5.7</ele>
      </trkpt>
      <trkpt lat="35.3136" lon="139.62515">
        <ele>4.8</ele>
      </trkpt>
      <trkpt lat="35.31443" lon="139.62543">
        <ele>4.2</ele>
      </trkpt>
      <trkpt lat="35.31488" lon="139.62554">
        <ele>4.3</ele>
      </trkpt>
      <trkpt lat="35.31511" lon="139.62554">
        <ele>5.4</ele>
      </trkpt>
      <trkpt lat="35.31527" lon="139.62551">
        <ele>6.9</ele>
      </trkpt>
      <trkpt lat="35.31587" lon="139.62536">
        <ele>12.0</ele>
      </trkpt>
      <trkpt lat="35.31637" lon="139.6252">
        <ele>12.2</ele>
      </trkpt>
      <trkpt lat="35.31651" lon="139.62513">
        <ele>12.4</ele>
      </trkpt>
      <trkpt lat="35.31662" lon="139.62506">
        <ele>12.7</ele>
      </trkpt>
      <trkpt lat="35.31671" lon="139.62498">
        <ele>12.7</ele>
      </trkpt>
      <trkpt lat="35.31687" lon="139.62483">
        <ele>11.5</ele>
      </trkpt>
      <trkpt lat="35.31697" lon="139.6247">
        <ele>10.6</ele>
      </trkpt>
      <trkpt lat="35.31743" lon="139.62382">
        <ele>6.8</ele>
      </trkpt>
      <trkpt lat="35.31782" lon="139.6231">
        <ele>9.8</ele>
      </trkpt>
      <trkpt lat="35.31817" lon="139.62259">
        <ele>12.6</ele>
      </trkpt>
      <trkpt lat="35.31853" lon="139.62226">
        <ele>12.0</ele>
      </trkpt>
      <trkpt lat="35.31883" lon="139.62207">
        <ele>9.8</ele>
      </trkpt>
      <trkpt lat="35.31909" lon="139.62194">
        <ele>7.7</ele>
      </trkpt>
      <trkpt lat="35.31934" lon="139.62179">
        <ele>7.0</ele>
      </trkpt>
      <trkpt lat="35.31947" lon="139.6217">
        <ele>7.0</ele>
      </trkpt>
      <trkpt lat="35.31967" lon="139.62154">
        <ele>6.9</ele>
      </trkpt>
      <trkpt lat="35.31967" lon="139.62154">
        <ele>6.9</ele>
      </trkpt>
      <trkpt lat="35.32041" lon="139.62094">
        <ele>6.7</ele>
      </trkpt>
      <trkpt lat="35.32067" lon="139.62077">
        <ele>6.9</ele>
      </trkpt>
      <trkpt lat="35.32092" lon="139.62066">
        <ele>6.4</ele>
      </trkpt>
      <trkpt lat="35.32115" lon="139.62059">
        <ele>5.5</ele>
      </trkpt>
      <trkpt lat="35.32139" lon="139.62056">
        <ele>4.7</ele>
      </trkpt>
      <trkpt lat="35.32199" lon="139.6205">
        <ele>3.6</ele>
      </trkpt>
      <trkpt lat="35.3223" lon="139.62044">
        <ele>3.6</ele>
      </trkpt>
      <trkpt lat="35.32281" lon="139.62039">
        <ele>3.8</ele>
      </trkpt>
      <trkpt lat="35.32309" lon="139.62037">
        <ele>3.9</ele>
      </trkpt>
      <trkpt lat="35.32331" lon="139.62036">
        <ele>4.0</ele>
      </trkpt>
      <trkpt lat="35.32331" lon="139.62036">
        <ele>4.0</ele>
      </trkpt>
      <trkpt lat="35.32391" lon="139.6203">
        <ele>3.3</ele>
      </trkpt>
      <trkpt lat="35.3245" lon="139.62024">
        <ele>2.7</ele>
      </trkpt>
      <trkpt lat="35.32515" lon="139.62017">
        <ele>2.3</ele>
      </trkpt>
      <trkpt lat="35.32601" lon="139.62009">
        <ele>3.1</ele>
      </trkpt>
      <trkpt lat="35.32687" lon="139.62001">
        <ele>3.6</ele>
      </trkpt>
      <trkpt lat="35.32697" lon="139.62001">
        <ele>3.6</ele>
      </trkpt>
      <trkpt lat="35.32731" lon="139.62005">
        <ele>3.9</ele>
      </trkpt>
      <trkpt lat="35.32764" lon="139.62014">
        <ele>4.8</ele>
      </trkpt>
      <trkpt lat="35.32778" lon="139.62019">
        <ele>5.6</ele>
      </trkpt>
      <trkpt lat="35.32798" lon="139.62029">
        <ele>6.5</ele>
      </trkpt>
      <trkpt lat="35.32863" lon="139.62068">
        <ele>7.3</ele>
      </trkpt>
      <trkpt lat="35.32887" lon="139.6208">
        <ele>7.4</ele>
      </trkpt>
      <trkpt lat="35.32912" lon="139.6209">
        <ele>8.2</ele>
      </trkpt>
      <trkpt lat="35.3292" lon="139.62092">
        <ele>8.2</ele>
      </trkpt>
      <trkpt lat="35.3292" lon="139.62092">
        <ele>8.2</ele>
      </trkpt>
      <trkpt lat="35.32935" lon="139.62097">
        <ele>7.6</ele>
      </trkpt>
      <trkpt lat="35.32952" lon="139.62101">
        <ele>6.8</ele>
      </trkpt>
      <trkpt lat="35.33029" lon="139.62106">
        <ele>4.1</ele>
      </trkpt>
      <trkpt lat="35.33106" lon="139.62112">
        <ele>3.3</ele>
      </trkpt>
      <trkpt lat="35.33117" lon="139.62114">
        <ele>2.9</ele>
      </trkpt>
      <trkpt lat="35.33126" lon="139.62117">
        <ele>2.6</ele>
      </trkpt>
      <trkpt lat="35.33139" lon="139.62124">
        <ele>2.1</ele>
      </trkpt>
      <trkpt lat="35.33152" lon="139.62132">
        <ele>1.8</ele>
      </trkpt>
      <trkpt lat="35.33168" lon="139.62145">
        <ele>1.5</ele>
      </trkpt>
      <trkpt lat="35.33176" lon="139.62153">
        <ele>1.9</ele>
      </trkpt>
      <trkpt lat="35.33189" lon="139.62168">
        <ele>2.5</ele>
      </trkpt>
      <trkpt lat="35.33213" lon="139.62204">
        <ele>3.2</ele>
      </trkpt>
      <trkpt lat="35.33233" lon="139.62229">
        <ele>4.5</ele>
      </trkpt>
      <trkpt lat="35.3326" lon="139.62258">
        <ele>6.3</ele>
      </trkpt>
      <trkpt lat="35.3326" lon="139.62258">
        <ele>6.3</ele>
      </trkpt>
      <trkpt lat="35.33272" lon="139.62272">
        <ele>6.2</ele>
      </trkpt>
      <trkpt lat="35.33268" lon="139.62281">
        <ele>5.5</ele>
      </trkpt>
      <trkpt lat="35.33262" lon="139.62298">
        <ele>4.2</ele>
      </trkpt>
      <trkpt lat="35.33261" lon="139.62326">
        <ele>3.8</ele>
      </trkpt>
      <trkpt lat="35.33261" lon="139.62326">
        <ele>3.8</ele>
      </trkpt>
      <trkpt lat="35.33261" lon="139.62331">
        <ele>3.7</ele>
      </trkpt>
      <trkpt lat="35.33259" lon="139.62345">
        <ele>3.5</ele>
      </trkpt>
      <trkpt lat="35.33254" lon="139.62367">
        <ele>3.2</ele>
      </trkpt>
      <trkpt lat="35.33236" lon="139.62417">
        <ele>2.5</ele>
      </trkpt>
      <trkpt lat="35.33236" lon="139.62417">
        <ele>2.5</ele>
      </trkpt>
      <trkpt lat="35.33214" lon="139.62481">
        <ele>1.3</ele>
      </trkpt>
      <trkpt lat="35.33205" lon="139.62498">
        <ele>0.9</ele>
      </trkpt>
      <trkpt lat="35.33198" lon="139.62509">
        <ele>1.0</ele>
      </trkpt>
      <trkpt lat="35.33196" lon="139.62514">
        <ele>1.0</ele>
      </trkpt>
      <trkpt lat="35.33186" lon="139.6254">
        <ele>1.4</ele>
      </trkpt>
      <trkpt lat="35.33179" lon="139.62568">
        <ele>1.9</ele>
      </trkpt>
      <trkpt lat="35.33169" lon="139.626">
        <ele>1.7</ele>
      </trkpt>
      <trkpt lat="35.33156" lon="139.6264">
        <ele>0.1</ele>
      </trkpt>
      <trkpt lat="35.33134" lon="139.62688">
        <ele>-1.3</ele>
      </trkpt>
      <trkpt lat="35.33104" lon="139.62753">
        <ele>0.3</ele>
      </trkpt>
      <trkpt lat="35.33073" lon="139.62819">
        <ele>1.2</ele>
      </trkpt>
      <trkpt lat="35.33073" lon="139.62819">
        <ele>1.2</ele>
      </trkpt>
      <trkpt lat="35.33035" lon="139.62899">
        <ele>1.5</ele>
      </trkpt>
      <trkpt lat="35.33029" lon="139.6291">
        <ele>1.8</ele>
      </trkpt>
      <trkpt lat="35.3302" lon="139.62921">
        <ele>1.7</ele>
      </trkpt>
      <trkpt lat="35.33009" lon="139.62927">
        <ele>1.3</ele>
      </trkpt>
      <trkpt lat="35.32954" lon="139.62943">
        <ele>0.0</ele>
      </trkpt>
      <trkpt lat="35.32975" lon="139.62982">
        <ele>-1.9</ele>
      </trkpt>
      <trkpt lat="35.32975" lon="139.62982">
        <ele>-1.9</ele>
      </trkpt>
      <trkpt lat="35.33012" lon="139.63051">
        <ele>-1.4</ele>
      </trkpt>
      <trkpt lat="35.33049" lon="139.63121">
        <ele>-0.3</ele>
      </trkpt>
      <trkpt lat="35.33086" lon="139.6319">
        <ele>0.1</ele>
      </trkpt>
      <trkpt lat="35.33086" lon="139.6319">
        <ele>0.1</ele>
      </trkpt>
      <trkpt lat="35.33128" lon="139.63269">
        <ele>-0.7</ele>
      </trkpt>
      <trkpt lat="35.33138" lon="139.63284">
        <ele>-0.5</ele>
      </trkpt>
      <trkpt lat="35.33151" lon="139.63297">
        <ele>-0.2</ele>
      </trkpt>
      <trkpt lat="35.33164" lon="139.63307">
        <ele>0.1</ele>
      </trkpt>
      <trkpt lat="35.33176" lon="139.63314">
        <ele>0.3</ele>
      </trkpt>
      <trkpt lat="35.33187" lon="139.63319">
        <ele>0.4</ele>
      </trkpt>
      <trkpt lat="35.33199" lon="139.63322">
        <ele>0.4</ele>
      </trkpt>
      <trkpt lat="35.33214" lon="139.63323">
        <ele>0.3</ele>
      </trkpt>
      <trkpt lat="35.33229" lon="139.63322">
        <ele>0.3</ele>
      </trkpt>
      <trkpt lat="35.33229" lon="139.63322">
        <ele>0.3</ele>
      </trkpt>
      <trkpt lat="35.33244" lon="139.63318">
        <ele>0.2</ele>
      </trkpt>
      <trkpt lat="35.33286" lon="139.63303">
        <ele>0.8</ele>
      </trkpt>
      <trkpt lat="35.33296" lon="139.633">
        <ele>0.8</ele>
      </trkpt>
      <trkpt lat="35.33366" lon="139.63277">
        <ele>1.3</ele>
      </trkpt>
      <trkpt lat="35.33449" lon="139.63247">
        <ele>1.2</ele>
      </trkpt>
      <trkpt lat="35.33532" lon="139.63218">
        <ele>3.2</ele>
      </trkpt>
      <trkpt lat="35.33615" lon="139.63189">
        <ele>5.1</ele>
      </trkpt>
      <trkpt lat="35.33639" lon="139.63182">
        <ele>6.3</ele>
      </trkpt>
      <trkpt lat="35.33666" lon="139.63178">
        <ele>7.8</ele>
      </trkpt>
      <trkpt lat="35.33666" lon="139.63178">
        <ele>7.8</ele>
      </trkpt>
      <trkpt lat="35.33677" lon="139.63176">
        <ele>7.3</ele>
      </trkpt>
      <trkpt lat="35.33716" lon="139.63173">
        <ele>5.1</ele>
      </trkpt>
      <trkpt lat="35.33732" lon="139.63175">
        <ele>4.1</ele>
      </trkpt>
      <trkpt lat="35.33758" lon="139.63181">
        <ele>3.0</ele>
      </trkpt>
      <trkpt lat="35.33778" lon="139.63188">
        <ele>2.8</ele>
      </trkpt>
      <trkpt lat="35.3379" lon="139.63193">
        <ele>2.7</ele>
      </trkpt>
      <trkpt lat="35.33802" lon="139.63198">
        <ele>2.6</ele>
      </trkpt>
      <trkpt lat="35.33826" lon="139.63212">
        <ele>2.7</ele>
      </trkpt>
      <trkpt lat="35.33846" lon="139.63225">
        <ele>2.6</ele>
      </trkpt>
      <trkpt lat="35.33908" lon="139.63271">
        <ele>0.4</ele>
      </trkpt>
      <trkpt lat="35.33938" lon="139.63292">
        <ele>0.4</ele>
      </trkpt>
      <trkpt lat="35.33984" lon="139.63326">
        <ele>2.2</ele>
      </trkpt>
      <trkpt lat="35.34031" lon="139.6336">
        <ele>3.9</ele>
      </trkpt>
      <trkpt lat="35.34068" lon="139.63389">
        <ele>3.6</ele>
      </trkpt>
      <trkpt lat="35.34097" lon="139.63415">
        <ele>3.4</ele>
      </trkpt>
      <trkpt lat="35.34119" lon="139.63437">
        <ele>4.2</ele>
      </trkpt>
      <trkpt lat="35.34138" lon="139.63459">
        <ele>5.3</ele>
      </trkpt>
      <trkpt lat="35.34189" lon="139.63523">
        <ele>7.0</ele>
      </trkpt>
      <trkpt lat="35.34241" lon="139.63588">
        <ele>5.3</ele>
      </trkpt>
      <trkpt lat="35.34293" lon="139.63652">
        <ele>7.6</ele>
      </trkpt>
      <trkpt lat="35.34293" lon="139.63652">
        <ele>7.6</ele>
      </trkpt>
      <trkpt lat="35.34353" lon="139.63726">
        <ele>6.3</ele>
      </trkpt>
      <trkpt lat="35.34412" lon="139.638">
        <ele>1.8</ele>
      </trkpt>
      <trkpt lat="35.3447" lon="139.63871">
        <ele>2.9</ele>
      </trkpt>
      <trkpt lat="35.34483" lon="139.63893">
        <ele>3.4</ele>
      </trkpt>
      <trkpt lat="35.34483" lon="139.63893">
        <ele>3.4</ele>
      </trkpt>
      <trkpt lat="35.34498" lon="139.63921">
        <ele>3.8</ele>
      </trkpt>
      <trkpt lat="35.3451" lon="139.6395">
        <ele>3.2</ele>
      </trkpt>
      <trkpt lat="35.34518" lon="139.63973">
        <ele>2.8</ele>
      </trkpt>
      <trkpt lat="35.34526" lon="139.64002">
        <ele>2.3</ele>
      </trkpt>
      <trkpt lat="35.34528" lon="139.64013">
        <ele>2.1</ele>
      </trkpt>
      <trkpt lat="35.34531" lon="139.64035">
        <ele>1.8</ele>
      </trkpt>
      <trkpt lat="35.34536" lon="139.64091">
        <ele>1.5</ele>
      </trkpt>
      <trkpt lat="35.34543" lon="139.64188">
        <ele>4.4</ele>
      </trkpt>
      <trkpt lat="35.3455" lon="139.64284">
        <ele>4.9</ele>
      </trkpt>
      <trkpt lat="35.34551" lon="139.64311">
        <ele>4.5</ele>
      </trkpt>
      <trkpt lat="35.34551" lon="139.64311">
        <ele>4.5</ele>
      </trkpt>
      <trkpt lat="35.34553" lon="139.6436">
        <ele>4.0</ele>
      </trkpt>
      <trkpt lat="35.34561" lon="139.64457">
        <ele>3.4</ele>
      </trkpt>
      <trkpt lat="35.34589" lon="139.64452">
        <ele>3.8</ele>
      </trkpt>
      <trkpt lat="35.34599" lon="139.64448">
        <ele>4.1</ele>
      </trkpt>
      <trkpt lat="35.34599" lon="139.64448">
        <ele>4.1</ele>
      </trkpt>
      <trkpt lat="35.3462" lon="139.64437">
        <ele>4.9</ele>
      </trkpt>
      <trkpt lat="35.34647" lon="139.64422">
        <ele>5.6</ele>
      </trkpt>
      <trkpt lat="35.3466" lon="139.64416">
        <ele>5.8</ele>
      </trkpt>
      <trkpt lat="35.34685" lon="139.64407">
        <ele>5.7</ele>
      </trkpt>
      <trkpt lat="35.34695" lon="139.64405">
        <ele>5.6</ele>
      </trkpt>
      <trkpt lat="35.34715" lon="139.64403">
        <ele>5.4</ele>
      </trkpt>
      <trkpt lat="35.34785" lon="139.644">
        <ele>4.9</ele>
      </trkpt>
      <trkpt lat="35.34866" lon="139.64399">
        <ele>4.7</ele>
      </trkpt>
      <trkpt lat="35.34947" lon="139.64398">
        <ele>4.8</ele>
      </trkpt>
      <trkpt lat="35.34975" lon="139.64397">
        <ele>4.7</ele>
      </trkpt>
      <trkpt lat="35.34975" lon="139.64397">
        <ele>4.7</ele>
      </trkpt>
      <trkpt lat="35.35047" lon="139.64393">
        <ele>5.3</ele>
      </trkpt>
      <trkpt lat="35.35119" lon="139.6439">
        <ele>5.7</ele>
      </trkpt>
      <trkpt lat="35.35191" lon="139.64386">
        <ele>5.4</ele>
      </trkpt>
      <trkpt lat="35.35263" lon="139.64383">
        <ele>5.8</ele>
      </trkpt>
      <trkpt lat="35.35335" lon="139.64379">
        <ele>8.7</ele>
      </trkpt>
      <trkpt lat="35.3541" lon="139.64375">
        <ele>2.1</ele>
      </trkpt>
      <trkpt lat="35.35485" lon="139.64371">
        <ele>4.3</ele>
      </trkpt>
      <trkpt lat="35.35527" lon="139.64368">
        <ele>5.5</ele>
      </trkpt>
      <trkpt lat="35.35527" lon="139.64368">
        <ele>5.5</ele>
      </trkpt>
      <trkpt lat="35.35587" lon="139.64365">
        <ele>6.8</ele>
      </trkpt>
      <trkpt lat="35.35648" lon="139.64361">
        <ele>7.2</ele>
      </trkpt>
      <trkpt lat="35.35708" lon="139.64358">
        <ele>7.3</ele>
      </trkpt>
      <trkpt lat="35.35784" lon="139.64354">
        <ele>7.0</ele>
      </trkpt>
      <trkpt lat="35.3586" lon="139.6435">
        <ele>6.8</ele>
      </trkpt>
      <trkpt lat="35.35945" lon="139.64345">
        <ele>7.2</ele>
      </trkpt>
      <trkpt lat="35.3603" lon="139.6434">
        <ele>7.5</ele>
      </trkpt>
      <trkpt lat="35.36114" lon="139.64335">
        <ele>6.6</ele>
      </trkpt>
      <trkpt lat="35.36153" lon="139.64332">
        <ele>6.1</ele>
      </trkpt>
      <trkpt lat="35.36195" lon="139.64327">
        <ele>6.5</ele>
      </trkpt>
      <trkpt lat="35.36262" lon="139.64313">
        <ele>7.8</ele>
      </trkpt>
      <trkpt lat="35.36262" lon="139.64313">
        <ele>7.8</ele>
      </trkpt>
      <trkpt lat="35.36331" lon="139.64299">
        <ele>7.6</ele>
      </trkpt>
      <trkpt lat="35.36367" lon="139.64293">
        <ele>6.9</ele>
      </trkpt>
      <trkpt lat="35.36385" lon="139.64292">
        <ele>6.6</ele>
      </trkpt>
      <trkpt lat="35.36463" lon="139.64291">
        <ele>5.5</ele>
      </trkpt>
      <trkpt lat="35.36541" lon="139.6429">
        <ele>4.5</ele>
      </trkpt>
      <trkpt lat="35.36619" lon="139.64289">
        <ele>5.0</ele>
      </trkpt>
      <trkpt lat="35.36639" lon="139.64289">
        <ele>5.1</ele>
      </trkpt>
      <trkpt lat="35.36715" lon="139.64285">
        <ele>5.7</ele>
      </trkpt>
      <trkpt lat="35.36782" lon="139.64285">
        <ele>5.6</ele>
      </trkpt>
      <trkpt lat="35.36848" lon="139.64285">
        <ele>4.5</ele>
      </trkpt>
      <trkpt lat="35.36848" lon="139.64285">
        <ele>4.5</ele>
      </trkpt>
      <trkpt lat="35.36915" lon="139.64286">
        <ele>3.9</ele>
      </trkpt>
      <trkpt lat="35.36983" lon="139.64287">
        <ele>4.8</ele>
      </trkpt>
      <trkpt lat="35.3705" lon="139.64288">
        <ele>4.9</ele>
      </trkpt>
      <trkpt lat="35.37118" lon="139.6429">
        <ele>4.2</ele>
      </trkpt>
      <trkpt lat="35.37193" lon="139.64287">
        <ele>4.1</ele>
      </trkpt>
      <trkpt lat="35.37269" lon="139.64283">
        <ele>5.0</ele>
      </trkpt>
      <trkpt lat="35.37344" lon="139.6428">
        <ele>5.6</ele>
      </trkpt>
      <trkpt lat="35.3742" lon="139.64277">
        <ele>5.9</ele>
      </trkpt>
      <trkpt lat="35.37471" lon="139.64273">
        <ele>9.1</ele>
      </trkpt>
      <trkpt lat="35.37524" lon="139.64266">
        <ele>10.4</ele>
      </trkpt>
      <trkpt lat="35.37572" lon="139.64256">
        <ele>9.1</ele>
      </trkpt>
      <trkpt lat="35.376" lon="139.64249">
        <ele>9.6</ele>
      </trkpt>
      <trkpt lat="35.376" lon="139.64249">
        <ele>9.6</ele>
      </trkpt>
      <trkpt lat="35.37613" lon="139.64245">
        <ele>9.9</ele>
      </trkpt>
      <trkpt lat="35.37645" lon="139.64233">
        <ele>10.5</ele>
      </trkpt>
      <trkpt lat="35.3769" lon="139.64211">
        <ele>10.3</ele>
      </trkpt>
      <trkpt lat="35.37704" lon="139.64203">
        <ele>10.0</ele>
      </trkpt>
      <trkpt lat="35.37719" lon="139.64192">
        <ele>9.7</ele>
      </trkpt>
      <trkpt lat="35.37746" lon="139.64169">
        <ele>9.0</ele>
      </trkpt>
      <trkpt lat="35.37779" lon="139.64134">
        <ele>7.9</ele>
      </trkpt>
      <trkpt lat="35.378" lon="139.64109">
        <ele>8.1</ele>
      </trkpt>
      <trkpt lat="35.37818" lon="139.64082">
        <ele>9.0</ele>
      </trkpt>
      <trkpt lat="35.37832" lon="139.64058">
        <ele>9.3</ele>
      </trkpt>
      <trkpt lat="35.37843" lon="139.64037">
        <ele>9.2</ele>
      </trkpt>
      <trkpt lat="35.37853" lon="139.64014">
        <ele>9.0</ele>
      </trkpt>
      <trkpt lat="35.37864" lon="139.63987">
        <ele>7.8</ele>
      </trkpt>
      <trkpt lat="35.37883" lon="139.63935">
        <ele>4.3</ele>
      </trkpt>
      <trkpt lat="35.37893" lon="139.63905">
        <ele>3.5</ele>
      </trkpt>
      <trkpt lat="35.37904" lon="139.63863">
        <ele>4.0</ele>
      </trkpt>
      <trkpt lat="35.37927" lon="139.63758">
        <ele>6.2</ele>
      </trkpt>
      <trkpt lat="35.3795" lon="139.63653">
        <ele>5.9</ele>
      </trkpt>
      <trkpt lat="35.37972" lon="139.63559">
        <ele>5.0</ele>
      </trkpt>
      <trkpt lat="35.37994" lon="139.63465">
        <ele>5.1</ele>
      </trkpt>
      <trkpt lat="35.38015" lon="139.63371">
        <ele>7.8</ele>
      </trkpt>
      <trkpt lat="35.38015" lon="139.63371">
        <ele>7.8</ele>
      </trkpt>
      <trkpt lat="35.38024" lon="139.63332">
        <ele>9.2</ele>
      </trkpt>
      <trkpt lat="35.38024" lon="139.63332">
        <ele>9.2</ele>
      </trkpt>
      <trkpt lat="35.38037" lon="139.63275">
        <ele>6.2</ele>
      </trkpt>
      <trkpt lat="35.38037" lon="139.63275">
        <ele>6.2</ele>
      </trkpt>
      <trkpt lat="35.38054" lon="139.632">
        <ele>3.4</ele>
      </trkpt>
      <trkpt lat="35.38071" lon="139.63126">
        <ele>4.0</ele>
      </trkpt>
      <trkpt lat="35.38085" lon="139.63071">
        <ele>5.0</ele>
      </trkpt>
      <trkpt lat="35.38099" lon="139.63017">
        <ele>5.2</ele>
      </trkpt>
      <trkpt lat="35.38124" lon="139.62934">
        <ele>3.5</ele>
      </trkpt>
      <trkpt lat="35.38149" lon="139.6285">
        <ele>5.6</ele>
      </trkpt>
      <trkpt lat="35.38149" lon="139.6285">
        <ele>5.6</ele>
      </trkpt>
      <trkpt lat="35.3817" lon="139.62781">
        <ele>7.7</ele>
      </trkpt>
      <trkpt lat="35.38182" lon="139.62749">
        <ele>8.0</ele>
      </trkpt>
      <trkpt lat="35.38195" lon="139.62713">
        <ele>6.8</ele>
      </trkpt>
      <trkpt lat="35.38224" lon="139.62648">
        <ele>4.2</ele>
      </trkpt>
      <trkpt lat="35.38269" lon="139.62553">
        <ele>2.6</ele>
      </trkpt>
      <trkpt lat="35.38294" lon="139.62505">
        <ele>2.1</ele>
      </trkpt>
      <trkpt lat="35.38323" lon="139.62452">
        <ele>1.9</ele>
      </trkpt>
      <trkpt lat="35.38358" lon="139.62396">
        <ele>1.7</ele>
      </trkpt>
      <trkpt lat="35.38392" lon="139.62341">
        <ele>4.7</ele>
      </trkpt>
      <trkpt lat="35.38392" lon="139.62341">
        <ele>4.7</ele>
      </trkpt>
      <trkpt lat="35.38425" lon="139.62289">
        <ele>6.0</ele>
      </trkpt>
      <trkpt lat="35.38458" lon="139.62241">
        <ele>6.3</ele>
      </trkpt>
      <trkpt lat="35.38491" lon="139.62193">
        <ele>8.0</ele>
      </trkpt>
      <trkpt lat="35.38517" lon="139.62159">
        <ele>9.4</ele>
      </trkpt>
      <trkpt lat="35.38549" lon="139.62119">
        <ele>10.7</ele>
      </trkpt>
      <trkpt lat="35.38572" lon="139.62092">
        <ele>11.7</ele>
      </trkpt>
      <trkpt lat="35.38617" lon="139.62043">
        <ele>8.5</ele>
      </trkpt>
      <trkpt lat="35.38642" lon="139.62019">
        <ele>7.3</ele>
      </trkpt>
      <trkpt lat="35.38642" lon="139.62019">
        <ele>7.3</ele>
      </trkpt>
      <trkpt lat="35.38714" lon="139.61955">
        <ele>8.8</ele>
      </trkpt>
      <trkpt lat="35.38786" lon="139.61891">
        <ele>8.4</ele>
      </trkpt>
      <trkpt lat="35.38827" lon="139.61858">
        <ele>6.6</ele>
      </trkpt>
      <trkpt lat="35.38869" lon="139.61825">
        <ele>7.6</ele>
      </trkpt>
      <trkpt lat="35.38869" lon="139.61825">
        <ele>7.6</ele>
      </trkpt>
      <trkpt lat="35.38881" lon="139.61815">
        <ele>7.9</ele>
      </trkpt>
      <trkpt lat="35.38928" lon="139.61782">
        <ele>9.4</ele>
      </trkpt>
      <trkpt lat="35.38975" lon="139.61749">
        <ele>11.8</ele>
      </trkpt>
      <trkpt lat="35.39032" lon="139.61713">
        <ele>9.5</ele>
      </trkpt>
      <trkpt lat="35.39099" lon="139.61679">
        <ele>5.8</ele>
      </trkpt>
      <trkpt lat="35.39167" lon="139.61648">
        <ele>5.2</ele>
      </trkpt>
      <trkpt lat="35.39204" lon="139.61635">
        <ele>4.3</ele>
      </trkpt>
      <trkpt lat="35.39229" lon="139.61628">
        <ele>3.6</ele>
      </trkpt>
      <trkpt lat="35.39229" lon="139.61628">
        <ele>3.6</ele>
      </trkpt>
      <trkpt lat="35.39274" lon="139.61616">
        <ele>2.6</ele>
      </trkpt>
      <trkpt lat="35.39349" lon="139.61608">
        <ele>2.0</ele>
      </trkpt>
      <trkpt lat="35.39387" lon="139.61607">
        <ele>2.8</ele>
      </trkpt>
      <trkpt lat="35.39418" lon="139.61607">
        <ele>3.5</ele>
      </trkpt>
      <trkpt lat="35.39445" lon="139.61609">
        <ele>4.3</ele>
      </trkpt>
      <trkpt lat="35.39473" lon="139.61612">
        <ele>5.1</ele>
      </trkpt>
      <trkpt lat="35.39533" lon="139.61623">
        <ele>4.6</ele>
      </trkpt>
      <trkpt lat="35.39533" lon="139.61623">
        <ele>4.6</ele>
      </trkpt>
      <trkpt lat="35.39591" lon="139.6164">
        <ele>1.7</ele>
      </trkpt>
      <trkpt lat="35.3963" lon="139.61655">
        <ele>-0.1</ele>
      </trkpt>
      <trkpt lat="35.39688" lon="139.6168">
        <ele>1.4</ele>
      </trkpt>
      <trkpt lat="35.39725" lon="139.61699">
        <ele>5.6</ele>
      </trkpt>
      <trkpt lat="35.39731" lon="139.61703">
        <ele>6.2</ele>
      </trkpt>
      <trkpt lat="35.39731" lon="139.61703">
        <ele>6.2</ele>
      </trkpt>
      <trkpt lat="35.39757" lon="139.6172">
        <ele>8.0</ele>
      </trkpt>
      <trkpt lat="35.39779" lon="139.61737">
        <ele>8.5</ele>
      </trkpt>
      <trkpt lat="35.39851" lon="139.61789">
        <ele>9.6</ele>
      </trkpt>
      <trkpt lat="35.39922" lon="139.61841">
        <ele>6.0</ele>
      </trkpt>
      <trkpt lat="35.39978" lon="139.61878">
        <ele>6.4</ele>
      </trkpt>
      <trkpt lat="35.40035" lon="139.61914">
        <ele>7.6</ele>
      </trkpt>
      <trkpt lat="35.40091" lon="139.61951">
        <ele>6.7</ele>
      </trkpt>
      <trkpt lat="35.40145" lon="139.61988">
        <ele>6.4</ele>
      </trkpt>
      <trkpt lat="35.40145" lon="139.61988">
        <ele>6.4</ele>
      </trkpt>
      <trkpt lat="35.40199" lon="139.62026">
        <ele>6.1</ele>
      </trkpt>
      <trkpt lat="35.40254" lon="139.62064">
        <ele>3.9</ele>
      </trkpt>
      <trkpt lat="35.40317" lon="139.62106">
        <ele>1.9</ele>
      </trkpt>
      <trkpt lat="35.4038" lon="139.62149">
        <ele>2.5</ele>
      </trkpt>
      <trkpt lat="35.40444" lon="139.62193">
        <ele>3.6</ele>
      </trkpt>
      <trkpt lat="35.40507" lon="139.62237">
        <ele>5.0</ele>
      </trkpt>
      <trkpt lat="35.40571" lon="139.62281">
        <ele>1.8</ele>
      </trkpt>
      <trkpt lat="35.40628" lon="139.62322">
        <ele>1.9</ele>
      </trkpt>
      <trkpt lat="35.40684" lon="139.62364">
        <ele>3.4</ele>
      </trkpt>
      <trkpt lat="35.40702" lon="139.62375">
        <ele>3.9</ele>
      </trkpt>
      <trkpt lat="35.40702" lon="139.62375">
        <ele>3.9</ele>
      </trkpt>
      <trkpt lat="35.40774" lon="139.62421">
        <ele>4.0</ele>
      </trkpt>
      <trkpt lat="35.4082" lon="139.62453">
        <ele>2.6</ele>
      </trkpt>
      <trkpt lat="35.40864" lon="139.62487">
        <ele>3.1</ele>
      </trkpt>
      <trkpt lat="35.40909" lon="139.62522">
        <ele>4.7</ele>
      </trkpt>
      <trkpt lat="35.40942" lon="139.6255">
        <ele>5.8</ele>
      </trkpt>
      <trkpt lat="35.41012" lon="139.62609">
        <ele>5.4</ele>
      </trkpt>
      <trkpt lat="35.41012" lon="139.62609">
        <ele>5.4</ele>
      </trkpt>
      <trkpt lat="35.41051" lon="139.62642">
        <ele>4.2</ele>
      </trkpt>
      <trkpt lat="35.41062" lon="139.62651">
        <ele>3.9</ele>
      </trkpt>
      <trkpt lat="35.41093" lon="139.62685">
        <ele>2.9</ele>
      </trkpt>
      <trkpt lat="35.41136" lon="139.62735">
        <ele>4.1</ele>
      </trkpt>
      <trkpt lat="35.41178" lon="139.62784">
        <ele>2.9</ele>
      </trkpt>
      <trkpt lat="35.41186" lon="139.62792">
        <ele>2.7</ele>
      </trkpt>
      <trkpt lat="35.41196" lon="139.62801">
        <ele>2.5</ele>
      </trkpt>
      <trkpt lat="35.41205" lon="139.62804">
        <ele>2.5</ele>
      </trkpt>
      <trkpt lat="35.41221" lon="139.62804">
        <ele>2.7</ele>
      </trkpt>
      <trkpt lat="35.41228" lon="139.62803">
        <ele>2.8</ele>
      </trkpt>
      <trkpt lat="35.41232" lon="139.62801">
        <ele>2.9</ele>
      </trkpt>
      <trkpt lat="35.41232" lon="139.62801">
        <ele>2.9</ele>
      </trkpt>
      <trkpt lat="35.41239" lon="139.62798">
        <ele>3.1</ele>
      </trkpt>
      <trkpt lat="35.41249" lon="139.62791">
        <ele>3.5</ele>
      </trkpt>
      <trkpt lat="35.41257" lon="139.62787">
        <ele>3.4</ele>
      </trkpt>
      <trkpt lat="35.41267" lon="139.62787">
        <ele>3.1</ele>
      </trkpt>
      <trkpt lat="35.4128" lon="139.62788">
        <ele>2.7</ele>
      </trkpt>
      <trkpt lat="35.41292" lon="139.62791">
        <ele>2.3</ele>
      </trkpt>
      <trkpt lat="35.41315" lon="139.62795">
        <ele>1.5</ele>
      </trkpt>
      <trkpt lat="35.41326" lon="139.62793">
        <ele>1.2</ele>
      </trkpt>
      <trkpt lat="35.41341" lon="139.62786">
        <ele>1.1</ele>
      </trkpt>
      <trkpt lat="35.4137" lon="139.62762">
        <ele>1.4</ele>
      </trkpt>
      <trkpt lat="35.41427" lon="139.62719">
        <ele>2.9</ele>
      </trkpt>
      <trkpt lat="35.41469" lon="139.62694">
        <ele>3.0</ele>
      </trkpt>
      <trkpt lat="35.41472" lon="139.62704">
        <ele>3.0</ele>
      </trkpt>
      <trkpt lat="35.41486" lon="139.62738">
        <ele>3.2</ele>
      </trkpt>
      <trkpt lat="35.41498" lon="139.62768">
        <ele>3.3</ele>
      </trkpt>
      <trkpt lat="35.41519" lon="139.6282">
        <ele>1.6</ele>
      </trkpt>
      <trkpt lat="35.41543" lon="139.62891">
        <ele>3.6</ele>
      </trkpt>
      <trkpt lat="35.41566" lon="139.62961">
        <ele>6.6</ele>
      </trkpt>
      <trkpt lat="35.41583" lon="139.63024">
        <ele>7.5</ele>
      </trkpt>
      <trkpt lat="35.41595" lon="139.63057">
        <ele>5.4</ele>
      </trkpt>
      <trkpt lat="35.41608" lon="139.63107">
        <ele>4.3</ele>
      </trkpt>
      <trkpt lat="35.41613" lon="139.63138">
        <ele>4.7</ele>
      </trkpt>
      <trkpt lat="35.41616" lon="139.63143">
        <ele>4.7</ele>
      </trkpt>
      <trkpt lat="35.41618" lon="139.6315">
        <ele>4.8</ele>
      </trkpt>
      <trkpt lat="35.41618" lon="139.63157">
        <ele>4.9</ele>
      </trkpt>
      <trkpt lat="35.41623" lon="139.63186">
        <ele>5.8</ele>
      </trkpt>
      <trkpt lat="35.41627" lon="139.6321">
        <ele>6.8</ele>
      </trkpt>
      <trkpt lat="35.41632" lon="139.63208">
        <ele>6.5</ele>
      </trkpt>
      <trkpt lat="35.41627" lon="139.6321">
        <ele>6.8</ele>
      </trkpt>
      <trkpt lat="35.41634" lon="139.63241">
        <ele>7.6</ele>
      </trkpt>
      <trkpt lat="35.41653" lon="139.63309">
        <ele>7.5</ele>
      </trkpt>
      <trkpt lat="35.41672" lon="139.63377">
        <ele>8.0</ele>
      </trkpt>
      <trkpt lat="35.41688" lon="139.63437">
        <ele>8.1</ele>
      </trkpt>
      <trkpt lat="35.41706" lon="139.63522">
        <ele>8.2</ele>
      </trkpt>
      <trkpt lat="35.41725" lon="139.63607">
        <ele>5.5</ele>
      </trkpt>
      <trkpt lat="35.41744" lon="139.63692">
        <ele>4.4</ele>
      </trkpt>
      <trkpt lat="35.41744" lon="139.63692">
        <ele>4.4</ele>
      </trkpt>
      <trkpt lat="35.41759" lon="139.63764">
        <ele>5.3</ele>
      </trkpt>
      <trkpt lat="35.41774" lon="139.63837">
        <ele>5.3</ele>
      </trkpt>
      <trkpt lat="35.41774" lon="139.63837">
        <ele>5.3</ele>
      </trkpt>
      <trkpt lat="35.41782" lon="139.63878">
        <ele>5.2</ele>
      </trkpt>
      <trkpt lat="35.41785" lon="139.63888">
        <ele>5.1</ele>
      </trkpt>
      <trkpt lat="35.41792" lon="139.63919">
        <ele>5.0</ele>
      </trkpt>
      <trkpt lat="35.41796" lon="139.63954">
        <ele>5.0</ele>
      </trkpt>
      <trkpt lat="35.41796" lon="139.63954">
        <ele>5.0</ele>
      </trkpt>
      <trkpt lat="35.41799" lon="139.63979">
        <ele>5.0</ele>
      </trkpt>
      <trkpt lat="35.41801" lon="139.64014">
        <ele>5.2</ele>
      </trkpt>
      <trkpt lat="35.41804" lon="139.64038">
        <ele>5.6</ele>
      </trkpt>
      <trkpt lat="35.41804" lon="139.64038">
        <ele>5.6</ele>
      </trkpt>
      <trkpt lat="35.41807" lon="139.64067">
        <ele>6.1</ele>
      </trkpt>
      <trkpt lat="35.41811" lon="139.64083">
        <ele>6.3</ele>
      </trkpt>
      <trkpt lat="35.41819" lon="139.64147">
        <ele>6.2</ele>
      </trkpt>
      <trkpt lat="35.41819" lon="139.64147">
        <ele>6.2</ele>
      </trkpt>
      <trkpt lat="35.41822" lon="139.64169">
        <ele>6.2</ele>
      </trkpt>
      <trkpt lat="35.41833" lon="139.64228">
        <ele>8.2</ele>
      </trkpt>
      <trkpt lat="35.41844" lon="139.64287">
        <ele>6.9</ele>
      </trkpt>
      <trkpt lat="35.41844" lon="139.64287">
        <ele>6.9</ele>
      </trkpt>
      <trkpt lat="35.41848" lon="139.64313">
        <ele>5.8</ele>
      </trkpt>
      <trkpt lat="35.41855" lon="139.64365">
        <ele>4.6</ele>
      </trkpt>
      <trkpt lat="35.4186" lon="139.64431">
        <ele>3.6</ele>
      </trkpt>
      <trkpt lat="35.4186" lon="139.64431">
        <ele>3.6</ele>
      </trkpt>
      <trkpt lat="35.41867" lon="139.64525">
        <ele>4.0</ele>
      </trkpt>
      <trkpt lat="35.41873" lon="139.64618">
        <ele>4.2</ele>
      </trkpt>
      <trkpt lat="35.41873" lon="139.64618">
        <ele>4.2</ele>
      </trkpt>
      <trkpt lat="35.41879" lon="139.64695">
        <ele>5.4</ele>
      </trkpt>
      <trkpt lat="35.41884" lon="139.64782">
        <ele>8.5</ele>
      </trkpt>
      <trkpt lat="35.41884" lon="139.64802">
        <ele>8.8</ele>
      </trkpt>
      <trkpt lat="35.41883" lon="139.64831">
        <ele>9.2</ele>
      </trkpt>
      <trkpt lat="35.41881" lon="139.64859">
        <ele>8.7</ele>
      </trkpt>
      <trkpt lat="35.41876" lon="139.64897">
        <ele>7.9</ele>
      </trkpt>
      <trkpt lat="35.41873" lon="139.64916">
        <ele>7.5</ele>
      </trkpt>
      <trkpt lat="35.41865" lon="139.64956">
        <ele>8.3</ele>
      </trkpt>
      <trkpt lat="35.41853" lon="139.64998">
        <ele>8.4</ele>
      </trkpt>
      <trkpt lat="35.41834" lon="139.65049">
        <ele>7.6</ele>
      </trkpt>
      <trkpt lat="35.41816" lon="139.65101">
        <ele>7.6</ele>
      </trkpt>
      <trkpt lat="35.41793" lon="139.65169">
        <ele>7.2</ele>
      </trkpt>
      <trkpt lat="35.4177" lon="139.65238">
        <ele>9.4</ele>
      </trkpt>
      <trkpt lat="35.41747" lon="139.65306">
        <ele>7.9</ele>
      </trkpt>
      <trkpt lat="35.41732" lon="139.65347">
        <ele>7.6</ele>
      </trkpt>
      <trkpt lat="35.41725" lon="139.65363">
        <ele>7.4</ele>
      </trkpt>
      <trkpt lat="35.4171" lon="139.65394">
        <ele>7.0</ele>
      </trkpt>
      <trkpt lat="35.41687" lon="139.65435">
        <ele>5.5</ele>
      </trkpt>
      <trkpt lat="35.41675" lon="139.65454">
        <ele>4.0</ele>
      </trkpt>
      <trkpt lat="35.4164" lon="139.65496">
        <ele>2.4</ele>
      </trkpt>
      <trkpt lat="35.41605" lon="139.65538">
        <ele>7.1</ele>
      </trkpt>
      <trkpt lat="35.41605" lon="139.65538">
        <ele>7.1</ele>
      </trkpt>
      <trkpt lat="35.41605" lon="139.65538">
        <ele>7.1</ele>
      </trkpt>
      <trkpt lat="35.41564" lon="139.65587">
        <ele>7.1</ele>
      </trkpt>
      <trkpt lat="35.41523" lon="139.65635">
        <ele>7.2</ele>
      </trkpt>
      <trkpt lat="35.41471" lon="139.65684">
        <ele>5.5</ele>
      </trkpt>
      <trkpt lat="35.41443" lon="139.65719">
        <ele>5.1</ele>
      </trkpt>
      <trkpt lat="35.41417" lon="139.65755">
        <ele>5.5</ele>
      </trkpt>
      <trkpt lat="35.41417" lon="139.65755">
        <ele>5.5</ele>
      </trkpt>
      <trkpt lat="35.41384" lon="139.658">
        <ele>8.5</ele>
      </trkpt>
      <trkpt lat="35.41351" lon="139.65845">
        <ele>10.2</ele>
      </trkpt>
      <trkpt lat="35.4133" lon="139.65884">
        <ele>10.0</ele>
      </trkpt>
      <trkpt lat="35.41316" lon="139.6591">
        <ele>9.4</ele>
      </trkpt>
      <trkpt lat="35.41297" lon="139.6596">
        <ele>6.8</ele>
      </trkpt>
      <trkpt lat="35.41288" lon="139.65985">
        <ele>5.6</ele>
      </trkpt>
      <trkpt lat="35.41278" lon="139.66019">
        <ele>5.1</ele>
      </trkpt>
      <trkpt lat="35.4127" lon="139.66053">
        <ele>5.5</ele>
      </trkpt>
      <trkpt lat="35.41264" lon="139.66094">
        <ele>6.4</ele>
      </trkpt>
      <trkpt lat="35.41261" lon="139.66117">
        <ele>6.8</ele>
      </trkpt>
      <trkpt lat="35.41261" lon="139.66131">
        <ele>7.0</ele>
      </trkpt>
      <trkpt lat="35.41261" lon="139.66131">
        <ele>7.0</ele>
      </trkpt>
      <trkpt lat="35.41258" lon="139.66185">
        <ele>8.0</ele>
      </trkpt>
      <trkpt lat="35.4126" lon="139.66237">
        <ele>8.5</ele>
      </trkpt>
      <trkpt lat="35.41263" lon="139.66271">
        <ele>8.0</ele>
      </trkpt>
      <trkpt lat="35.41278" lon="139.6634">
        <ele>5.7</ele>
      </trkpt>
      <trkpt lat="35.41285" lon="139.66369">
        <ele>4.2</ele>
      </trkpt>
      <trkpt lat="35.41296" lon="139.66403">
        <ele>2.5</ele>
      </trkpt>
      <trkpt lat="35.41309" lon="139.66437">
        <ele>1.4</ele>
      </trkpt>
      <trkpt lat="35.41309" lon="139.66437">
        <ele>1.4</ele>
      </trkpt>
      <trkpt lat="35.41327" lon="139.66475">
        <ele>1.5</ele>
      </trkpt>
      <trkpt lat="35.41348" lon="139.66518">
        <ele>5.2</ele>
      </trkpt>
      <trkpt lat="35.4139" lon="139.66597">
        <ele>6.8</ele>
      </trkpt>
      <trkpt lat="35.41431" lon="139.66673">
        <ele>6.0</ele>
      </trkpt>
      <trkpt lat="35.41468" lon="139.66739">
        <ele>3.3</ele>
      </trkpt>
      <trkpt lat="35.41468" lon="139.66739">
        <ele>3.3</ele>
      </trkpt>
      <trkpt lat="35.41494" lon="139.66782">
        <ele>4.3</ele>
      </trkpt>
      <trkpt lat="35.41529" lon="139.66832">
        <ele>5.9</ele>
      </trkpt>
      <trkpt lat="35.41546" lon="139.66854">
        <ele>5.1</ele>
      </trkpt>
      <trkpt lat="35.41569" lon="139.66879">
        <ele>4.8</ele>
      </trkpt>
      <trkpt lat="35.41593" lon="139.66903">
        <ele>5.2</ele>
      </trkpt>
      <trkpt lat="35.41602" lon="139.66911">
        <ele>5.3</ele>
      </trkpt>
      <trkpt lat="35.41602" lon="139.66911">
        <ele>5.3</ele>
      </trkpt>
      <trkpt lat="35.41617" lon="139.66924">
        <ele>5.3</ele>
      </trkpt>
      <trkpt lat="35.41639" lon="139.6694">
        <ele>5.0</ele>
      </trkpt>
      <trkpt lat="35.41663" lon="139.66956">
        <ele>5.0</ele>
      </trkpt>
      <trkpt lat="35.41683" lon="139.66969">
        <ele>5.1</ele>
      </trkpt>
      <trkpt lat="35.4172" lon="139.66989">
        <ele>5.2</ele>
      </trkpt>
      <trkpt lat="35.41745" lon="139.67">
        <ele>5.1</ele>
      </trkpt>
      <trkpt lat="35.41771" lon="139.6701">
        <ele>4.2</ele>
      </trkpt>
      <trkpt lat="35.41808" lon="139.67021">
        <ele>3.4</ele>
      </trkpt>
      <trkpt lat="35.41808" lon="139.67021">
        <ele>3.4</ele>
      </trkpt>
      <trkpt lat="35.41828" lon="139.67025">
        <ele>3.2</ele>
      </trkpt>
      <trkpt lat="35.41858" lon="139.6703">
        <ele>4.6</ele>
      </trkpt>
      <trkpt lat="35.41889" lon="139.67034">
        <ele>6.1</ele>
      </trkpt>
      <trkpt lat="35.41972" lon="139.67038">
        <ele>5.4</ele>
      </trkpt>
      <trkpt lat="35.42054" lon="139.67042">
        <ele>5.5</ele>
      </trkpt>
      <trkpt lat="35.42054" lon="139.67042">
        <ele>5.5</ele>
      </trkpt>
      <trkpt lat="35.4214" lon="139.67045">
        <ele>3.6</ele>
      </trkpt>
      <trkpt lat="35.42225" lon="139.67049">
        <ele>2.9</ele>
      </trkpt>
      <trkpt lat="35.42282" lon="139.67053">
        <ele>4.3</ele>
      </trkpt>
      <trkpt lat="35.42338" lon="139.67056">
        <ele>6.1</ele>
      </trkpt>
      <trkpt lat="35.42404" lon="139.67062">
        <ele>7.1</ele>
      </trkpt>
      <trkpt lat="35.4247" lon="139.67068">
        <ele>6.1</ele>
      </trkpt>
      <trkpt lat="35.42536" lon="139.67074">
        <ele>4.5</ele>
      </trkpt>
      <trkpt lat="35.42538" lon="139.67058">
        <ele>4.2</ele>
      </trkpt>
      <trkpt lat="35.42543" lon="139.67043">
        <ele>3.7</ele>
      </trkpt>
      <trkpt lat="35.42543" lon="139.67043">
        <ele>3.7</ele>
      </trkpt>
      <trkpt lat="35.42546" lon="139.67035">
        <ele>3.4</ele>
      </trkpt>
      <trkpt lat="35.42551" lon="139.67027">
        <ele>3.1</ele>
      </trkpt>
      <trkpt lat="35.42557" lon="139.67021">
        <ele>2.7</ele>
      </trkpt>
      <trkpt lat="35.42564" lon="139.67015">
        <ele>2.2</ele>
      </trkpt>
      <trkpt lat="35.42599" lon="139.66992">
        <ele>1.0</ele>
      </trkpt>
      <trkpt lat="35.42633" lon="139.66968">
        <ele>1.4</ele>
      </trkpt>
      <trkpt lat="35.42689" lon="139.66916">
        <ele>2.5</ele>
      </trkpt>
      <trkpt lat="35.42746" lon="139.66865">
        <ele>5.8</ele>
      </trkpt>
      <trkpt lat="35.42803" lon="139.66813">
        <ele>7.2</ele>
      </trkpt>
      <trkpt lat="35.42803" lon="139.66813">
        <ele>7.2</ele>
      </trkpt>
      <trkpt lat="35.42868" lon="139.66754">
        <ele>6.4</ele>
      </trkpt>
      <trkpt lat="35.42933" lon="139.66695">
        <ele>3.7</ele>
      </trkpt>
      <trkpt lat="35.42998" lon="139.66636">
        <ele>4.8</ele>
      </trkpt>
      <trkpt lat="35.43063" lon="139.66577">
        <ele>7.9</ele>
      </trkpt>
      <trkpt lat="35.43129" lon="139.66518">
        <ele>8.0</ele>
      </trkpt>
      <trkpt lat="35.43129" lon="139.66518">
        <ele>8.0</ele>
      </trkpt>
      <trkpt lat="35.43188" lon="139.66464">
        <ele>6.5</ele>
      </trkpt>
      <trkpt lat="35.43198" lon="139.66458">
        <ele>6.3</ele>
      </trkpt>
      <trkpt lat="35.43253" lon="139.6642">
        <ele>6.1</ele>
      </trkpt>
      <trkpt lat="35.43317" lon="139.66373">
        <ele>6.8</ele>
      </trkpt>
      <trkpt lat="35.43382" lon="139.66326">
        <ele>6.6</ele>
      </trkpt>
      <trkpt lat="35.43382" lon="139.66326">
        <ele>6.6</ele>
      </trkpt>
      <trkpt lat="35.43419" lon="139.66298">
        <ele>6.6</ele>
      </trkpt>
      <trkpt lat="35.4343" lon="139.66293">
        <ele>6.5</ele>
      </trkpt>
      <trkpt lat="35.43441" lon="139.66288">
        <ele>6.5</ele>
      </trkpt>
      <trkpt lat="35.43458" lon="139.66283">
        <ele>6.6</ele>
      </trkpt>
      <trkpt lat="35.43514" lon="139.66272">
        <ele>6.8</ele>
      </trkpt>
      <trkpt lat="35.43536" lon="139.66265">
        <ele>6.4</ele>
      </trkpt>
      <trkpt lat="35.43554" lon="139.66257">
        <ele>6.0</ele>
      </trkpt>
      <trkpt lat="35.43573" lon="139.66244">
        <ele>5.5</ele>
      </trkpt>
      <trkpt lat="35.43588" lon="139.66231">
        <ele>5.2</ele>
      </trkpt>
      <trkpt lat="35.43588" lon="139.66231">
        <ele>5.2</ele>
      </trkpt>
      <trkpt lat="35.43614" lon="139.66209">
        <ele>5.1</ele>
      </trkpt>
      <trkpt lat="35.43632" lon="139.66186">
        <ele>4.9</ele>
      </trkpt>
      <trkpt lat="35.43694" lon="139.66111">
        <ele>3.3</ele>
      </trkpt>
      <trkpt lat="35.43755" lon="139.66037">
        <ele>2.0</ele>
      </trkpt>
      <trkpt lat="35.43755" lon="139.66037">
        <ele>2.0</ele>
      </trkpt>
      <trkpt lat="35.43815" lon="139.65966">
        <ele>3.2</ele>
      </trkpt>
      <trkpt lat="35.43875" lon="139.65895">
        <ele>3.9</ele>
      </trkpt>
      <trkpt lat="35.43935" lon="139.65823">
        <ele>4.5</ele>
      </trkpt>
      <trkpt lat="35.43981" lon="139.65768">
        <ele>6.1</ele>
      </trkpt>
      <trkpt lat="35.44026" lon="139.65713">
        <ele>5.4</ele>
      </trkpt>
      <trkpt lat="35.44071" lon="139.65659">
        <ele>5.2</ele>
      </trkpt>
      <trkpt lat="35.44071" lon="139.65659">
        <ele>5.2</ele>
      </trkpt>
      <trkpt lat="35.44134" lon="139.65583">
        <ele>5.0</ele>
      </trkpt>
      <trkpt lat="35.44198" lon="139.65508">
        <ele>3.7</ele>
      </trkpt>
      <trkpt lat="35.44262" lon="139.65432">
        <ele>6.6</ele>
      </trkpt>
      <trkpt lat="35.44262" lon="139.65432">
        <ele>6.6</ele>
      </trkpt>
      <trkpt lat="35.44264" lon="139.65429">
        <ele>6.4</ele>
      </trkpt>
      <trkpt lat="35.4427" lon="139.65419">
        <ele>6.0</ele>
      </trkpt>
      <trkpt lat="35.44283" lon="139.65383">
        <ele>6.0</ele>
      </trkpt>
      <trkpt lat="35.44305" lon="139.65323">
        <ele>6.0</ele>
      </trkpt>
      <trkpt lat="35.44316" lon="139.65295">
        <ele>6.0</ele>
      </trkpt>
      <trkpt lat="35.44332" lon="139.65263">
        <ele>7.2</ele>
      </trkpt>
      <trkpt lat="35.4438" lon="139.65192">
        <ele>7.2</ele>
      </trkpt>
      <trkpt lat="35.4438" lon="139.65192">
        <ele>7.2</ele>
      </trkpt>
      <trkpt lat="35.44409" lon="139.65149">
        <ele>6.9</ele>
      </trkpt>
      <trkpt lat="35.44448" lon="139.65089">
        <ele>8.4</ele>
      </trkpt>
      <trkpt lat="35.44487" lon="139.6503">
        <ele>10.3</ele>
      </trkpt>
      <trkpt lat="35.44534" lon="139.64948">
        <ele>10.5</ele>
      </trkpt>
      <trkpt lat="35.44574" lon="139.6488">
        <ele>10.8</ele>
      </trkpt>
      <trkpt lat="35.44574" lon="139.6488">
        <ele>10.8</ele>
      </trkpt>
      <trkpt lat="35.44603" lon="139.6483">
        <ele>13.4</ele>
      </trkpt>
      <trkpt lat="35.44633" lon="139.64781">
        <ele>10.0</ele>
      </trkpt>
      <trkpt lat="35.44669" lon="139.64718">
        <ele>5.9</ele>
      </trkpt>
      <trkpt lat="35.44706" lon="139.64655">
        <ele>5.6</ele>
      </trkpt>
      <trkpt lat="35.44712" lon="139.64645">
        <ele>5.7</ele>
      </trkpt>
      <trkpt lat="35.44741" lon="139.64597">
        <ele>4.8</ele>
      </trkpt>
      <trkpt lat="35.44758" lon="139.64563">
        <ele>4.4</ele>
      </trkpt>
      <trkpt lat="35.44758" lon="139.64563">
        <ele>4.4</ele>
      </trkpt>
      <trkpt lat="35.44777" lon="139.64525">
        <ele>5.1</ele>
      </trkpt>
      <trkpt lat="35.44781" lon="139.64514">
        <ele>5.4</ele>
      </trkpt>
      <trkpt lat="35.44781" lon="139.64509">
        <ele>5.6</ele>
      </trkpt>
      <trkpt lat="35.4478" lon="139.64496">
        <ele>5.9</ele>
      </trkpt>
      <trkpt lat="35.44774" lon="139.64475">
        <ele>6.3</ele>
      </trkpt>
      <trkpt lat="35.44768" lon="139.64453">
        <ele>6.7</ele>
      </trkpt>
      <trkpt lat="35.44767" lon="139.64442">
        <ele>6.8</ele>
      </trkpt>
      <trkpt lat="35.44768" lon="139.6443">
        <ele>6.8</ele>
      </trkpt>
      <trkpt lat="35.44771" lon="139.6442">
        <ele>6.7</ele>
      </trkpt>
      <trkpt lat="35.44801" lon="139.64359">
        <ele>6.9</ele>
      </trkpt>
      <trkpt lat="35.44824" lon="139.64315">
        <ele>8.6</ele>
      </trkpt>
      <trkpt lat="35.44831" lon="139.64306">
        <ele>9.3</ele>
      </trkpt>
      <trkpt lat="35.44853" lon="139.64262">
        <ele>11.8</ele>
      </trkpt>
      <trkpt lat="35.44858" lon="139.64251">
        <ele>12.7</ele>
      </trkpt>
      <trkpt lat="35.44867" lon="139.64254">
        <ele>11.9</ele>
      </trkpt>
      <trkpt lat="35.44871" lon="139.64256">
        <ele>11.5</ele>
      </trkpt>
      <trkpt lat="35.44871" lon="139.64256">
        <ele>11.5</ele>
      </trkpt>
      <trkpt lat="35.44895" lon="139.64274">
        <ele>7.7</ele>
      </trkpt>
      <trkpt lat="35.44907" lon="139.64281">
        <ele>5.9</ele>
      </trkpt>
      <trkpt lat="35.44917" lon="139.64284">
        <ele>4.7</ele>
      </trkpt>
      <trkpt lat="35.44921" lon="139.64283">
        <ele>4.7</ele>
      </trkpt>
      <trkpt lat="35.44928" lon="139.64283">
        <ele>4.4</ele>
      </trkpt>
      <trkpt lat="35.44936" lon="139.6428">
        <ele>4.5</ele>
      </trkpt>
      <trkpt lat="35.44966" lon="139.6426">
        <ele>5.4</ele>
      </trkpt>
      <trkpt lat="35.44978" lon="139.64253">
        <ele>5.3</ele>
      </trkpt>
      <trkpt lat="35.44988" lon="139.64249">
        <ele>4.9</ele>
      </trkpt>
      <trkpt lat="35.44988" lon="139.64249">
        <ele>4.9</ele>
      </trkpt>
      <trkpt lat="35.4501" lon="139.6424">
        <ele>3.7</ele>
      </trkpt>
      <trkpt lat="35.45025" lon="139.64236">
        <ele>3.2</ele>
      </trkpt>
      <trkpt lat="35.45064" lon="139.64228">
        <ele>1.9</ele>
      </trkpt>
      <trkpt lat="35.45087" lon="139.64217">
        <ele>2.1</ele>
      </trkpt>
      <trkpt lat="35.45125" lon="139.6421">
        <ele>2.4</ele>
      </trkpt>
      <trkpt lat="35.45125" lon="139.6421">
        <ele>2.4</ele>
      </trkpt>
      <trkpt lat="35.45143" lon="139.64206">
        <ele>2.6</ele>
      </trkpt>
      <trkpt lat="35.45171" lon="139.64198">
        <ele>3.4</ele>
      </trkpt>
      <trkpt lat="35.45197" lon="139.64189">
        <ele>4.5</ele>
      </trkpt>
      <trkpt lat="35.45234" lon="139.6417">
        <ele>6.1</ele>
      </trkpt>
      <trkpt lat="35.45253" lon="139.64159">
        <ele>7.1</ele>
      </trkpt>
      <trkpt lat="35.45273" lon="139.64145">
        <ele>6.3</ele>
      </trkpt>
      <trkpt lat="35.45292" lon="139.64131">
        <ele>5.5</ele>
      </trkpt>
      <trkpt lat="35.4531" lon="139.64115">
        <ele>4.7</ele>
      </trkpt>
      <trkpt lat="35.45347" lon="139.64079">
        <ele>3.6</ele>
      </trkpt>
      <trkpt lat="35.45347" lon="139.64079">
        <ele>3.6</ele>
      </trkpt>
      <trkpt lat="35.45353" lon="139.64072">
        <ele>4.0</ele>
      </trkpt>
      <trkpt lat="35.45364" lon="139.64059">
        <ele>4.9</ele>
      </trkpt>
      <trkpt lat="35.45376" lon="139.64039">
        <ele>6.8</ele>
      </trkpt>
      <trkpt lat="35.45411" lon="139.63977">
        <ele>14.8</ele>
      </trkpt>
      <trkpt lat="35.45458" lon="139.63885">
        <ele>16.8</ele>
      </trkpt>
      <trkpt lat="35.45505" lon="139.63793">
        <ele>4.5</ele>
      </trkpt>
      <trkpt lat="35.4552" lon="139.63772">
        <ele>5.6</ele>
      </trkpt>
      <trkpt lat="35.4552" lon="139.63772">
        <ele>5.6</ele>
      </trkpt>
      <trkpt lat="35.45544" lon="139.63739">
        <ele>4.5</ele>
      </trkpt>
      <trkpt lat="35.45564" lon="139.63717">
        <ele>2.0</ele>
      </trkpt>
      <trkpt lat="35.45582" lon="139.63699">
        <ele>3.4</ele>
      </trkpt>
      <trkpt lat="35.45614" lon="139.6367">
        <ele>5.9</ele>
      </trkpt>
      <trkpt lat="35.4567" lon="139.63624">
        <ele>10.2</ele>
      </trkpt>
      <trkpt lat="35.45736" lon="139.6357">
        <ele>15.2</ele>
      </trkpt>
      <trkpt lat="35.45736" lon="139.6357">
        <ele>15.2</ele>
      </trkpt>
      <trkpt lat="35.45776" lon="139.63538">
        <ele>15.7</ele>
      </trkpt>
      <trkpt lat="35.45816" lon="139.63506">
        <ele>9.6</ele>
      </trkpt>
      <trkpt lat="35.45869" lon="139.63464">
        <ele>4.8</ele>
      </trkpt>
      <trkpt lat="35.45921" lon="139.63422">
        <ele>4.2</ele>
      </trkpt>
      <trkpt lat="35.45973" lon="139.63379">
        <ele>2.2</ele>
      </trkpt>
      <trkpt lat="35.45973" lon="139.63379">
        <ele>2.2</ele>
      </trkpt>
      <trkpt lat="35.46009" lon="139.63351">
        <ele>-1.1</ele>
      </trkpt>
      <trkpt lat="35.46048" lon="139.63327">
        <ele>-1.4</ele>
      </trkpt>
      <trkpt lat="35.46066" lon="139.63317">
        <ele>-0.9</ele>
      </trkpt>
      <trkpt lat="35.46085" lon="139.63309">
        <ele>-0.4</ele>
      </trkpt>
      <trkpt lat="35.46125" lon="139.63295">
        <ele>0.5</ele>
      </trkpt>
      <trkpt lat="35.4616" lon="139.63287">
        <ele>0.8</ele>
      </trkpt>
      <trkpt lat="35.46185" lon="139.63285">
        <ele>0.7</ele>
      </trkpt>
      <trkpt lat="35.46213" lon="139.63285">
        <ele>0.4</ele>
      </trkpt>
      <trkpt lat="35.46213" lon="139.63285">
        <ele>0.4</ele>
      </trkpt>
      <trkpt lat="35.46259" lon="139.63289">
        <ele>5.2</ele>
      </trkpt>
      <trkpt lat="35.46279" lon="139.63292">
        <ele>4.5</ele>
      </trkpt>
      <trkpt lat="35.46293" lon="139.63295">
        <ele>4.0</ele>
      </trkpt>
      <trkpt lat="35.46324" lon="139.63304">
        <ele>4.0</ele>
      </trkpt>
      <trkpt lat="35.46359" lon="139.63317">
        <ele>0.4</ele>
      </trkpt>
      <trkpt lat="35.46397" lon="139.63336">
        <ele>3.0</ele>
      </trkpt>
      <trkpt lat="35.46425" lon="139.63353">
        <ele>3.4</ele>
      </trkpt>
      <trkpt lat="35.46425" lon="139.63353">
        <ele>3.4</ele>
      </trkpt>
      <trkpt lat="35.4644" lon="139.63363">
        <ele>3.6</ele>
      </trkpt>
      <trkpt lat="35.46464" lon="139.63384">
        <ele>4.0</ele>
      </trkpt>
      <trkpt lat="35.4649" lon="139.6341">
        <ele>4.5</ele>
      </trkpt>
      <trkpt lat="35.465" lon="139.63425">
        <ele>4.7</ele>
      </trkpt>
      <trkpt lat="35.46512" lon="139.63439">
        <ele>4.9</ele>
      </trkpt>
      <trkpt lat="35.46533" lon="139.63467">
        <ele>5.4</ele>
      </trkpt>
      <trkpt lat="35.46533" lon="139.63467">
        <ele>5.4</ele>
      </trkpt>
      <trkpt lat="35.4655" lon="139.63492">
        <ele>5.8</ele>
      </trkpt>
      <trkpt lat="35.46575" lon="139.63538">
        <ele>7.4</ele>
      </trkpt>
      <trkpt lat="35.46594" lon="139.63584">
        <ele>5.4</ele>
      </trkpt>
      <trkpt lat="35.46604" lon="139.63612">
        <ele>3.6</ele>
      </trkpt>
      <trkpt lat="35.46604" lon="139.63612">
        <ele>3.6</ele>
      </trkpt>
      <trkpt lat="35.4661" lon="139.63628">
        <ele>2.9</ele>
      </trkpt>
      <trkpt lat="35.4661" lon="139.6364">
        <ele>2.4</ele>
      </trkpt>
      <trkpt lat="35.46687" lon="139.636">
        <ele>3.0</ele>
      </trkpt>
      <trkpt lat="35.46763" lon="139.6356">
        <ele>5.5</ele>
      </trkpt>
      <trkpt lat="35.46839" lon="139.6352">
        <ele>4.0</ele>
      </trkpt>
      <trkpt lat="35.46845" lon="139.63517">
        <ele>3.9</ele>
      </trkpt>
      <trkpt lat="35.46845" lon="139.63517">
        <ele>3.9</ele>
      </trkpt>
      <trkpt lat="35.46873" lon="139.63503">
        <ele>3.4</ele>
      </trkpt>
      <trkpt lat="35.46879" lon="139.63499">
        <ele>3.3</ele>
      </trkpt>
      <trkpt lat="35.46889" lon="139.63492">
        <ele>3.1</ele>
      </trkpt>
      <trkpt lat="35.46902" lon="139.63477">
        <ele>3.2</ele>
      </trkpt>
      <trkpt lat="35.46945" lon="139.63418">
        <ele>4.0</ele>
      </trkpt>
      <trkpt lat="35.46988" lon="139.63359">
        <ele>4.6</ele>
      </trkpt>
      <trkpt lat="35.46988" lon="139.63359">
        <ele>4.6</ele>
      </trkpt>
      <trkpt lat="35.47046" lon="139.63281">
        <ele>5.3</ele>
      </trkpt>
      <trkpt lat="35.47104" lon="139.63203">
        <ele>8.0</ele>
      </trkpt>
      <trkpt lat="35.47104" lon="139.63203">
        <ele>8.0</ele>
      </trkpt>
      <trkpt lat="35.47131" lon="139.63167">
        <ele>9.6</ele>
      </trkpt>
      <trkpt lat="35.47153" lon="139.63142">
        <ele>10.0</ele>
      </trkpt>
      <trkpt lat="35.47164" lon="139.63153">
        <ele>10.1</ele>
      </trkpt>
      <trkpt lat="35.47164" lon="139.63153">
        <ele>10.1</ele>
      </trkpt>
      <trkpt lat="35.47219" lon="139.63207">
        <ele>9.7</ele>
      </trkpt>
      <trkpt lat="35.4723" lon="139.63219">
        <ele>9.6</ele>
      </trkpt>
      <trkpt lat="35.47264" lon="139.63252">
        <ele>9.4</ele>
      </trkpt>
      <trkpt lat="35.47284" lon="139.6327">
        <ele>8.2</ele>
      </trkpt>
      <trkpt lat="35.47284" lon="139.6327">
        <ele>8.2</ele>
      </trkpt>
      <trkpt lat="35.47339" lon="139.63317">
        <ele>7.4</ele>
      </trkpt>
      <trkpt lat="35.47393" lon="139.63365">
        <ele>11.1</ele>
      </trkpt>
      <trkpt lat="35.47447" lon="139.63413">
        <ele>10.4</ele>
      </trkpt>
      <trkpt lat="35.47447" lon="139.63413">
        <ele>10.4</ele>
      </trkpt>
      <trkpt lat="35.47492" lon="139.63454">
        <ele>9.3</ele>
      </trkpt>
      <trkpt lat="35.47551" lon="139.6351">
        <ele>10.0</ele>
      </trkpt>
      <trkpt lat="35.47587" lon="139.63542">
        <ele>9.0</ele>
      </trkpt>
      <trkpt lat="35.47587" lon="139.63542">
        <ele>9.0</ele>
      </trkpt>
      <trkpt lat="35.47651" lon="139.63602">
        <ele>7.3</ele>
      </trkpt>
      <trkpt lat="35.47715" lon="139.63662">
        <ele>6.1</ele>
      </trkpt>
      <trkpt lat="35.47776" lon="139.63725">
        <ele>6.7</ele>
      </trkpt>
      <trkpt lat="35.47776" lon="139.63725">
        <ele>6.7</ele>
      </trkpt>
      <trkpt lat="35.47817" lon="139.63767">
        <ele>8.2</ele>
      </trkpt>
      <trkpt lat="35.47873" lon="139.63822">
        <ele>7.6</ele>
      </trkpt>
      <trkpt lat="35.47907" lon="139.63853">
        <ele>6.7</ele>
      </trkpt>
      <trkpt lat="35.47907" lon="139.63853">
        <ele>6.7</ele>
      </trkpt>
      <trkpt lat="35.47944" lon="139.63887">
        <ele>7.9</ele>
      </trkpt>
      <trkpt lat="35.47999" lon="139.63949">
        <ele>8.8</ele>
      </trkpt>
      <trkpt lat="35.48031" lon="139.63988">
        <ele>8.1</ele>
      </trkpt>
      <trkpt lat="35.48031" lon="139.63988">
        <ele>8.1</ele>
      </trkpt>
      <trkpt lat="35.48059" lon="139.64023">
        <ele>8.6</ele>
      </trkpt>
      <trkpt lat="35.48115" lon="139.64088">
        <ele>11.2</ele>
      </trkpt>
      <trkpt lat="35.48122" lon="139.64095">
        <ele>11.2</ele>
      </trkpt>
      <trkpt lat="35.48144" lon="139.64123">
        <ele>11.2</ele>
      </trkpt>
      <trkpt lat="35.48157" lon="139.64142">
        <ele>11.6</ele>
      </trkpt>
      <trkpt lat="35.48157" lon="139.64142">
        <ele>11.6</ele>
      </trkpt>
      <trkpt lat="35.48191" lon="139.64193">
        <ele>11.2</ele>
      </trkpt>
      <trkpt lat="35.4822" lon="139.6424">
        <ele>11.3</ele>
      </trkpt>
      <trkpt lat="35.4825" lon="139.64287">
        <ele>12.6</ele>
      </trkpt>
      <trkpt lat="35.48269" lon="139.64315">
        <ele>12.3</ele>
      </trkpt>
      <trkpt lat="35.48269" lon="139.64315">
        <ele>12.3</ele>
      </trkpt>
      <trkpt lat="35.48326" lon="139.64396">
        <ele>9.8</ele>
      </trkpt>
      <trkpt lat="35.48353" lon="139.64437">
        <ele>8.1</ele>
      </trkpt>
      <trkpt lat="35.48369" lon="139.64466">
        <ele>7.8</ele>
      </trkpt>
      <trkpt lat="35.48406" lon="139.64535">
        <ele>9.5</ele>
      </trkpt>
      <trkpt lat="35.48406" lon="139.64535">
        <ele>9.5</ele>
      </trkpt>
      <trkpt lat="35.48414" lon="139.64552">
        <ele>10.1</ele>
      </trkpt>
      <trkpt lat="35.48435" lon="139.6461">
        <ele>10.0</ele>
      </trkpt>
      <trkpt lat="35.48437" lon="139.64615">
        <ele>9.9</ele>
      </trkpt>
      <trkpt lat="35.48457" lon="139.64677">
        <ele>8.5</ele>
      </trkpt>
      <trkpt lat="35.48457" lon="139.64677">
        <ele>8.5</ele>
      </trkpt>
      <trkpt lat="35.48462" lon="139.64698">
        <ele>8.4</ele>
      </trkpt>
      <trkpt lat="35.48476" lon="139.64788">
        <ele>8.8</ele>
      </trkpt>
      <trkpt lat="35.4849" lon="139.64877">
        <ele>8.1</ele>
      </trkpt>
      <trkpt lat="35.48504" lon="139.64966">
        <ele>7.4</ele>
      </trkpt>
      <trkpt lat="35.48506" lon="139.64983">
        <ele>7.3</ele>
      </trkpt>
      <trkpt lat="35.48506" lon="139.64983">
        <ele>7.3</ele>
      </trkpt>
      <trkpt lat="35.48522" lon="139.65078">
        <ele>6.7</ele>
      </trkpt>
      <trkpt lat="35.48531" lon="139.65147">
        <ele>8.3</ele>
      </trkpt>
      <trkpt lat="35.4854" lon="139.65216">
        <ele>11.9</ele>
      </trkpt>
      <trkpt lat="35.4855" lon="139.65277">
        <ele>12.3</ele>
      </trkpt>
      <trkpt lat="35.48561" lon="139.65314">
        <ele>9.9</ele>
      </trkpt>
      <trkpt lat="35.48561" lon="139.65314">
        <ele>9.9</ele>
      </trkpt>
      <trkpt lat="35.48587" lon="139.654">
        <ele>5.9</ele>
      </trkpt>
      <trkpt lat="35.48613" lon="139.65485">
        <ele>8.3</ele>
      </trkpt>
      <trkpt lat="35.48643" lon="139.65587">
        <ele>7.2</ele>
      </trkpt>
      <trkpt lat="35.48647" lon="139.65601">
        <ele>6.7</ele>
      </trkpt>
      <trkpt lat="35.48668" lon="139.65645">
        <ele>4.8</ele>
      </trkpt>
      <trkpt lat="35.48682" lon="139.65669">
        <ele>4.1</ele>
      </trkpt>
      <trkpt lat="35.48693" lon="139.65686">
        <ele>3.6</ele>
      </trkpt>
      <trkpt lat="35.48693" lon="139.65686">
        <ele>3.6</ele>
      </trkpt>
      <trkpt lat="35.48704" lon="139.65702">
        <ele>3.2</ele>
      </trkpt>
      <trkpt lat="35.48723" lon="139.65725">
        <ele>2.6</ele>
      </trkpt>
      <trkpt lat="35.48761" lon="139.65762">
        <ele>2.0</ele>
      </trkpt>
      <trkpt lat="35.48779" lon="139.65783">
        <ele>2.1</ele>
      </trkpt>
      <trkpt lat="35.48805" lon="139.65819">
        <ele>2.6</ele>
      </trkpt>
      <trkpt lat="35.48853" lon="139.65903">
        <ele>7.1</ele>
      </trkpt>
      <trkpt lat="35.48887" lon="139.65963">
        <ele>8.7</ele>
      </trkpt>
      <trkpt lat="35.4892" lon="139.66023">
        <ele>8.1</ele>
      </trkpt>
      <trkpt lat="35.48929" lon="139.66039">
        <ele>7.1</ele>
      </trkpt>
      <trkpt lat="35.48953" lon="139.66071">
        <ele>4.5</ele>
      </trkpt>
      <trkpt lat="35.48989" lon="139.66115">
        <ele>1.1</ele>
      </trkpt>
      <trkpt lat="35.48989" lon="139.66115">
        <ele>1.1</ele>
      </trkpt>
      <trkpt lat="35.49029" lon="139.66171">
        <ele>2.2</ele>
      </trkpt>
      <trkpt lat="35.49062" lon="139.66212">
        <ele>4.5</ele>
      </trkpt>
      <trkpt lat="35.49095" lon="139.66253">
        <ele>4.9</ele>
      </trkpt>
      <trkpt lat="35.49129" lon="139.66303">
        <ele>4.7</ele>
      </trkpt>
      <trkpt lat="35.49148" lon="139.66339">
        <ele>4.5</ele>
      </trkpt>
      <trkpt lat="35.49176" lon="139.66388">
        <ele>4.8</ele>
      </trkpt>
      <trkpt lat="35.49197" lon="139.66421">
        <ele>4.7</ele>
      </trkpt>
      <trkpt lat="35.49197" lon="139.66421">
        <ele>4.7</ele>
      </trkpt>
      <trkpt lat="35.49214" lon="139.66449">
        <ele>3.1</ele>
      </trkpt>
      <trkpt lat="35.49253" lon="139.6652">
        <ele>1.3</ele>
      </trkpt>
      <trkpt lat="35.49291" lon="139.66591">
        <ele>3.3</ele>
      </trkpt>
      <trkpt lat="35.49313" lon="139.6663">
        <ele>3.0</ele>
      </trkpt>
      <trkpt lat="35.49322" lon="139.66641">
        <ele>2.8</ele>
      </trkpt>
      <trkpt lat="35.49322" lon="139.66641">
        <ele>2.8</ele>
      </trkpt>
      <trkpt lat="35.49352" lon="139.66681">
        <ele>3.2</ele>
      </trkpt>
      <trkpt lat="35.49406" lon="139.66745">
        <ele>3.6</ele>
      </trkpt>
      <trkpt lat="35.4946" lon="139.66809">
        <ele>4.0</ele>
      </trkpt>
      <trkpt lat="35.4946" lon="139.66809">
        <ele>4.0</ele>
      </trkpt>
      <trkpt lat="35.49504" lon="139.66861">
        <ele>3.7</ele>
      </trkpt>
      <trkpt lat="35.49548" lon="139.66914">
        <ele>3.1</ele>
      </trkpt>
      <trkpt lat="35.49592" lon="139.66966">
        <ele>3.0</ele>
      </trkpt>
      <trkpt lat="35.49592" lon="139.66966">
        <ele>3.0</ele>
      </trkpt>
      <trkpt lat="35.4965" lon="139.67034">
        <ele>6.9</ele>
      </trkpt>
      <trkpt lat="35.49708" lon="139.67102">
        <ele>6.3</ele>
      </trkpt>
      <trkpt lat="35.49708" lon="139.67102">
        <ele>6.3</ele>
      </trkpt>
      <trkpt lat="35.49763" lon="139.67167">
        <ele>4.3</ele>
      </trkpt>
      <trkpt lat="35.49817" lon="139.67231">
        <ele>6.2</ele>
      </trkpt>
      <trkpt lat="35.49872" lon="139.67295">
        <ele>3.8</ele>
      </trkpt>
      <trkpt lat="35.49927" lon="139.6736">
        <ele>1.9</ele>
      </trkpt>
      <trkpt lat="35.49945" lon="139.67379">
        <ele>2.4</ele>
      </trkpt>
      <trkpt lat="35.49955" lon="139.67387">
        <ele>2.5</ele>
      </trkpt>
      <trkpt lat="35.50027" lon="139.6745">
        <ele>3.6</ele>
      </trkpt>
      <trkpt lat="35.501" lon="139.67513">
        <ele>7.2</ele>
      </trkpt>
      <trkpt lat="35.501" lon="139.67513">
        <ele>7.2</ele>
      </trkpt>
      <trkpt lat="35.50159" lon="139.67564">
        <ele>9.2</ele>
      </trkpt>
      <trkpt lat="35.50218" lon="139.67616">
        <ele>6.7</ele>
      </trkpt>
      <trkpt lat="35.50218" lon="139.67616">
        <ele>6.7</ele>
      </trkpt>
      <trkpt lat="35.50281" lon="139.67671">
        <ele>5.8</ele>
      </trkpt>
      <trkpt lat="35.50344" lon="139.67726">
        <ele>6.1</ele>
      </trkpt>
      <trkpt lat="35.50344" lon="139.67726">
        <ele>6.1</ele>
      </trkpt>
      <trkpt lat="35.50386" lon="139.67762">
        <ele>6.0</ele>
      </trkpt>
      <trkpt lat="35.50427" lon="139.67798">
        <ele>5.3</ele>
      </trkpt>
      <trkpt lat="35.50427" lon="139.67798">
        <ele>5.3</ele>
      </trkpt>
      <trkpt lat="35.50468" lon="139.67834">
        <ele>4.0</ele>
      </trkpt>
      <trkpt lat="35.5051" lon="139.6787">
        <ele>3.2</ele>
      </trkpt>
      <trkpt lat="35.50546" lon="139.67907">
        <ele>1.4</ele>
      </trkpt>
      <trkpt lat="35.50568" lon="139.67923">
        <ele>0.7</ele>
      </trkpt>
      <trkpt lat="35.50568" lon="139.67923">
        <ele>0.7</ele>
      </trkpt>
      <trkpt lat="35.50621" lon="139.6796">
        <ele>3.7</ele>
      </trkpt>
      <trkpt lat="35.50674" lon="139.67997">
        <ele>4.2</ele>
      </trkpt>
      <trkpt lat="35.50674" lon="139.67997">
        <ele>4.2</ele>
      </trkpt>
      <trkpt lat="35.50705" lon="139.68018">
        <ele>5.1</ele>
      </trkpt>
      <trkpt lat="35.50781" lon="139.68074">
        <ele>10.6</ele>
      </trkpt>
      <trkpt lat="35.50842" lon="139.68126">
        <ele>10.9</ele>
      </trkpt>
      <trkpt lat="35.50864" lon="139.68148">
        <ele>10.4</ele>
      </trkpt>
      <trkpt lat="35.50885" lon="139.6818">
        <ele>10.0</ele>
      </trkpt>
      <trkpt lat="35.50885" lon="139.6818">
        <ele>10.0</ele>
      </trkpt>
      <trkpt lat="35.50909" lon="139.68214">
        <ele>8.4</ele>
      </trkpt>
      <trkpt lat="35.50925" lon="139.6823">
        <ele>7.0</ele>
      </trkpt>
      <trkpt lat="35.50927" lon="139.68239">
        <ele>6.3</ele>
      </trkpt>
      <trkpt lat="35.50944" lon="139.68253">
        <ele>4.9</ele>
      </trkpt>
      <trkpt lat="35.50944" lon="139.68253">
        <ele>4.9</ele>
      </trkpt>
      <trkpt lat="35.50993" lon="139.68296">
        <ele>1.1</ele>
      </trkpt>
      <trkpt lat="35.51042" lon="139.68338">
        <ele>0.7</ele>
      </trkpt>
      <trkpt lat="35.51042" lon="139.68338">
        <ele>0.7</ele>
      </trkpt>
      <trkpt lat="35.51078" lon="139.68369">
        <ele>2.7</ele>
      </trkpt>
      <trkpt lat="35.51143" lon="139.68418">
        <ele>3.3</ele>
      </trkpt>
      <trkpt lat="35.51154" lon="139.68428">
        <ele>3.2</ele>
      </trkpt>
      <trkpt lat="35.51154" lon="139.68428">
        <ele>3.2</ele>
      </trkpt>
      <trkpt lat="35.51196" lon="139.68468">
        <ele>3.0</ele>
      </trkpt>
      <trkpt lat="35.51221" lon="139.68489">
        <ele>2.8</ele>
      </trkpt>
      <trkpt lat="35.51281" lon="139.68531">
        <ele>2.6</ele>
      </trkpt>
      <trkpt lat="35.51281" lon="139.68531">
        <ele>2.6</ele>
      </trkpt>
      <trkpt lat="35.51338" lon="139.6857">
        <ele>2.3</ele>
      </trkpt>
      <trkpt lat="35.51379" lon="139.68595">
        <ele>2.2</ele>
      </trkpt>
      <trkpt lat="35.51423" lon="139.68619">
        <ele>0.6</ele>
      </trkpt>
      <trkpt lat="35.51423" lon="139.68619">
        <ele>0.6</ele>
      </trkpt>
      <trkpt lat="35.51443" lon="139.6863">
        <ele>0.8</ele>
      </trkpt>
      <trkpt lat="35.51469" lon="139.68641">
        <ele>0.9</ele>
      </trkpt>
      <trkpt lat="35.51519" lon="139.68672">
        <ele>1.7</ele>
      </trkpt>
      <trkpt lat="35.51545" lon="139.68689">
        <ele>2.3</ele>
      </trkpt>
      <trkpt lat="35.51545" lon="139.68689">
        <ele>2.3</ele>
      </trkpt>
      <trkpt lat="35.51621" lon="139.68741">
        <ele>3.4</ele>
      </trkpt>
      <trkpt lat="35.5165" lon="139.6876">
        <ele>4.0</ele>
      </trkpt>
      <trkpt lat="35.5165" lon="139.6876">
        <ele>4.0</ele>
      </trkpt>
      <trkpt lat="35.51695" lon="139.68789">
        <ele>3.9</ele>
      </trkpt>
      <trkpt lat="35.5174" lon="139.68819">
        <ele>4.8</ele>
      </trkpt>
      <trkpt lat="35.5174" lon="139.68819">
        <ele>4.8</ele>
      </trkpt>
      <trkpt lat="35.51802" lon="139.6886">
        <ele>3.7</ele>
      </trkpt>
      <trkpt lat="35.51864" lon="139.68901">
        <ele>2.5</ele>
      </trkpt>
      <trkpt lat="35.51864" lon="139.68901">
        <ele>2.5</ele>
      </trkpt>
      <trkpt lat="35.51903" lon="139.68927">
        <ele>3.3</ele>
      </trkpt>
      <trkpt lat="35.51953" lon="139.68962">
        <ele>3.0</ele>
      </trkpt>
      <trkpt lat="35.51982" lon="139.68987">
        <ele>2.9</ele>
      </trkpt>
      <trkpt lat="35.51995" lon="139.68999">
        <ele>2.9</ele>
      </trkpt>
      <trkpt lat="35.51995" lon="139.68999">
        <ele>2.9</ele>
      </trkpt>
      <trkpt lat="35.52011" lon="139.69014">
        <ele>3.2</ele>
      </trkpt>
      <trkpt lat="35.52018" lon="139.69023">
        <ele>3.4</ele>
      </trkpt>
      <trkpt lat="35.52043" lon="139.69055">
        <ele>4.3</ele>
      </trkpt>
      <trkpt lat="35.52059" lon="139.6908">
        <ele>5.3</ele>
      </trkpt>
      <trkpt lat="35.52096" lon="139.69148">
        <ele>8.0</ele>
      </trkpt>
      <trkpt lat="35.5213" lon="139.69213">
        <ele>6.1</ele>
      </trkpt>
      <trkpt lat="35.5214" lon="139.69232">
        <ele>5.6</ele>
      </trkpt>
      <trkpt lat="35.52159" lon="139.69266">
        <ele>5.4</ele>
      </trkpt>
      <trkpt lat="35.5218" lon="139.69308">
        <ele>5.2</ele>
      </trkpt>
      <trkpt lat="35.52217" lon="139.69375">
        <ele>7.5</ele>
      </trkpt>
      <trkpt lat="35.52254" lon="139.69445">
        <ele>6.9</ele>
      </trkpt>
      <trkpt lat="35.52254" lon="139.69445">
        <ele>6.9</ele>
      </trkpt>
      <trkpt lat="35.52268" lon="139.69472">
        <ele>5.0</ele>
      </trkpt>
      <trkpt lat="35.52309" lon="139.69555">
        <ele>4.1</ele>
      </trkpt>
      <trkpt lat="35.52309" lon="139.69555">
        <ele>4.1</ele>
      </trkpt>
      <trkpt lat="35.52343" lon="139.69618">
        <ele>5.8</ele>
      </trkpt>
      <trkpt lat="35.52376" lon="139.69681">
        <ele>9.0</ele>
      </trkpt>
      <trkpt lat="35.52376" lon="139.69681">
        <ele>9.0</ele>
      </trkpt>
      <trkpt lat="35.52401" lon="139.69728">
        <ele>9.2</ele>
      </trkpt>
      <trkpt lat="35.52427" lon="139.69775">
        <ele>8.4</ele>
      </trkpt>
      <trkpt lat="35.52427" lon="139.69775">
        <ele>8.4</ele>
      </trkpt>
      <trkpt lat="35.52453" lon="139.69824">
        <ele>6.9</ele>
      </trkpt>
      <trkpt lat="35.52479" lon="139.69874">
        <ele>6.9</ele>
      </trkpt>
      <trkpt lat="35.52479" lon="139.69874">
        <ele>6.9</ele>
      </trkpt>
      <trkpt lat="35.52506" lon="139.69922">
        <ele>8.1</ele>
      </trkpt>
      <trkpt lat="35.52532" lon="139.69971">
        <ele>10.1</ele>
      </trkpt>
      <trkpt lat="35.52532" lon="139.69971">
        <ele>10.1</ele>
      </trkpt>
      <trkpt lat="35.52561" lon="139.70025">
        <ele>12.9</ele>
      </trkpt>
      <trkpt lat="35.5259" lon="139.7008">
        <ele>16.0</ele>
      </trkpt>
      <trkpt lat="35.5259" lon="139.7008">
        <ele>16.0</ele>
      </trkpt>
      <trkpt lat="35.52625" lon="139.70145">
        <ele>13.2</ele>
      </trkpt>
      <trkpt lat="35.52651" lon="139.70186">
        <ele>13.2</ele>
      </trkpt>
      <trkpt lat="35.52651" lon="139.70186">
        <ele>13.2</ele>
      </trkpt>
      <trkpt lat="35.52676" lon="139.70222">
        <ele>14.6</ele>
      </trkpt>
      <trkpt lat="35.52685" lon="139.70234">
        <ele>15.1</ele>
      </trkpt>
      <trkpt lat="35.52701" lon="139.7025">
        <ele>16.1</ele>
      </trkpt>
      <trkpt lat="35.52729" lon="139.70271">
        <ele>16.4</ele>
      </trkpt>
      <trkpt lat="35.52729" lon="139.70271">
        <ele>16.4</ele>
      </trkpt>
      <trkpt lat="35.52772" lon="139.70302">
        <ele>15.2</ele>
      </trkpt>
      <trkpt lat="35.52816" lon="139.70334">
        <ele>15.3</ele>
      </trkpt>
      <trkpt lat="35.52816" lon="139.70334">
        <ele>15.3</ele>
      </trkpt>
      <trkpt lat="35.52856" lon="139.70363">
        <ele>16.0</ele>
      </trkpt>
      <trkpt lat="35.52897" lon="139.70393">
        <ele>16.9</ele>
      </trkpt>
      <trkpt lat="35.52897" lon="139.70393">
        <ele>16.9</ele>
      </trkpt>
      <trkpt lat="35.52959" lon="139.70437">
        <ele>14.8</ele>
      </trkpt>
      <trkpt lat="35.52959" lon="139.70437">
        <ele>14.8</ele>
      </trkpt>
      <trkpt lat="35.53026" lon="139.70485">
        <ele>12.0</ele>
      </trkpt>
      <trkpt lat="35.53026" lon="139.70485">
        <ele>12.0</ele>
      </trkpt>
      <trkpt lat="35.53094" lon="139.70532">
        <ele>11.7</ele>
      </trkpt>
      <trkpt lat="35.53094" lon="139.70532">
        <ele>11.7</ele>
      </trkpt>
      <trkpt lat="35.53164" lon="139.70583">
        <ele>11.0</ele>
      </trkpt>
      <trkpt lat="35.5322" lon="139.70624">
        <ele>6.6</ele>
      </trkpt>
      <trkpt lat="35.53244" lon="139.70638">
        <ele>5.5</ele>
      </trkpt>
      <trkpt lat="35.53244" lon="139.70638">
        <ele>5.5</ele>
      </trkpt>
      <trkpt lat="35.53257" lon="139.70645">
        <ele>5.3</ele>
      </trkpt>
      <trkpt lat="35.53297" lon="139.70678">
        <ele>5.7</ele>
      </trkpt>
      <trkpt lat="35.53297" lon="139.70678">
        <ele>5.7</ele>
      </trkpt>
      <trkpt lat="35.53351" lon="139.70719">
        <ele>6.6</ele>
      </trkpt>
      <trkpt lat="35.53351" lon="139.70719">
        <ele>6.6</ele>
      </trkpt>
      <trkpt lat="35.53363" lon="139.70728">
        <ele>7.1</ele>
      </trkpt>
      <trkpt lat="35.53385" lon="139.70742">
        <ele>8.3</ele>
      </trkpt>
      <trkpt lat="35.53407" lon="139.70753">
        <ele>9.4</ele>
      </trkpt>
      <trkpt lat="35.53431" lon="139.70762">
        <ele>9.5</ele>
      </trkpt>
      <trkpt lat="35.53438" lon="139.70762">
        <ele>9.6</ele>
      </trkpt>
      <trkpt lat="35.53438" lon="139.70762">
        <ele>9.6</ele>
      </trkpt>
      <trkpt lat="35.53451" lon="139.70763">
        <ele>9.6</ele>
      </trkpt>
      <trkpt lat="35.53462" lon="139.70766">
        <ele>9.6</ele>
      </trkpt>
      <trkpt lat="35.53462" lon="139.70766">
        <ele>9.6</ele>
      </trkpt>
      <trkpt lat="35.53482" lon="139.70772">
        <ele>9.8</ele>
      </trkpt>
      <trkpt lat="35.53482" lon="139.70772">
        <ele>9.8</ele>
      </trkpt>
      <trkpt lat="35.53508" lon="139.70779">
        <ele>9.9</ele>
      </trkpt>
      <trkpt lat="35.53508" lon="139.70779">
        <ele>9.9</ele>
      </trkpt>
      <trkpt lat="35.53537" lon="139.70788">
        <ele>9.6</ele>
      </trkpt>
      <trkpt lat="35.53537" lon="139.70788">
        <ele>9.6</ele>
      </trkpt>
      <trkpt lat="35.53538" lon="139.70788">
        <ele>9.6</ele>
      </trkpt>
      <trkpt lat="35.53547" lon="139.70786">
        <ele>9.5</ele>
      </trkpt>
      <trkpt lat="35.53543" lon="139.70774">
        <ele>9.7</ele>
      </trkpt>
      <trkpt lat="35.53546" lon="139.70773">
        <ele>9.6</ele>
      </trkpt>
      <trkpt lat="35.53551" lon="139.70784">
        <ele>9.6</ele>
      </trkpt>
      <trkpt lat="35.53551" lon="139.70788">
        <ele>9.6</ele>
      </trkpt>
      <trkpt lat="35.53551" lon="139.70792">
        <ele>9.6</ele>
      </trkpt>
      <trkpt lat="35.53565" lon="139.70795">
        <ele>9.6</ele>
      </trkpt>
      <trkpt lat="35.53565" lon="139.70795">
        <ele>9.6</ele>
      </trkpt>
      <trkpt lat="35.53589" lon="139.708">
        <ele>9.6</ele>
      </trkpt>
      <trkpt lat="35.53608" lon="139.70806">
        <ele>9.6</ele>
      </trkpt>
      <trkpt lat="35.53608" lon="139.70806">
        <ele>9.6</ele>
      </trkpt>
      <trkpt lat="35.53659" lon="139.70816">
        <ele>9.6</ele>
      </trkpt>
      <trkpt lat="35.53659" lon="139.70816">
        <ele>9.6</ele>
      </trkpt>
      <trkpt lat="35.53716" lon="139.70826">
        <ele>9.6</ele>
      </trkpt>
      <trkpt lat="35.53716" lon="139.70826">
        <ele>9.6</ele>
      </trkpt>
      <trkpt lat="35.53773" lon="139.70835">
        <ele>9.5</ele>
      </trkpt>
      <trkpt lat="35.53773" lon="139.70835">
        <ele>9.5</ele>
      </trkpt>
      <trkpt lat="35.5383" lon="139.70845">
        <ele>9.5</ele>
      </trkpt>
      <trkpt lat="35.5383" lon="139.70845">
        <ele>9.5</ele>
      </trkpt>
      <trkpt lat="35.53888" lon="139.70856">
        <ele>9.5</ele>
      </trkpt>
      <trkpt lat="35.53888" lon="139.70856">
        <ele>9.5</ele>
      </trkpt>
      <trkpt lat="35.53936" lon="139.70859">
        <ele>9.4</ele>
      </trkpt>
      <trkpt lat="35.53952" lon="139.70862">
        <ele>9.4</ele>
      </trkpt>
      <trkpt lat="35.53994" lon="139.70869">
        <ele>9.4</ele>
      </trkpt>
      <trkpt lat="35.54029" lon="139.70877">
        <ele>9.4</ele>
      </trkpt>
      <trkpt lat="35.54038" lon="139.7088">
        <ele>9.4</ele>
      </trkpt>
      <trkpt lat="35.54048" lon="139.70882">
        <ele>9.4</ele>
      </trkpt>
      <trkpt lat="35.54053" lon="139.70881">
        <ele>9.4</ele>
      </trkpt>
      <trkpt lat="35.54061" lon="139.70877">
        <ele>9.4</ele>
      </trkpt>
      <trkpt lat="35.54063" lon="139.70874">
        <ele>9.4</ele>
      </trkpt>
      <trkpt lat="35.54064" lon="139.7087">
        <ele>9.4</ele>
      </trkpt>
      <trkpt lat="35.54064" lon="139.70865">
        <ele>9.4</ele>
      </trkpt>
      <trkpt lat="35.54062" lon="139.7086">
        <ele>9.4</ele>
      </trkpt>
      <trkpt lat="35.54057" lon="139.70855">
        <ele>9.4</ele>
      </trkpt>
      <trkpt lat="35.54049" lon="139.70852">
        <ele>9.4</ele>
      </trkpt>
      <trkpt lat="35.54043" lon="139.70851">
        <ele>9.4</ele>
      </trkpt>
      <trkpt lat="35.54032" lon="139.70851">
        <ele>9.4</ele>
      </trkpt>
      <trkpt lat="35.54028" lon="139.70853">
        <ele>9.4</ele>
      </trkpt>
      <trkpt lat="35.54026" lon="139.70856">
        <ele>9.4</ele>
      </trkpt>
      <trkpt lat="35.54024" lon="139.70859">
        <ele>9.4</ele>
      </trkpt>
      <trkpt lat="35.54024" lon="139.70863">
        <ele>9.4</ele>
      </trkpt>
      <trkpt lat="35.54024" lon="139.70863">
        <ele>9.4</ele>
      </trkpt>
      <trkpt lat="35.54024" lon="139.70871">
        <ele>9.3</ele>
      </trkpt>
      <trkpt lat="35.54027" lon="139.70916">
        <ele>8.7</ele>
      </trkpt>
      <trkpt lat="35.54027" lon="139.70916">
        <ele>8.7</ele>
      </trkpt>
      <trkpt lat="35.54048" lon="139.70925">
        <ele>8.3</ele>
      </trkpt>
      <trkpt lat="35.5405" lon="139.70925">
        <ele>8.2</ele>
      </trkpt>
      <trkpt lat="35.54056" lon="139.70928">
        <ele>8.1</ele>
      </trkpt>
      <trkpt lat="35.54056" lon="139.70928">
        <ele>8.1</ele>
      </trkpt>
      <trkpt lat="35.5407" lon="139.70895">
        <ele>8.4</ele>
      </trkpt>
      <trkpt lat="35.5407" lon="139.70895">
        <ele>8.4</ele>
      </trkpt>
      <trkpt lat="35.54103" lon="139.70918">
        <ele>7.5</ele>
      </trkpt>
      <trkpt lat="35.54103" lon="139.70918">
        <ele>7.5</ele>
      </trkpt>
      <trkpt lat="35.54143" lon="139.70944">
        <ele>5.9</ele>
      </trkpt>
      <trkpt lat="35.54143" lon="139.70944">
        <ele>5.9</ele>
      </trkpt>
      <trkpt lat="35.54193" lon="139.70979">
        <ele>5.1</ele>
      </trkpt>
      <trkpt lat="35.54193" lon="139.70979">
        <ele>5.1</ele>
      </trkpt>
      <trkpt lat="35.5421" lon="139.70989">
        <ele>5.5</ele>
      </trkpt>
      <trkpt lat="35.54247" lon="139.71017">
        <ele>6.9</ele>
      </trkpt>
      <trkpt lat="35.54247" lon="139.71017">
        <ele>6.9</ele>
      </trkpt>
      <trkpt lat="35.54253" lon="139.71021">
        <ele>6.9</ele>
      </trkpt>
      <trkpt lat="35.54259" lon="139.7103">
        <ele>6.8</ele>
      </trkpt>
      <trkpt lat="35.54264" lon="139.71041">
        <ele>6.7</ele>
      </trkpt>
      <trkpt lat="35.54282" lon="139.71055">
        <ele>6.5</ele>
      </trkpt>
      <trkpt lat="35.54282" lon="139.71055">
        <ele>6.5</ele>
      </trkpt>
      <trkpt lat="35.54352" lon="139.71112">
        <ele>7.1</ele>
      </trkpt>
      <trkpt lat="35.54352" lon="139.71112">
        <ele>7.1</ele>
      </trkpt>
      <trkpt lat="35.5439" lon="139.71142">
        <ele>6.9</ele>
      </trkpt>
      <trkpt lat="35.54427" lon="139.71173">
        <ele>6.1</ele>
      </trkpt>
      <trkpt lat="35.54427" lon="139.71173">
        <ele>6.1</ele>
      </trkpt>
      <trkpt lat="35.54496" lon="139.71228">
        <ele>7.3</ele>
      </trkpt>
      <trkpt lat="35.54496" lon="139.71228">
        <ele>7.3</ele>
      </trkpt>
      <trkpt lat="35.54534" lon="139.71258">
        <ele>7.6</ele>
      </trkpt>
      <trkpt lat="35.54573" lon="139.71287">
        <ele>7.4</ele>
      </trkpt>
      <trkpt lat="35.54573" lon="139.71287">
        <ele>7.4</ele>
      </trkpt>
      <trkpt lat="35.54645" lon="139.71341">
        <ele>5.8</ele>
      </trkpt>
      <trkpt lat="35.54645" lon="139.71341">
        <ele>5.8</ele>
      </trkpt>
      <trkpt lat="35.54684" lon="139.71372">
        <ele>5.2</ele>
      </trkpt>
      <trkpt lat="35.54724" lon="139.71402">
        <ele>4.1</ele>
      </trkpt>
      <trkpt lat="35.54724" lon="139.71402">
        <ele>4.1</ele>
      </trkpt>
      <trkpt lat="35.548" lon="139.7146">
        <ele>7.1</ele>
      </trkpt>
      <trkpt lat="35.548" lon="139.7146">
        <ele>7.1</ele>
      </trkpt>
      <trkpt lat="35.54876" lon="139.71517">
        <ele>10.0</ele>
      </trkpt>
      <trkpt lat="35.54876" lon="139.71517">
        <ele>10.0</ele>
      </trkpt>
      <trkpt lat="35.54951" lon="139.71573">
        <ele>8.3</ele>
      </trkpt>
      <trkpt lat="35.54951" lon="139.71573">
        <ele>8.3</ele>
      </trkpt>
      <trkpt lat="35.54992" lon="139.71603">
        <ele>8.2</ele>
      </trkpt>
      <trkpt lat="35.55033" lon="139.71634">
        <ele>7.3</ele>
      </trkpt>
      <trkpt lat="35.55033" lon="139.71634">
        <ele>7.3</ele>
      </trkpt>
      <trkpt lat="35.55075" lon="139.71665">
        <ele>6.9</ele>
      </trkpt>
      <trkpt lat="35.55117" lon="139.71697">
        <ele>7.5</ele>
      </trkpt>
      <trkpt lat="35.55117" lon="139.71697">
        <ele>7.5</ele>
      </trkpt>
      <trkpt lat="35.55157" lon="139.71727">
        <ele>7.5</ele>
      </trkpt>
      <trkpt lat="35.55197" lon="139.71757">
        <ele>7.0</ele>
      </trkpt>
      <trkpt lat="35.55197" lon="139.71757">
        <ele>7.0</ele>
      </trkpt>
      <trkpt lat="35.55263" lon="139.71806">
        <ele>7.8</ele>
      </trkpt>
      <trkpt lat="35.55277" lon="139.71817">
        <ele>8.1</ele>
      </trkpt>
      <trkpt lat="35.55277" lon="139.71817">
        <ele>8.1</ele>
      </trkpt>
      <trkpt lat="35.55309" lon="139.7184">
        <ele>8.6</ele>
      </trkpt>
      <trkpt lat="35.55357" lon="139.71873">
        <ele>8.0</ele>
      </trkpt>
      <trkpt lat="35.55357" lon="139.71873">
        <ele>8.0</ele>
      </trkpt>
      <trkpt lat="35.55388" lon="139.71892">
        <ele>7.0</ele>
      </trkpt>
      <trkpt lat="35.5541" lon="139.71907">
        <ele>6.3</ele>
      </trkpt>
      <trkpt lat="35.55435" lon="139.71926">
        <ele>6.5</ele>
      </trkpt>
      <trkpt lat="35.55435" lon="139.71926">
        <ele>6.5</ele>
      </trkpt>
      <trkpt lat="35.55454" lon="139.71942">
        <ele>7.3</ele>
      </trkpt>
      <trkpt lat="35.55518" lon="139.7199">
        <ele>10.1</ele>
      </trkpt>
      <trkpt lat="35.55518" lon="139.7199">
        <ele>10.1</ele>
      </trkpt>
      <trkpt lat="35.55576" lon="139.72034">
        <ele>7.8</ele>
      </trkpt>
      <trkpt lat="35.55588" lon="139.72039">
        <ele>7.5</ele>
      </trkpt>
      <trkpt lat="35.55606" lon="139.72051">
        <ele>7.3</ele>
      </trkpt>
      <trkpt lat="35.55606" lon="139.72051">
        <ele>7.3</ele>
      </trkpt>
      <trkpt lat="35.5563" lon="139.72067">
        <ele>7.1</ele>
      </trkpt>
      <trkpt lat="35.55673" lon="139.721">
        <ele>7.6</ele>
      </trkpt>
      <trkpt lat="35.55673" lon="139.721">
        <ele>7.6</ele>
      </trkpt>
      <trkpt lat="35.55706" lon="139.72124">
        <ele>8.9</ele>
      </trkpt>
      <trkpt lat="35.55759" lon="139.72161">
        <ele>9.0</ele>
      </trkpt>
      <trkpt lat="35.55759" lon="139.72161">
        <ele>9.0</ele>
      </trkpt>
      <trkpt lat="35.55769" lon="139.7217">
        <ele>8.7</ele>
      </trkpt>
      <trkpt lat="35.55791" lon="139.72187">
        <ele>8.4</ele>
      </trkpt>
      <trkpt lat="35.55821" lon="139.72206">
        <ele>8.1</ele>
      </trkpt>
      <trkpt lat="35.55831" lon="139.72213">
        <ele>8.0</ele>
      </trkpt>
      <trkpt lat="35.55831" lon="139.72213">
        <ele>8.0</ele>
      </trkpt>
      <trkpt lat="35.55867" lon="139.7224">
        <ele>8.0</ele>
      </trkpt>
      <trkpt lat="35.55893" lon="139.72261">
        <ele>8.2</ele>
      </trkpt>
      <trkpt lat="35.55893" lon="139.72261">
        <ele>8.2</ele>
      </trkpt>
      <trkpt lat="35.55957" lon="139.7231">
        <ele>8.2</ele>
      </trkpt>
      <trkpt lat="35.5597" lon="139.72322">
        <ele>7.6</ele>
      </trkpt>
      <trkpt lat="35.55985" lon="139.7234">
        <ele>6.6</ele>
      </trkpt>
      <trkpt lat="35.55985" lon="139.7234">
        <ele>6.6</ele>
      </trkpt>
      <trkpt lat="35.55993" lon="139.7235">
        <ele>6.3</ele>
      </trkpt>
      <trkpt lat="35.56005" lon="139.72369">
        <ele>6.0</ele>
      </trkpt>
      <trkpt lat="35.56031" lon="139.72392">
        <ele>6.0</ele>
      </trkpt>
      <trkpt lat="35.56045" lon="139.72403">
        <ele>5.7</ele>
      </trkpt>
      <trkpt lat="35.56045" lon="139.72403">
        <ele>5.7</ele>
      </trkpt>
      <trkpt lat="35.56109" lon="139.72452">
        <ele>9.0</ele>
      </trkpt>
      <trkpt lat="35.56109" lon="139.72452">
        <ele>9.0</ele>
      </trkpt>
      <trkpt lat="35.5613" lon="139.72468">
        <ele>8.8</ele>
      </trkpt>
      <trkpt lat="35.56148" lon="139.72482">
        <ele>8.6</ele>
      </trkpt>
      <trkpt lat="35.56185" lon="139.72509">
        <ele>8.3</ele>
      </trkpt>
      <trkpt lat="35.56185" lon="139.72509">
        <ele>8.3</ele>
      </trkpt>
      <trkpt lat="35.56225" lon="139.72539">
        <ele>7.7</ele>
      </trkpt>
      <trkpt lat="35.56265" lon="139.72569">
        <ele>8.1</ele>
      </trkpt>
      <trkpt lat="35.56265" lon="139.72569">
        <ele>8.1</ele>
      </trkpt>
      <trkpt lat="35.56334" lon="139.72622">
        <ele>7.4</ele>
      </trkpt>
      <trkpt lat="35.56334" lon="139.72622">
        <ele>7.4</ele>
      </trkpt>
      <trkpt lat="35.56392" lon="139.72666">
        <ele>5.2</ele>
      </trkpt>
      <trkpt lat="35.56392" lon="139.72666">
        <ele>5.2</ele>
      </trkpt>
      <trkpt lat="35.56454" lon="139.72712">
        <ele>5.6</ele>
      </trkpt>
      <trkpt lat="35.56454" lon="139.72712">
        <ele>5.6</ele>
      </trkpt>
      <trkpt lat="35.56517" lon="139.72758">
        <ele>7.5</ele>
      </trkpt>
      <trkpt lat="35.56517" lon="139.72758">
        <ele>7.5</ele>
      </trkpt>
      <trkpt lat="35.5658" lon="139.72804">
        <ele>8.7</ele>
      </trkpt>
      <trkpt lat="35.5658" lon="139.72804">
        <ele>8.7</ele>
      </trkpt>
      <trkpt lat="35.56637" lon="139.72844">
        <ele>7.3</ele>
      </trkpt>
      <trkpt lat="35.56637" lon="139.72844">
        <ele>7.3</ele>
      </trkpt>
      <trkpt lat="35.56679" lon="139.72875">
        <ele>8.0</ele>
      </trkpt>
      <trkpt lat="35.56679" lon="139.72875">
        <ele>8.0</ele>
      </trkpt>
      <trkpt lat="35.56743" lon="139.72923">
        <ele>9.1</ele>
      </trkpt>
      <trkpt lat="35.56743" lon="139.72923">
        <ele>9.1</ele>
      </trkpt>
      <trkpt lat="35.56806" lon="139.72971">
        <ele>6.3</ele>
      </trkpt>
      <trkpt lat="35.56806" lon="139.72971">
        <ele>6.3</ele>
      </trkpt>
      <trkpt lat="35.56868" lon="139.73019">
        <ele>4.7</ele>
      </trkpt>
      <trkpt lat="35.56868" lon="139.73019">
        <ele>4.7</ele>
      </trkpt>
      <trkpt lat="35.56932" lon="139.73066">
        <ele>6.4</ele>
      </trkpt>
      <trkpt lat="35.56995" lon="139.73115">
        <ele>9.1</ele>
      </trkpt>
      <trkpt lat="35.56995" lon="139.73115">
        <ele>9.1</ele>
      </trkpt>
      <trkpt lat="35.5705" lon="139.73157">
        <ele>10.7</ele>
      </trkpt>
      <trkpt lat="35.57058" lon="139.73162">
        <ele>10.7</ele>
      </trkpt>
      <trkpt lat="35.57058" lon="139.73162">
        <ele>10.7</ele>
      </trkpt>
      <trkpt lat="35.57108" lon="139.7319">
        <ele>9.8</ele>
      </trkpt>
      <trkpt lat="35.57115" lon="139.73195">
        <ele>9.8</ele>
      </trkpt>
      <trkpt lat="35.57115" lon="139.73195">
        <ele>9.8</ele>
      </trkpt>
      <trkpt lat="35.5716" lon="139.7323">
        <ele>9.9</ele>
      </trkpt>
      <trkpt lat="35.5716" lon="139.7323">
        <ele>9.9</ele>
      </trkpt>
      <trkpt lat="35.57204" lon="139.73264">
        <ele>9.1</ele>
      </trkpt>
      <trkpt lat="35.57204" lon="139.73264">
        <ele>9.1</ele>
      </trkpt>
      <trkpt lat="35.5725" lon="139.73299">
        <ele>8.2</ele>
      </trkpt>
      <trkpt lat="35.5725" lon="139.73299">
        <ele>8.2</ele>
      </trkpt>
      <trkpt lat="35.57295" lon="139.73334">
        <ele>10.1</ele>
      </trkpt>
      <trkpt lat="35.57295" lon="139.73334">
        <ele>10.1</ele>
      </trkpt>
      <trkpt lat="35.57325" lon="139.73353">
        <ele>10.1</ele>
      </trkpt>
      <trkpt lat="35.57345" lon="139.73364">
        <ele>10.2</ele>
      </trkpt>
      <trkpt lat="35.57345" lon="139.73364">
        <ele>10.2</ele>
      </trkpt>
      <trkpt lat="35.57397" lon="139.73382">
        <ele>10.8</ele>
      </trkpt>
      <trkpt lat="35.57397" lon="139.73382">
        <ele>10.8</ele>
      </trkpt>
      <trkpt lat="35.57419" lon="139.73389">
        <ele>11.1</ele>
      </trkpt>
      <trkpt lat="35.57451" lon="139.73397">
        <ele>12.2</ele>
      </trkpt>
      <trkpt lat="35.57451" lon="139.73397">
        <ele>12.2</ele>
      </trkpt>
      <trkpt lat="35.57466" lon="139.73401">
        <ele>13.0</ele>
      </trkpt>
      <trkpt lat="35.57489" lon="139.73405">
        <ele>14.4</ele>
      </trkpt>
      <trkpt lat="35.57507" lon="139.73411">
        <ele>12.9</ele>
      </trkpt>
      <trkpt lat="35.57507" lon="139.73411">
        <ele>12.9</ele>
      </trkpt>
      <trkpt lat="35.57518" lon="139.73415">
        <ele>11.9</ele>
      </trkpt>
      <trkpt lat="35.5753" lon="139.73419">
        <ele>10.9</ele>
      </trkpt>
      <trkpt lat="35.57571" lon="139.73433">
        <ele>7.6</ele>
      </trkpt>
      <trkpt lat="35.57639" lon="139.73455">
        <ele>6.6</ele>
      </trkpt>
      <trkpt lat="35.57639" lon="139.73455">
        <ele>6.6</ele>
      </trkpt>
      <trkpt lat="35.57674" lon="139.73467">
        <ele>7.1</ele>
      </trkpt>
      <trkpt lat="35.57703" lon="139.73476">
        <ele>8.8</ele>
      </trkpt>
      <trkpt lat="35.57703" lon="139.73476">
        <ele>8.8</ele>
      </trkpt>
      <trkpt lat="35.57758" lon="139.73494">
        <ele>11.1</ele>
      </trkpt>
      <trkpt lat="35.57758" lon="139.73494">
        <ele>11.1</ele>
      </trkpt>
      <trkpt lat="35.57814" lon="139.73512">
        <ele>6.6</ele>
      </trkpt>
      <trkpt lat="35.57814" lon="139.73512">
        <ele>6.6</ele>
      </trkpt>
      <trkpt lat="35.57863" lon="139.73529">
        <ele>6.5</ele>
      </trkpt>
      <trkpt lat="35.57863" lon="139.73529">
        <ele>6.5</ele>
      </trkpt>
      <trkpt lat="35.57911" lon="139.73544">
        <ele>8.4</ele>
      </trkpt>
      <trkpt lat="35.57911" lon="139.73544">
        <ele>8.4</ele>
      </trkpt>
      <trkpt lat="35.5797" lon="139.73565">
        <ele>9.5</ele>
      </trkpt>
      <trkpt lat="35.5797" lon="139.73565">
        <ele>9.5</ele>
      </trkpt>
      <trkpt lat="35.57992" lon="139.73572">
        <ele>9.7</ele>
      </trkpt>
      <trkpt lat="35.58012" lon="139.73583">
        <ele>9.6</ele>
      </trkpt>
      <trkpt lat="35.58028" lon="139.73588">
        <ele>9.0</ele>
      </trkpt>
      <trkpt lat="35.58028" lon="139.73588">
        <ele>9.0</ele>
      </trkpt>
      <trkpt lat="35.58094" lon="139.73611">
        <ele>7.9</ele>
      </trkpt>
      <trkpt lat="35.58094" lon="139.73611">
        <ele>7.9</ele>
      </trkpt>
      <trkpt lat="35.58138" lon="139.73626">
        <ele>7.9</ele>
      </trkpt>
      <trkpt lat="35.58167" lon="139.73635">
        <ele>7.9</ele>
      </trkpt>
      <trkpt lat="35.58167" lon="139.73635">
        <ele>7.9</ele>
      </trkpt>
      <trkpt lat="35.58189" lon="139.73641">
        <ele>8.1</ele>
      </trkpt>
      <trkpt lat="35.58208" lon="139.73645">
        <ele>8.1</ele>
      </trkpt>
      <trkpt lat="35.58241" lon="139.73646">
        <ele>8.0</ele>
      </trkpt>
      <trkpt lat="35.58241" lon="139.73646">
        <ele>8.0</ele>
      </trkpt>
      <trkpt lat="35.58259" lon="139.73646">
        <ele>7.9</ele>
      </trkpt>
      <trkpt lat="35.58278" lon="139.73645">
        <ele>7.7</ele>
      </trkpt>
      <trkpt lat="35.58326" lon="139.73639">
        <ele>7.1</ele>
      </trkpt>
      <trkpt lat="35.58326" lon="139.73639">
        <ele>7.1</ele>
      </trkpt>
      <trkpt lat="35.58406" lon="139.73628">
        <ele>-0.7</ele>
      </trkpt>
      <trkpt lat="35.58406" lon="139.73628">
        <ele>-0.7</ele>
      </trkpt>
      <trkpt lat="35.5845" lon="139.7362">
        <ele>0.4</ele>
      </trkpt>
      <trkpt lat="35.58486" lon="139.73613">
        <ele>2.4</ele>
      </trkpt>
      <trkpt lat="35.58486" lon="139.73613">
        <ele>2.4</ele>
      </trkpt>
      <trkpt lat="35.5856" lon="139.73598">
        <ele>15.3</ele>
      </trkpt>
      <trkpt lat="35.5856" lon="139.73598">
        <ele>15.3</ele>
      </trkpt>
      <trkpt lat="35.58635" lon="139.73584">
        <ele>15.1</ele>
      </trkpt>
      <trkpt lat="35.58635" lon="139.73584">
        <ele>15.1</ele>
      </trkpt>
      <trkpt lat="35.58677" lon="139.73576">
        <ele>11.8</ele>
      </trkpt>
      <trkpt lat="35.58709" lon="139.73573">
        <ele>12.7</ele>
      </trkpt>
      <trkpt lat="35.58709" lon="139.73573">
        <ele>12.7</ele>
      </trkpt>
      <trkpt lat="35.58743" lon="139.73571">
        <ele>13.5</ele>
      </trkpt>
      <trkpt lat="35.58785" lon="139.73572">
        <ele>14.5</ele>
      </trkpt>
      <trkpt lat="35.58785" lon="139.73572">
        <ele>14.5</ele>
      </trkpt>
      <trkpt lat="35.58863" lon="139.73575">
        <ele>16.5</ele>
      </trkpt>
      <trkpt lat="35.58863" lon="139.73575">
        <ele>16.5</ele>
      </trkpt>
      <trkpt lat="35.58944" lon="139.73579">
        <ele>16.0</ele>
      </trkpt>
      <trkpt lat="35.58944" lon="139.73579">
        <ele>16.0</ele>
      </trkpt>
      <trkpt lat="35.58996" lon="139.73584">
        <ele>12.3</ele>
      </trkpt>
      <trkpt lat="35.59021" lon="139.73588">
        <ele>10.5</ele>
      </trkpt>
      <trkpt lat="35.59021" lon="139.73588">
        <ele>10.5</ele>
      </trkpt>
      <trkpt lat="35.59106" lon="139.73599">
        <ele>7.3</ele>
      </trkpt>
      <trkpt lat="35.59106" lon="139.73599">
        <ele>7.3</ele>
      </trkpt>
      <trkpt lat="35.59125" lon="139.73602">
        <ele>8.3</ele>
      </trkpt>
      <trkpt lat="35.59148" lon="139.73605">
        <ele>9.3</ele>
      </trkpt>
      <trkpt lat="35.59188" lon="139.73615">
        <ele>10.8</ele>
      </trkpt>
      <trkpt lat="35.59188" lon="139.73615">
        <ele>10.8</ele>
      </trkpt>
      <trkpt lat="35.59213" lon="139.73622">
        <ele>11.7</ele>
      </trkpt>
      <trkpt lat="35.59225" lon="139.73624">
        <ele>12.1</ele>
      </trkpt>
      <trkpt lat="35.59257" lon="139.73627">
        <ele>12.6</ele>
      </trkpt>
      <trkpt lat="35.59266" lon="139.73627">
        <ele>12.1</ele>
      </trkpt>
      <trkpt lat="35.59266" lon="139.73627">
        <ele>12.1</ele>
      </trkpt>
      <trkpt lat="35.593" lon="139.73628">
        <ele>10.2</ele>
      </trkpt>
      <trkpt lat="35.59333" lon="139.73626">
        <ele>8.5</ele>
      </trkpt>
      <trkpt lat="35.59333" lon="139.73626">
        <ele>8.5</ele>
      </trkpt>
      <trkpt lat="35.59382" lon="139.73626">
        <ele>6.2</ele>
      </trkpt>
      <trkpt lat="35.59421" lon="139.73628">
        <ele>4.7</ele>
      </trkpt>
      <trkpt lat="35.59421" lon="139.73628">
        <ele>4.7</ele>
      </trkpt>
      <trkpt lat="35.5944" lon="139.73632">
        <ele>5.1</ele>
      </trkpt>
      <trkpt lat="35.59498" lon="139.73647">
        <ele>6.5</ele>
      </trkpt>
      <trkpt lat="35.59507" lon="139.73651">
        <ele>6.6</ele>
      </trkpt>
      <trkpt lat="35.59507" lon="139.73651">
        <ele>6.6</ele>
      </trkpt>
      <trkpt lat="35.59528" lon="139.73658">
        <ele>6.6</ele>
      </trkpt>
      <trkpt lat="35.5959" lon="139.73687">
        <ele>6.3</ele>
      </trkpt>
      <trkpt lat="35.5959" lon="139.73687">
        <ele>6.3</ele>
      </trkpt>
      <trkpt lat="35.59637" lon="139.73708">
        <ele>8.6</ele>
      </trkpt>
      <trkpt lat="35.59683" lon="139.7373">
        <ele>9.7</ele>
      </trkpt>
      <trkpt lat="35.59683" lon="139.7373">
        <ele>9.7</ele>
      </trkpt>
      <trkpt lat="35.5973" lon="139.73752">
        <ele>9.2</ele>
      </trkpt>
      <trkpt lat="35.59777" lon="139.73774">
        <ele>9.5</ele>
      </trkpt>
      <trkpt lat="35.59777" lon="139.73774">
        <ele>9.5</ele>
      </trkpt>
      <trkpt lat="35.59823" lon="139.73796">
        <ele>10.7</ele>
      </trkpt>
      <trkpt lat="35.59825" lon="139.73797">
        <ele>10.8</ele>
      </trkpt>
      <trkpt lat="35.59832" lon="139.738">
        <ele>11.0</ele>
      </trkpt>
      <trkpt lat="35.59839" lon="139.73804">
        <ele>11.2</ele>
      </trkpt>
      <trkpt lat="35.5987" lon="139.73818">
        <ele>12.1</ele>
      </trkpt>
      <trkpt lat="35.5987" lon="139.73818">
        <ele>12.1</ele>
      </trkpt>
      <trkpt lat="35.59918" lon="139.7384">
        <ele>14.3</ele>
      </trkpt>
      <trkpt lat="35.59966" lon="139.73862">
        <ele>9.3</ele>
      </trkpt>
      <trkpt lat="35.59966" lon="139.73862">
        <ele>9.3</ele>
      </trkpt>
      <trkpt lat="35.60012" lon="139.73884">
        <ele>7.2</ele>
      </trkpt>
      <trkpt lat="35.60059" lon="139.73905">
        <ele>8.2</ele>
      </trkpt>
      <trkpt lat="35.60059" lon="139.73905">
        <ele>8.2</ele>
      </trkpt>
      <trkpt lat="35.60131" lon="139.73939">
        <ele>9.0</ele>
      </trkpt>
      <trkpt lat="35.60131" lon="139.73939">
        <ele>9.0</ele>
      </trkpt>
      <trkpt lat="35.60191" lon="139.73968">
        <ele>9.6</ele>
      </trkpt>
      <trkpt lat="35.60191" lon="139.73968">
        <ele>9.6</ele>
      </trkpt>
      <trkpt lat="35.60239" lon="139.7399">
        <ele>9.2</ele>
      </trkpt>
      <trkpt lat="35.60253" lon="139.73998">
        <ele>9.0</ele>
      </trkpt>
      <trkpt lat="35.60253" lon="139.73998">
        <ele>9.0</ele>
      </trkpt>
      <trkpt lat="35.60271" lon="139.74008">
        <ele>9.0</ele>
      </trkpt>
      <trkpt lat="35.60305" lon="139.74027">
        <ele>9.0</ele>
      </trkpt>
      <trkpt lat="35.60314" lon="139.74034">
        <ele>9.0</ele>
      </trkpt>
      <trkpt lat="35.60314" lon="139.74034">
        <ele>9.0</ele>
      </trkpt>
      <trkpt lat="35.60327" lon="139.74043">
        <ele>9.0</ele>
      </trkpt>
      <trkpt lat="35.60367" lon="139.74075">
        <ele>8.4</ele>
      </trkpt>
      <trkpt lat="35.60367" lon="139.74075">
        <ele>8.4</ele>
      </trkpt>
      <trkpt lat="35.60422" lon="139.74122">
        <ele>7.4</ele>
      </trkpt>
      <trkpt lat="35.60422" lon="139.74122">
        <ele>7.4</ele>
      </trkpt>
      <trkpt lat="35.60478" lon="139.7417">
        <ele>9.1</ele>
      </trkpt>
      <trkpt lat="35.60478" lon="139.7417">
        <ele>9.1</ele>
      </trkpt>
      <trkpt lat="35.6054" lon="139.74222">
        <ele>8.1</ele>
      </trkpt>
      <trkpt lat="35.6054" lon="139.74222">
        <ele>8.1</ele>
      </trkpt>
      <trkpt lat="35.60605" lon="139.74275">
        <ele>7.8</ele>
      </trkpt>
      <trkpt lat="35.60605" lon="139.74275">
        <ele>7.8</ele>
      </trkpt>
      <trkpt lat="35.6062" lon="139.74288">
        <ele>8.2</ele>
      </trkpt>
      <trkpt lat="35.6063" lon="139.74295">
        <ele>8.3</ele>
      </trkpt>
      <trkpt lat="35.60641" lon="139.74301">
        <ele>8.4</ele>
      </trkpt>
      <trkpt lat="35.60658" lon="139.74308">
        <ele>8.5</ele>
      </trkpt>
      <trkpt lat="35.60666" lon="139.74309">
        <ele>8.6</ele>
      </trkpt>
      <trkpt lat="35.60673" lon="139.7431">
        <ele>8.6</ele>
      </trkpt>
      <trkpt lat="35.60679" lon="139.7431">
        <ele>8.7</ele>
      </trkpt>
      <trkpt lat="35.60692" lon="139.74308">
        <ele>8.9</ele>
      </trkpt>
      <trkpt lat="35.6076" lon="139.74291">
        <ele>8.6</ele>
      </trkpt>
      <trkpt lat="35.6076" lon="139.74291">
        <ele>8.6</ele>
      </trkpt>
      <trkpt lat="35.60836" lon="139.74271">
        <ele>10.9</ele>
      </trkpt>
      <trkpt lat="35.60836" lon="139.74271">
        <ele>10.9</ele>
      </trkpt>
      <trkpt lat="35.60884" lon="139.74259">
        <ele>9.9</ele>
      </trkpt>
      <trkpt lat="35.60932" lon="139.74247">
        <ele>10.3</ele>
      </trkpt>
      <trkpt lat="35.60932" lon="139.74247">
        <ele>10.3</ele>
      </trkpt>
      <trkpt lat="35.60982" lon="139.74235">
        <ele>13.5</ele>
      </trkpt>
      <trkpt lat="35.61032" lon="139.74222">
        <ele>13.5</ele>
      </trkpt>
      <trkpt lat="35.61032" lon="139.74222">
        <ele>13.5</ele>
      </trkpt>
      <trkpt lat="35.61119" lon="139.74201">
        <ele>13.8</ele>
      </trkpt>
      <trkpt lat="35.61119" lon="139.74201">
        <ele>13.8</ele>
      </trkpt>
      <trkpt lat="35.61206" lon="139.74179">
        <ele>17.2</ele>
      </trkpt>
      <trkpt lat="35.6129" lon="139.74158">
        <ele>12.4</ele>
      </trkpt>
      <trkpt lat="35.6129" lon="139.74158">
        <ele>12.4</ele>
      </trkpt>
      <trkpt lat="35.61335" lon="139.74146">
        <ele>9.5</ele>
      </trkpt>
      <trkpt lat="35.61379" lon="139.74135">
        <ele>9.4</ele>
      </trkpt>
      <trkpt lat="35.61379" lon="139.74135">
        <ele>9.4</ele>
      </trkpt>
      <trkpt lat="35.61453" lon="139.74117">
        <ele>8.2</ele>
      </trkpt>
      <trkpt lat="35.61466" lon="139.74115">
        <ele>7.7</ele>
      </trkpt>
      <trkpt lat="35.61466" lon="139.74115">
        <ele>7.7</ele>
      </trkpt>
      <trkpt lat="35.61491" lon="139.7411">
        <ele>6.4</ele>
      </trkpt>
      <trkpt lat="35.61511" lon="139.74108">
        <ele>6.2</ele>
      </trkpt>
      <trkpt lat="35.61565" lon="139.74105">
        <ele>7.9</ele>
      </trkpt>
      <trkpt lat="35.61565" lon="139.74105">
        <ele>7.9</ele>
      </trkpt>
      <trkpt lat="35.61594" lon="139.74103">
        <ele>8.3</ele>
      </trkpt>
      <trkpt lat="35.61619" lon="139.74102">
        <ele>8.7</ele>
      </trkpt>
      <trkpt lat="35.61654" lon="139.74099">
        <ele>9.3</ele>
      </trkpt>
      <trkpt lat="35.61654" lon="139.74099">
        <ele>9.3</ele>
      </trkpt>
      <trkpt lat="35.61683" lon="139.74096">
        <ele>9.5</ele>
      </trkpt>
      <trkpt lat="35.61738" lon="139.7409">
        <ele>9.8</ele>
      </trkpt>
      <trkpt lat="35.61738" lon="139.7409">
        <ele>9.8</ele>
      </trkpt>
      <trkpt lat="35.61823" lon="139.74082">
        <ele>10.0</ele>
      </trkpt>
      <trkpt lat="35.61823" lon="139.74082">
        <ele>10.0</ele>
      </trkpt>
      <trkpt lat="35.61897" lon="139.7407">
        <ele>12.1</ele>
      </trkpt>
      <trkpt lat="35.61908" lon="139.74067">
        <ele>12.5</ele>
      </trkpt>
      <trkpt lat="35.61908" lon="139.74067">
        <ele>12.5</ele>
      </trkpt>
      <trkpt lat="35.61935" lon="139.74057">
        <ele>13.8</ele>
      </trkpt>
      <trkpt lat="35.61956" lon="139.74047">
        <ele>14.9</ele>
      </trkpt>
      <trkpt lat="35.61975" lon="139.74037">
        <ele>16.0</ele>
      </trkpt>
      <trkpt lat="35.61995" lon="139.74025">
        <ele>17.3</ele>
      </trkpt>
      <trkpt lat="35.61995" lon="139.74025">
        <ele>17.3</ele>
      </trkpt>
      <trkpt lat="35.62038" lon="139.73997">
        <ele>14.9</ele>
      </trkpt>
      <trkpt lat="35.62081" lon="139.73969">
        <ele>11.3</ele>
      </trkpt>
      <trkpt lat="35.62081" lon="139.73969">
        <ele>11.3</ele>
      </trkpt>
      <trkpt lat="35.62124" lon="139.7394">
        <ele>14.3</ele>
      </trkpt>
      <trkpt lat="35.62168" lon="139.73911">
        <ele>18.1</ele>
      </trkpt>
      <trkpt lat="35.62168" lon="139.73911">
        <ele>18.1</ele>
      </trkpt>
      <trkpt lat="35.62212" lon="139.73883">
        <ele>16.1</ele>
      </trkpt>
      <trkpt lat="35.62256" lon="139.73855">
        <ele>15.8</ele>
      </trkpt>
      <trkpt lat="35.62256" lon="139.73855">
        <ele>15.8</ele>
      </trkpt>
      <trkpt lat="35.62269" lon="139.73846">
        <ele>15.7</ele>
      </trkpt>
      <trkpt lat="35.62316" lon="139.73815">
        <ele>15.5</ele>
      </trkpt>
      <trkpt lat="35.62337" lon="139.73804">
        <ele>15.4</ele>
      </trkpt>
      <trkpt lat="35.62346" lon="139.73801">
        <ele>15.5</ele>
      </trkpt>
      <trkpt lat="35.62346" lon="139.73801">
        <ele>15.5</ele>
      </trkpt>
      <trkpt lat="35.62354" lon="139.73798">
        <ele>15.6</ele>
      </trkpt>
      <trkpt lat="35.62368" lon="139.73795">
        <ele>15.8</ele>
      </trkpt>
      <trkpt lat="35.62391" lon="139.73794">
        <ele>15.7</ele>
      </trkpt>
      <trkpt lat="35.62423" lon="139.738">
        <ele>14.7</ele>
      </trkpt>
      <trkpt lat="35.62423" lon="139.738">
        <ele>14.7</ele>
      </trkpt>
      <trkpt lat="35.62458" lon="139.73808">
        <ele>16.1</ele>
      </trkpt>
      <trkpt lat="35.62473" lon="139.7381">
        <ele>17.1</ele>
      </trkpt>
      <trkpt lat="35.62495" lon="139.73811">
        <ele>18.8</ele>
      </trkpt>
      <trkpt lat="35.62505" lon="139.7381">
        <ele>19.2</ele>
      </trkpt>
      <trkpt lat="35.62505" lon="139.7381">
        <ele>19.2</ele>
      </trkpt>
      <trkpt lat="35.62519" lon="139.73809">
        <ele>18.6</ele>
      </trkpt>
      <trkpt lat="35.62536" lon="139.73805">
        <ele>18.1</ele>
      </trkpt>
      <trkpt lat="35.62573" lon="139.73793">
        <ele>16.0</ele>
      </trkpt>
      <trkpt lat="35.62573" lon="139.73793">
        <ele>16.0</ele>
      </trkpt>
      <trkpt lat="35.62624" lon="139.73777">
        <ele>11.5</ele>
      </trkpt>
      <trkpt lat="35.62654" lon="139.7377">
        <ele>9.3</ele>
      </trkpt>
      <trkpt lat="35.62654" lon="139.7377">
        <ele>9.3</ele>
      </trkpt>
      <trkpt lat="35.62712" lon="139.73759">
        <ele>13.2</ele>
      </trkpt>
      <trkpt lat="35.6273" lon="139.73756">
        <ele>14.9</ele>
      </trkpt>
      <trkpt lat="35.6273" lon="139.73756">
        <ele>14.9</ele>
      </trkpt>
      <trkpt lat="35.6275" lon="139.73753">
        <ele>16.8</ele>
      </trkpt>
      <trkpt lat="35.62806" lon="139.73748">
        <ele>23.1</ele>
      </trkpt>
      <trkpt lat="35.62806" lon="139.73748">
        <ele>23.1</ele>
      </trkpt>
      <trkpt lat="35.62868" lon="139.73746">
        <ele>26.4</ele>
      </trkpt>
      <trkpt lat="35.62885" lon="139.73746">
        <ele>26.6</ele>
      </trkpt>
      <trkpt lat="35.62885" lon="139.73746">
        <ele>26.6</ele>
      </trkpt>
      <trkpt lat="35.62901" lon="139.73745">
        <ele>27.0</ele>
      </trkpt>
      <trkpt lat="35.62973" lon="139.73745">
        <ele>29.4</ele>
      </trkpt>
      <trkpt lat="35.62973" lon="139.73745">
        <ele>29.4</ele>
      </trkpt>
      <trkpt lat="35.6299" lon="139.73745">
        <ele>30.1</ele>
      </trkpt>
      <trkpt lat="35.63061" lon="139.73748">
        <ele>26.0</ele>
      </trkpt>
      <trkpt lat="35.63061" lon="139.73748">
        <ele>26.0</ele>
      </trkpt>
      <trkpt lat="35.63133" lon="139.73752">
        <ele>22.5</ele>
      </trkpt>
      <trkpt lat="35.6315" lon="139.73754">
        <ele>21.7</ele>
      </trkpt>
      <trkpt lat="35.6315" lon="139.73754">
        <ele>21.7</ele>
      </trkpt>
      <trkpt lat="35.63187" lon="139.73758">
        <ele>19.9</ele>
      </trkpt>
      <trkpt lat="35.63214" lon="139.73762">
        <ele>18.2</ele>
      </trkpt>
      <trkpt lat="35.63214" lon="139.73762">
        <ele>18.2</ele>
      </trkpt>
      <trkpt lat="35.63288" lon="139.73777">
        <ele>15.9</ele>
      </trkpt>
      <trkpt lat="35.63288" lon="139.73777">
        <ele>15.9</ele>
      </trkpt>
      <trkpt lat="35.6332" lon="139.73784">
        <ele>15.3</ele>
      </trkpt>
      <trkpt lat="35.63353" lon="139.73792">
        <ele>14.0</ele>
      </trkpt>
      <trkpt lat="35.63353" lon="139.73792">
        <ele>14.0</ele>
      </trkpt>
      <trkpt lat="35.63392" lon="139.73803">
        <ele>12.7</ele>
      </trkpt>
      <trkpt lat="35.6342" lon="139.73811">
        <ele>12.3</ele>
      </trkpt>
      <trkpt lat="35.6342" lon="139.73811">
        <ele>12.3</ele>
      </trkpt>
      <trkpt lat="35.63477" lon="139.7383">
        <ele>12.0</ele>
      </trkpt>
      <trkpt lat="35.63477" lon="139.7383">
        <ele>12.0</ele>
      </trkpt>
      <trkpt lat="35.63539" lon="139.73852">
        <ele>13.7</ele>
      </trkpt>
      <trkpt lat="35.63539" lon="139.73852">
        <ele>13.7</ele>
      </trkpt>
      <trkpt lat="35.63607" lon="139.73877">
        <ele>16.7</ele>
      </trkpt>
      <trkpt lat="35.63607" lon="139.73877">
        <ele>16.7</ele>
      </trkpt>
      <trkpt lat="35.63674" lon="139.73901">
        <ele>12.5</ele>
      </trkpt>
      <trkpt lat="35.63674" lon="139.73901">
        <ele>12.5</ele>
      </trkpt>
      <trkpt lat="35.63743" lon="139.73928">
        <ele>19.1</ele>
      </trkpt>
      <trkpt lat="35.63743" lon="139.73928">
        <ele>19.1</ele>
      </trkpt>
      <trkpt lat="35.63759" lon="139.73935">
        <ele>19.7</ele>
      </trkpt>
      <trkpt lat="35.63773" lon="139.73941">
        <ele>19.5</ele>
      </trkpt>
      <trkpt lat="35.63804" lon="139.73958">
        <ele>19.2</ele>
      </trkpt>
      <trkpt lat="35.63804" lon="139.73958">
        <ele>19.2</ele>
      </trkpt>
      <trkpt lat="35.63864" lon="139.73991">
        <ele>19.4</ele>
      </trkpt>
      <trkpt lat="35.63864" lon="139.73991">
        <ele>19.4</ele>
      </trkpt>
      <trkpt lat="35.63924" lon="139.74025">
        <ele>22.5</ele>
      </trkpt>
      <trkpt lat="35.63924" lon="139.74025">
        <ele>22.5</ele>
      </trkpt>
      <trkpt lat="35.63984" lon="139.74057">
        <ele>21.7</ele>
      </trkpt>
      <trkpt lat="35.63984" lon="139.74057">
        <ele>21.7</ele>
      </trkpt>
      <trkpt lat="35.6403" lon="139.74084">
        <ele>19.9</ele>
      </trkpt>
      <trkpt lat="35.64048" lon="139.74091">
        <ele>18.8</ele>
      </trkpt>
      <trkpt lat="35.64048" lon="139.74091">
        <ele>18.8</ele>
      </trkpt>
      <trkpt lat="35.64111" lon="139.74116">
        <ele>16.3</ele>
      </trkpt>
      <trkpt lat="35.64111" lon="139.74116">
        <ele>16.3</ele>
      </trkpt>
      <trkpt lat="35.64133" lon="139.74125">
        <ele>15.9</ele>
      </trkpt>
      <trkpt lat="35.64167" lon="139.74143">
        <ele>15.7</ele>
      </trkpt>
      <trkpt lat="35.64167" lon="139.74143">
        <ele>15.7</ele>
      </trkpt>
      <trkpt lat="35.64214" lon="139.7417">
        <ele>14.8</ele>
      </trkpt>
      <trkpt lat="35.64214" lon="139.7417">
        <ele>14.8</ele>
      </trkpt>
      <trkpt lat="35.64245" lon="139.74188">
        <ele>13.6</ele>
      </trkpt>
      <trkpt lat="35.64265" lon="139.74201">
        <ele>14.6</ele>
      </trkpt>
      <trkpt lat="35.64265" lon="139.74201">
        <ele>14.6</ele>
      </trkpt>
      <trkpt lat="35.64289" lon="139.74217">
        <ele>17.1</ele>
      </trkpt>
      <trkpt lat="35.64336" lon="139.74245">
        <ele>23.2</ele>
      </trkpt>
      <trkpt lat="35.64336" lon="139.74245">
        <ele>23.2</ele>
      </trkpt>
      <trkpt lat="35.64363" lon="139.74261">
        <ele>18.7</ele>
      </trkpt>
      <trkpt lat="35.64392" lon="139.74282">
        <ele>15.6</ele>
      </trkpt>
      <trkpt lat="35.64425" lon="139.74312">
        <ele>16.8</ele>
      </trkpt>
      <trkpt lat="35.64425" lon="139.74312">
        <ele>16.8</ele>
      </trkpt>
      <trkpt lat="35.64465" lon="139.74348">
        <ele>21.2</ele>
      </trkpt>
      <trkpt lat="35.64482" lon="139.74368">
        <ele>22.4</ele>
      </trkpt>
      <trkpt lat="35.64511" lon="139.74404">
        <ele>23.1</ele>
      </trkpt>
      <trkpt lat="35.64511" lon="139.74404">
        <ele>23.1</ele>
      </trkpt>
      <trkpt lat="35.64522" lon="139.74418">
        <ele>23.2</ele>
      </trkpt>
      <trkpt lat="35.6453" lon="139.74429">
        <ele>23.0</ele>
      </trkpt>
      <trkpt lat="35.64552" lon="139.74465">
        <ele>24.2</ele>
      </trkpt>
      <trkpt lat="35.6459" lon="139.74525">
        <ele>25.8</ele>
      </trkpt>
      <trkpt lat="35.6459" lon="139.74525">
        <ele>25.8</ele>
      </trkpt>
      <trkpt lat="35.64619" lon="139.74574">
        <ele>19.5</ele>
      </trkpt>
      <trkpt lat="35.64636" lon="139.74604">
        <ele>17.5</ele>
      </trkpt>
      <trkpt lat="35.64674" lon="139.7468">
        <ele>14.6</ele>
      </trkpt>
      <trkpt lat="35.64676" lon="139.74685">
        <ele>14.8</ele>
      </trkpt>
      <trkpt lat="35.64702" lon="139.74739">
        <ele>15.6</ele>
      </trkpt>
      <trkpt lat="35.64731" lon="139.74806">
        <ele>15.8</ele>
      </trkpt>
      <trkpt lat="35.64731" lon="139.74806">
        <ele>15.8</ele>
      </trkpt>
      <trkpt lat="35.64764" lon="139.74873">
        <ele>20.3</ele>
      </trkpt>
      <trkpt lat="35.64841" lon="139.74885">
        <ele>34.9</ele>
      </trkpt>
      <trkpt lat="35.64918" lon="139.74897">
        <ele>31.5</ele>
      </trkpt>
      <trkpt lat="35.64965" lon="139.74905">
        <ele>18.3</ele>
      </trkpt>
      <trkpt lat="35.64965" lon="139.74905">
        <ele>18.3</ele>
      </trkpt>
      <trkpt lat="35.65027" lon="139.74916">
        <ele>11.6</ele>
      </trkpt>
      <trkpt lat="35.65088" lon="139.74926">
        <ele>17.7</ele>
      </trkpt>
      <trkpt lat="35.6515" lon="139.74936">
        <ele>28.3</ele>
      </trkpt>
      <trkpt lat="35.65197" lon="139.74945">
        <ele>28.6</ele>
      </trkpt>
      <trkpt lat="35.65245" lon="139.74953">
        <ele>26.2</ele>
      </trkpt>
      <trkpt lat="35.65245" lon="139.74953">
        <ele>26.2</ele>
      </trkpt>
      <trkpt lat="35.65284" lon="139.74961">
        <ele>22.6</ele>
      </trkpt>
      <trkpt lat="35.653" lon="139.74964">
        <ele>21.1</ele>
      </trkpt>
      <trkpt lat="35.65321" lon="139.74967">
        <ele>19.2</ele>
      </trkpt>
      <trkpt lat="35.65407" lon="139.74979">
        <ele>11.4</ele>
      </trkpt>
      <trkpt lat="35.65493" lon="139.74991">
        <ele>4.3</ele>
      </trkpt>
      <trkpt lat="35.65493" lon="139.74991">
        <ele>4.3</ele>
      </trkpt>
      <trkpt lat="35.65548" lon="139.74997">
        <ele>8.8</ele>
      </trkpt>
      <trkpt lat="35.65603" lon="139.75003">
        <ele>14.3</ele>
      </trkpt>
      <trkpt lat="35.65622" lon="139.75004">
        <ele>15.2</ele>
      </trkpt>
      <trkpt lat="35.65673" lon="139.75012">
        <ele>16.5</ele>
      </trkpt>
      <trkpt lat="35.65724" lon="139.75021">
        <ele>14.0</ele>
      </trkpt>
      <trkpt lat="35.65759" lon="139.75027">
        <ele>13.3</ele>
      </trkpt>
      <trkpt lat="35.65833" lon="139.75041">
        <ele>12.9</ele>
      </trkpt>
      <trkpt lat="35.65908" lon="139.75054">
        <ele>11.5</ele>
      </trkpt>
      <trkpt lat="35.65908" lon="139.75054">
        <ele>11.5</ele>
      </trkpt>
      <trkpt lat="35.6593" lon="139.7506">
        <ele>12.4</ele>
      </trkpt>
      <trkpt lat="35.65957" lon="139.75071">
        <ele>14.8</ele>
      </trkpt>
      <trkpt lat="35.66003" lon="139.75093">
        <ele>19.2</ele>
      </trkpt>
      <trkpt lat="35.66003" lon="139.75093">
        <ele>19.2</ele>
      </trkpt>
      <trkpt lat="35.66064" lon="139.75122">
        <ele>15.0</ele>
      </trkpt>
      <trkpt lat="35.66064" lon="139.75122">
        <ele>15.0</ele>
      </trkpt>
      <trkpt lat="35.66143" lon="139.75159">
        <ele>19.3</ele>
      </trkpt>
      <trkpt lat="35.66143" lon="139.75159">
        <ele>19.3</ele>
      </trkpt>
      <trkpt lat="35.66188" lon="139.7518">
        <ele>21.8</ele>
      </trkpt>
      <trkpt lat="35.66232" lon="139.75201">
        <ele>22.7</ele>
      </trkpt>
      <trkpt lat="35.66232" lon="139.75201">
        <ele>22.7</ele>
      </trkpt>
      <trkpt lat="35.66278" lon="139.75224">
        <ele>23.1</ele>
      </trkpt>
      <trkpt lat="35.66324" lon="139.75246">
        <ele>23.8</ele>
      </trkpt>
      <trkpt lat="35.66324" lon="139.75246">
        <ele>23.8</ele>
      </trkpt>
      <trkpt lat="35.66376" lon="139.7527">
        <ele>20.2</ele>
      </trkpt>
      <trkpt lat="35.66428" lon="139.75294">
        <ele>17.8</ele>
      </trkpt>
      <trkpt lat="35.66428" lon="139.75294">
        <ele>17.8</ele>
      </trkpt>
      <trkpt lat="35.66502" lon="139.75328">
        <ele>15.3</ele>
      </trkpt>
      <trkpt lat="35.66548" lon="139.75348">
        <ele>18.6</ele>
      </trkpt>
      <trkpt lat="35.66548" lon="139.75348">
        <ele>18.6</ele>
      </trkpt>
      <trkpt lat="35.66564" lon="139.75354">
        <ele>19.7</ele>
      </trkpt>
      <trkpt lat="35.66609" lon="139.75375">
        <ele>21.2</ele>
      </trkpt>
      <trkpt lat="35.66653" lon="139.75397">
        <ele>22.1</ele>
      </trkpt>
      <trkpt lat="35.66687" lon="139.75411">
        <ele>22.1</ele>
      </trkpt>
      <trkpt lat="35.66738" lon="139.75435">
        <ele>21.1</ele>
      </trkpt>
      <trkpt lat="35.66738" lon="139.75435">
        <ele>21.1</ele>
      </trkpt>
      <trkpt lat="35.66819" lon="139.75473">
        <ele>27.3</ele>
      </trkpt>
      <trkpt lat="35.66901" lon="139.7551">
        <ele>41.6</ele>
      </trkpt>
      <trkpt lat="35.66901" lon="139.7551">
        <ele>41.6</ele>
      </trkpt>
      <trkpt lat="35.66921" lon="139.7552">
        <ele>42.2</ele>
      </trkpt>
      <trkpt lat="35.66961" lon="139.75535">
        <ele>38.6</ele>
      </trkpt>
      <trkpt lat="35.67015" lon="139.75568">
        <ele>41.2</ele>
      </trkpt>
      <trkpt lat="35.67068" lon="139.756">
        <ele>36.6</ele>
      </trkpt>
      <trkpt lat="35.67108" lon="139.75625">
        <ele>32.9</ele>
      </trkpt>
      <trkpt lat="35.67149" lon="139.7565">
        <ele>28.0</ele>
      </trkpt>
      <trkpt lat="35.67149" lon="139.7565">
        <ele>28.0</ele>
      </trkpt>
      <trkpt lat="35.67215" lon="139.75691">
        <ele>17.8</ele>
      </trkpt>
      <trkpt lat="35.67275" lon="139.75729">
        <ele>12.4</ele>
      </trkpt>
      <trkpt lat="35.67275" lon="139.75729">
        <ele>12.4</ele>
      </trkpt>
      <trkpt lat="35.67305" lon="139.75748">
        <ele>13.5</ele>
      </trkpt>
      <trkpt lat="35.67316" lon="139.75757">
        <ele>14.7</ele>
      </trkpt>
      <trkpt lat="35.67375" lon="139.75817">
        <ele>24.2</ele>
      </trkpt>
      <trkpt lat="35.67434" lon="139.75876">
        <ele>23.6</ele>
      </trkpt>
      <trkpt lat="35.67434" lon="139.75876">
        <ele>23.6</ele>
      </trkpt>
      <trkpt lat="35.67473" lon="139.75915">
        <ele>13.5</ele>
      </trkpt>
      <trkpt lat="35.67512" lon="139.75954">
        <ele>9.9</ele>
      </trkpt>
      <trkpt lat="35.67499" lon="139.75967">
        <ele>12.3</ele>
      </trkpt>
      <trkpt lat="35.67484" lon="139.75985">
        <ele>17.2</ele>
      </trkpt>
      <trkpt lat="35.6746" lon="139.76019">
        <ele>23.6</ele>
      </trkpt>
      <trkpt lat="35.6746" lon="139.76019">
        <ele>23.6</ele>
      </trkpt>
      <trkpt lat="35.67424" lon="139.7607">
        <ele>22.4</ele>
      </trkpt>
      <trkpt lat="35.67424" lon="139.76071">
        <ele>22.3</ele>
      </trkpt>
      <trkpt lat="35.67411" lon="139.76089">
        <ele>20.0</ele>
      </trkpt>
      <trkpt lat="35.67382" lon="139.76134">
        <ele>19.2</ele>
      </trkpt>
      <trkpt lat="35.67406" lon="139.76162">
        <ele>20.3</ele>
      </trkpt>
      <trkpt lat="35.67448" lon="139.76213">
        <ele>20.4</ele>
      </trkpt>
      <trkpt lat="35.6746" lon="139.76226">
        <ele>20.7</ele>
      </trkpt>
      <trkpt lat="35.67471" lon="139.76236">
        <ele>21.1</ele>
      </trkpt>
      <trkpt lat="35.67546" lon="139.7626">
        <ele>29.3</ele>
      </trkpt>
      <trkpt lat="35.67546" lon="139.7626">
        <ele>29.3</ele>
      </trkpt>
      <trkpt lat="35.67584" lon="139.76271">
        <ele>35.0</ele>
      </trkpt>
      <trkpt lat="35.67654" lon="139.76294">
        <ele>36.8</ele>
      </trkpt>
      <trkpt lat="35.67724" lon="139.76318">
        <ele>36.2</ele>
      </trkpt>
      <trkpt lat="35.67724" lon="139.76318">
        <ele>36.2</ele>
      </trkpt>
      <trkpt lat="35.67789" lon="139.7634">
        <ele>35.4</ele>
      </trkpt>
      <trkpt lat="35.67855" lon="139.76361">
        <ele>32.1</ele>
      </trkpt>
      <trkpt lat="35.67855" lon="139.76361">
        <ele>32.1</ele>
      </trkpt>
      <trkpt lat="35.67926" lon="139.76385">
        <ele>27.7</ele>
      </trkpt>
      <trkpt lat="35.67997" lon="139.76409">
        <ele>15.2</ele>
      </trkpt>
      <trkpt lat="35.67997" lon="139.76409">
        <ele>15.2</ele>
      </trkpt>
      <trkpt lat="35.68067" lon="139.76432">
        <ele>6.6</ele>
      </trkpt>
      <trkpt lat="35.68137" lon="139.76456">
        <ele>3.3</ele>
      </trkpt>
      <trkpt lat="35.68137" lon="139.76456">
        <ele>3.3</ele>
      </trkpt>
      <trkpt lat="35.68167" lon="139.76466">
        <ele>2.3</ele>
      </trkpt>
    </trkseg>
  </trk>
</gpx>
